uri,organization,collection,title,identifier,date_circa,authors,file_url,date_harvest,date_published,publisher,publication_place,props_Source,rights,rights_uri,rights_holder,tags,thumbnail_url,owner,last_modified,status,type,project,ingestion_status,ingestion_notes,ingested_url,ingested_on,subsets,language,country,series,Bucket
https://webarchive.nationalarchives.gov.uk/ukgwa/20160115224110mp_/https:/www.gov.uk/government/publications/removal-of-the-spare-room-subsidy-evaluation-final-report,department-for-work-and-pensions-gb,department-for-work-and-pensions-gb:national-archives,Removal of the Spare Room Subsidy evaluation: final report,,,,,,2015-12-17,Department for Work and Pensions,England,The National Archives,Contains public sector information licensed under the Open Government Licence v3.0.,https://webarchive.nationalarchives.gov.uk/ukgwa/20160107144900/https://www.nationalarchives.gov.uk/doc/open-government-licence/version/3/,© Crown copyright,research|analysis,,,5/16/2024 1:26pm,,report,POCO,,,,,POCO_POGO|POCO_POGO_GB|POCO_POGO_GB_V1,en,United Kingdom (GB),,DWP Reports
https://webarchive.nationalarchives.gov.uk/ukgwa/20160115224110mp_/https:/www.gov.uk/government/publications/pension-charges-survey-2015-charges-in-defined-contribution-pension-schemes,department-for-work-and-pensions-gb,department-for-work-and-pensions-gb:national-archives,Pension charges survey 2015: charges in defined contribution pension schemes,,,,,,2015-11-18,Department for Work and Pensions,England,The National Archives,Contains public sector information licensed under the Open Government Licence v3.0.,https://webarchive.nationalarchives.gov.uk/ukgwa/20160107144900/https://www.nationalarchives.gov.uk/doc/open-government-licence/version/3/,© Crown copyright,research|analysis,,,5/16/2024 1:26pm,,report,POCO,,,,,POCO_POGO|POCO_POGO_GB|POCO_POGO_GB_V1,en,United Kingdom (GB),,DWP Reports
https://webarchive.nationalarchives.gov.uk/ukgwa/20160115224110mp_/https:/www.gov.uk/government/publications/evaluation-of-the-plans-for-the-2014-to-2020-esf-programme-in-england,department-for-work-and-pensions-gb,department-for-work-and-pensions-gb:national-archives,Evaluation of the plans for the 2014 to 2020 ESF Programme in England,,,,,,2015-09-22,Department for Work and Pensions,England,The National Archives,Contains public sector information licensed under the Open Government Licence v3.0.,https://webarchive.nationalarchives.gov.uk/ukgwa/20160107144900/https://www.nationalarchives.gov.uk/doc/open-government-licence/version/3/,© Crown copyright,research|analysis,,,5/16/2024 1:26pm,,report,POCO,,,,,POCO_POGO|POCO_POGO_GB|POCO_POGO_GB_V1,en,United Kingdom (GB),,DWP Reports
https://webarchive.nationalarchives.gov.uk/ukgwa/20160115224110mp_/https:/www.gov.uk/government/publications/automatic-enrolment-evaluation-report-2015,department-for-work-and-pensions-gb,department-for-work-and-pensions-gb:national-archives,Automatic enrolment evaluation report 2015,,,,,,2015-07-30,Department for Work and Pensions,England,The National Archives,Contains public sector information licensed under the Open Government Licence v3.0.,https://webarchive.nationalarchives.gov.uk/ukgwa/20160107144900/https://www.nationalarchives.gov.uk/doc/open-government-licence/version/3/,© Crown copyright,research|analysis,,,5/16/2024 1:26pm,,report,POCO,,,,,POCO_POGO|POCO_POGO_GB|POCO_POGO_GB_V1,en,United Kingdom (GB),,DWP Reports
https://webarchive.nationalarchives.gov.uk/ukgwa/20160115224110mp_/https:/www.gov.uk/government/publications/attitudes-and-behaviours-of-self-employed-child-maintenance-clients-and-barriers-to-paying-child-maintenance,department-for-work-and-pensions-gb,department-for-work-and-pensions-gb:national-archives,Attitudes and behaviours of self-employed child maintenance clients and barriers to paying child maintenance,,,,,,2015-06-25,Department for Work and Pensions,England,The National Archives,Contains public sector information licensed under the Open Government Licence v3.0.,https://webarchive.nationalarchives.gov.uk/ukgwa/20160107144900/https://www.nationalarchives.gov.uk/doc/open-government-licence/version/3/,© Crown copyright,research|analysis,,,5/16/2024 1:26pm,,report,POCO,,,,,POCO_POGO|POCO_POGO_GB|POCO_POGO_GB_V1,en,United Kingdom (GB),,DWP Reports
https://webarchive.nationalarchives.gov.uk/ukgwa/20160115224110mp_/https:/www.gov.uk/government/publications/review-of-the-merlin-standard,department-for-work-and-pensions-gb,department-for-work-and-pensions-gb:national-archives,Review of the Merlin Standard,,,,,,2014-12-18,Department for Work and Pensions,England,The National Archives,Contains public sector information licensed under the Open Government Licence v3.0.,https://webarchive.nationalarchives.gov.uk/ukgwa/20160107144900/https://www.nationalarchives.gov.uk/doc/open-government-licence/version/3/,© Crown copyright,research|analysis,,,5/16/2024 1:26pm,,report,POCO,,,,,POCO_POGO|POCO_POGO_GB|POCO_POGO_GB_V1,en,United Kingdom (GB),,DWP Reports
https://webarchive.nationalarchives.gov.uk/ukgwa/20160115224110mp_/https:/www.gov.uk/government/publications/telephone-support-psychological-wellbeing-and-work-feasibility-pilot-evaluation,department-for-work-and-pensions-gb,department-for-work-and-pensions-gb:national-archives,'Telephone Support’ psychological wellbeing and work feasibility pilot evaluation,,,,,,2014-12-18,Department for Work and Pensions,England,The National Archives,Contains public sector information licensed under the Open Government Licence v3.0.,https://webarchive.nationalarchives.gov.uk/ukgwa/20160107144900/https://www.nationalarchives.gov.uk/doc/open-government-licence/version/3/,© Crown copyright,research|analysis,,,5/16/2024 1:26pm,,report,POCO,,,,,POCO_POGO|POCO_POGO_GB|POCO_POGO_GB_V1,en,United Kingdom (GB),,DWP Reports
https://webarchive.nationalarchives.gov.uk/ukgwa/20160115224110mp_/https:/www.gov.uk/government/publications/group-work-psychological-wellbeing-and-work-feasibility-pilot-evaluation,department-for-work-and-pensions-gb,department-for-work-and-pensions-gb:national-archives,'Group Work’ psychological wellbeing and work feasibility pilot evaluation,,,,,,2014-11-24,Department for Work and Pensions,England,The National Archives,Contains public sector information licensed under the Open Government Licence v3.0.,https://webarchive.nationalarchives.gov.uk/ukgwa/20160107144900/https://www.nationalarchives.gov.uk/doc/open-government-licence/version/3/,© Crown copyright,research|analysis,,,5/16/2024 1:26pm,,report,POCO,,,,,POCO_POGO|POCO_POGO_GB|POCO_POGO_GB_V1,en,United Kingdom (GB),,DWP Reports
https://webarchive.nationalarchives.gov.uk/ukgwa/20160115224110mp_/https:/www.gov.uk/government/publications/long-term-separated-parents-developing-support-to-encourage-child-maintenance-arrangements,department-for-work-and-pensions-gb,department-for-work-and-pensions-gb:national-archives,Long-term separated parents: developing support to encourage child maintenance arrangements,,,,,,2014-10-16,Department for Work and Pensions,England,The National Archives,Contains public sector information licensed under the Open Government Licence v3.0.,https://webarchive.nationalarchives.gov.uk/ukgwa/20160107144900/https://www.nationalarchives.gov.uk/doc/open-government-licence/version/3/,© Crown copyright,research|analysis,,,5/16/2024 1:26pm,,report,POCO,,,,,POCO_POGO|POCO_POGO_GB|POCO_POGO_GB_V1,en,United Kingdom (GB),,DWP Reports
https://webarchive.nationalarchives.gov.uk/ukgwa/20160115224110mp_/https:/www.gov.uk/government/publications/european-social-fund-esf-cohort-study-2012-to-2014,department-for-work-and-pensions-gb,department-for-work-and-pensions-gb:national-archives,European Social Fund (ESF) cohort study 2012 to 2014,,,,,,2014-07-22,Department for Work and Pensions,England,The National Archives,Contains public sector information licensed under the Open Government Licence v3.0.,https://webarchive.nationalarchives.gov.uk/ukgwa/20160107144900/https://www.nationalarchives.gov.uk/doc/open-government-licence/version/3/,© Crown copyright,research|analysis,,,5/16/2024 1:26pm,,report,POCO,,,,,POCO_POGO|POCO_POGO_GB|POCO_POGO_GB_V1,en,United Kingdom (GB),,DWP Reports
https://webarchive.nationalarchives.gov.uk/ukgwa/20160115224110mp_/https:/www.gov.uk/government/publications/understanding-the-journeys-from-work-to-employment-and-support-allowance,department-for-work-and-pensions-gb,department-for-work-and-pensions-gb:national-archives,Understanding the journeys from work to Employment and Support Allowance,,,,,,2014-07-16,Department for Work and Pensions,England,The National Archives,Contains public sector information licensed under the Open Government Licence v3.0.,https://webarchive.nationalarchives.gov.uk/ukgwa/20160107144900/https://www.nationalarchives.gov.uk/doc/open-government-licence/version/3/,© Crown copyright,research|analysis,,,5/16/2024 1:26pm,,report,POCO,,,,,POCO_POGO|POCO_POGO_GB|POCO_POGO_GB_V1,en,United Kingdom (GB),,DWP Reports
https://webarchive.nationalarchives.gov.uk/ukgwa/20160115224110mp_/https:/www.gov.uk/government/publications/health-and-wellbeing-at-work-survey-of-employees,department-for-work-and-pensions-gb,department-for-work-and-pensions-gb:national-archives,Health and wellbeing at work: survey of employees,,,,,,2014-07-15,Department for Work and Pensions,England,The National Archives,Contains public sector information licensed under the Open Government Licence v3.0.,https://webarchive.nationalarchives.gov.uk/ukgwa/20160107144900/https://www.nationalarchives.gov.uk/doc/open-government-licence/version/3/,© Crown copyright,research|analysis,,,5/16/2024 1:26pm,,report,POCO,,,,,POCO_POGO|POCO_POGO_GB|POCO_POGO_GB_V1,en,United Kingdom (GB),,DWP Reports
https://webarchive.nationalarchives.gov.uk/ukgwa/20160115224110mp_/https:/www.gov.uk/government/publications/child-poverty-transitions-exploring-the-routes-into-and-out-of-poverty,department-for-work-and-pensions-gb,department-for-work-and-pensions-gb:national-archives,Child poverty transitions: exploring the routes into and out of poverty 2009 to 2012,,,,,,2014-06-26,Department for Work and Pensions,England,The National Archives,Contains public sector information licensed under the Open Government Licence v3.0.,https://webarchive.nationalarchives.gov.uk/ukgwa/20160107144900/https://www.nationalarchives.gov.uk/doc/open-government-licence/version/3/,© Crown copyright,research|analysis,,,5/16/2024 1:26pm,,report,POCO,,,,,POCO_POGO|POCO_POGO_GB|POCO_POGO_GB_V1,en,United Kingdom (GB),,DWP Reports
https://webarchive.nationalarchives.gov.uk/ukgwa/20160115224110mp_/https:/www.gov.uk/government/publications/fit-for-work-service-pilots-2010-to-2013-final-evaluation-report,department-for-work-and-pensions-gb,department-for-work-and-pensions-gb:national-archives,Fit for Work Service pilots 2010 to 2013: final evaluation report,,,,,,2014-03-12,Department for Work and Pensions,England,The National Archives,Contains public sector information licensed under the Open Government Licence v3.0.,https://webarchive.nationalarchives.gov.uk/ukgwa/20160107144900/https://www.nationalarchives.gov.uk/doc/open-government-licence/version/3/,© Crown copyright,research|analysis,,,5/16/2024 1:26pm,,report,POCO,,,,,POCO_POGO|POCO_POGO_GB|POCO_POGO_GB_V1,en,United Kingdom (GB),,DWP Reports
https://webarchive.nationalarchives.gov.uk/ukgwa/20160115224110mp_/https:/www.gov.uk/government/publications/automatic-enrolment-qualitative-research-with-employers-staging-in-2014,department-for-work-and-pensions-gb,department-for-work-and-pensions-gb:national-archives,Automatic enrolment: qualitative research with employers staging in 2014,,,,,,2014-01-09,Department for Work and Pensions,England,The National Archives,Contains public sector information licensed under the Open Government Licence v3.0.,https://webarchive.nationalarchives.gov.uk/ukgwa/20160107144900/https://www.nationalarchives.gov.uk/doc/open-government-licence/version/3/,© Crown copyright,research|analysis,,,5/16/2024 1:26pm,,report,POCO,,,,,POCO_POGO|POCO_POGO_GB|POCO_POGO_GB_V1,en,United Kingdom (GB),,DWP Reports
https://webarchive.nationalarchives.gov.uk/ukgwa/20160115224110mp_/https:/www.gov.uk/government/publications/work-programme-evaluation-day-one-mandation-of-prison-leavers,department-for-work-and-pensions-gb,department-for-work-and-pensions-gb:national-archives,Work Programme evaluation: 'day one mandation' of prison leavers,,,,,,2013-12-05,Department for Work and Pensions,England,The National Archives,Contains public sector information licensed under the Open Government Licence v3.0.,https://webarchive.nationalarchives.gov.uk/ukgwa/20160107144900/https://www.nationalarchives.gov.uk/doc/open-government-licence/version/3/,© Crown copyright,research|analysis,,,5/16/2024 1:26pm,,report,POCO,,,,,POCO_POGO|POCO_POGO_GB|POCO_POGO_GB_V1,en,United Kingdom (GB),,DWP Reports
https://webarchive.nationalarchives.gov.uk/ukgwa/20160115224110mp_/https:/www.gov.uk/government/publications/work-programme-evaluation-operation-of-the-commissioning-model-finance-and-programme-delivery,department-for-work-and-pensions-gb,department-for-work-and-pensions-gb:national-archives,"Work Programme evaluation: operation of the commissioning model, finance and programme delivery",,,,,,2013-11-08,Department for Work and Pensions,England,The National Archives,Contains public sector information licensed under the Open Government Licence v3.0.,https://webarchive.nationalarchives.gov.uk/ukgwa/20160107144900/https://www.nationalarchives.gov.uk/doc/open-government-licence/version/3/,© Crown copyright,research|analysis,,,5/16/2024 1:26pm,,report,POCO,,,,,POCO_POGO|POCO_POGO_GB|POCO_POGO_GB_V1,en,United Kingdom (GB),,DWP Reports
https://webarchive.nationalarchives.gov.uk/ukgwa/20160115224110mp_/https:/www.gov.uk/government/publications/work-programme-evaluation-participant-experience,department-for-work-and-pensions-gb,department-for-work-and-pensions-gb:national-archives,Work Programme evaluation: participant experience,,,,,,2013-10-10,Department for Work and Pensions,England,The National Archives,Contains public sector information licensed under the Open Government Licence v3.0.,https://webarchive.nationalarchives.gov.uk/ukgwa/20160107144900/https://www.nationalarchives.gov.uk/doc/open-government-licence/version/3/,© Crown copyright,research|analysis,,,5/16/2024 1:26pm,,report,POCO,,,,,POCO_POGO|POCO_POGO_GB|POCO_POGO_GB_V1,en,United Kingdom (GB),,DWP Reports
https://webarchive.nationalarchives.gov.uk/ukgwa/20160115224110mp_/https:/www.gov.uk/government/publications/direct-payment-demonstration-projects-final-reports,department-for-work-and-pensions-gb,department-for-work-and-pensions-gb:national-archives,Direct Payment Demonstration Projects: final reports,,,,,,2013-07-12,Department for Work and Pensions,England,The National Archives,Contains public sector information licensed under the Open Government Licence v3.0.,https://webarchive.nationalarchives.gov.uk/ukgwa/20160107144900/https://www.nationalarchives.gov.uk/doc/open-government-licence/version/3/,© Crown copyright,research|analysis,,,5/16/2024 1:26pm,,report,POCO,,,,,POCO_POGO|POCO_POGO_GB|POCO_POGO_GB_V1,en,United Kingdom (GB),,DWP Reports
https://webarchive.nationalarchives.gov.uk/ukgwa/20160115224110mp_/https:/www.gov.uk/government/publications/benefit-cap-evaluation,department-for-work-and-pensions-gb,department-for-work-and-pensions-gb:national-archives,Benefit cap evaluation,,,,,,2013-07-04,Department for Work and Pensions,England,The National Archives,Contains public sector information licensed under the Open Government Licence v3.0.,https://webarchive.nationalarchives.gov.uk/ukgwa/20160107144900/https://www.nationalarchives.gov.uk/doc/open-government-licence/version/3/,© Crown copyright,research|analysis,,,5/16/2024 1:26pm,,report,POCO,,,,,POCO_POGO|POCO_POGO_GB|POCO_POGO_GB_V1,en,United Kingdom (GB),,DWP Reports
https://webarchive.nationalarchives.gov.uk/ukgwa/20160115224110mp_/https:/www.gov.uk/government/publications/day-one-support-for-young-people-trailblazer,department-for-work-and-pensions-gb,department-for-work-and-pensions-gb:national-archives,Day One Support for Young People trailblazer,,,,,,2013-06-01,Department for Work and Pensions,England,The National Archives,Contains public sector information licensed under the Open Government Licence v3.0.,https://webarchive.nationalarchives.gov.uk/ukgwa/20160107144900/https://www.nationalarchives.gov.uk/doc/open-government-licence/version/3/,© Crown copyright,research|analysis,,,5/16/2024 1:26pm,,report,POCO,,,,,POCO_POGO|POCO_POGO_GB|POCO_POGO_GB_V1,en,United Kingdom (GB),,DWP Reports
https://webarchive.nationalarchives.gov.uk/ukgwa/20160115224110mp_/https:/www.gov.uk/government/publications/automatic-enrolment-evaluation-report-2014,department-for-work-and-pensions-gb,department-for-work-and-pensions-gb:national-archives,Automatic enrolment evaluation report 2014,,,,,,2013-05-01,Department for Work and Pensions,England,The National Archives,Contains public sector information licensed under the Open Government Licence v3.0.,https://webarchive.nationalarchives.gov.uk/ukgwa/20160107144900/https://www.nationalarchives.gov.uk/doc/open-government-licence/version/3/,© Crown copyright,research|analysis,,,5/16/2024 1:26pm,,report,POCO,,,,,POCO_POGO|POCO_POGO_GB|POCO_POGO_GB_V1,en,United Kingdom (GB),,DWP Reports
https://webarchive.nationalarchives.gov.uk/ukgwa/20160115224110mp_/https:/www.gov.uk/government/publications/new-state-pension-qualitative-research-on-the-ideal-customer-journey,department-for-work-and-pensions-gb,department-for-work-and-pensions-gb:national-archives,New State Pension: qualitative research on the ideal customer journey,,,,,,2013-05-01,Department for Work and Pensions,England,The National Archives,Contains public sector information licensed under the Open Government Licence v3.0.,https://webarchive.nationalarchives.gov.uk/ukgwa/20160107144900/https://www.nationalarchives.gov.uk/doc/open-government-licence/version/3/,© Crown copyright,research|analysis,,,5/16/2024 1:26pm,,report,POCO,,,,,POCO_POGO|POCO_POGO_GB|POCO_POGO_GB_V1,en,United Kingdom (GB),,DWP Reports
https://webarchive.nationalarchives.gov.uk/ukgwa/20160115224110mp_/https:/www.gov.uk/government/publications/universal-credit-pathfinder-evaluation,department-for-work-and-pensions-gb,department-for-work-and-pensions-gb:national-archives,Universal Credit Pathfinder Evaluation,,,,,,2013-04-01,Department for Work and Pensions,England,The National Archives,Contains public sector information licensed under the Open Government Licence v3.0.,https://webarchive.nationalarchives.gov.uk/ukgwa/20160107144900/https://www.nationalarchives.gov.uk/doc/open-government-licence/version/3/,© Crown copyright,research|analysis,,,5/16/2024 1:26pm,,report,POCO,,,,,POCO_POGO|POCO_POGO_GB|POCO_POGO_GB_V1,en,United Kingdom (GB),,DWP Reports
https://webarchive.nationalarchives.gov.uk/ukgwa/20160115224110mp_/https:/www.gov.uk/government/publications/dwp-claimant-service-and-experience-survey-2013,department-for-work-and-pensions-gb,department-for-work-and-pensions-gb:national-archives,DWP claimant service and experience survey 2013,,,,,,2013-03-01,Department for Work and Pensions,England,The National Archives,Contains public sector information licensed under the Open Government Licence v3.0.,https://webarchive.nationalarchives.gov.uk/ukgwa/20160107144900/https://www.nationalarchives.gov.uk/doc/open-government-licence/version/3/,© Crown copyright,research|analysis,,,5/16/2024 1:26pm,,report,POCO,,,,,POCO_POGO|POCO_POGO_GB|POCO_POGO_GB_V1,en,United Kingdom (GB),,DWP Reports
https://webarchive.nationalarchives.gov.uk/ukgwa/20160115224110mp_/https:/www.gov.uk/government/publications/fit-for-work-exploring-future-gp-referrals,department-for-work-and-pensions-gb,department-for-work-and-pensions-gb:national-archives,Fit for Work: exploring future GP referrals,,,,,,2013-03-01,Department for Work and Pensions,England,The National Archives,Contains public sector information licensed under the Open Government Licence v3.0.,https://webarchive.nationalarchives.gov.uk/ukgwa/20160107144900/https://www.nationalarchives.gov.uk/doc/open-government-licence/version/3/,© Crown copyright,research|analysis,,,5/16/2024 1:26pm,,report,POCO,,,,,POCO_POGO|POCO_POGO_GB|POCO_POGO_GB_V1,en,United Kingdom (GB),,DWP Reports
https://webarchive.nationalarchives.gov.uk/ukgwa/20160115224110mp_/https:/www.gov.uk/government/publications/household-finances-of-carers-allowance-recipients,department-for-work-and-pensions-gb,department-for-work-and-pensions-gb:national-archives,Household finances of Carer’s Allowance recipients,,,,,,2013-02-01,Department for Work and Pensions,England,The National Archives,Contains public sector information licensed under the Open Government Licence v3.0.,https://webarchive.nationalarchives.gov.uk/ukgwa/20160107144900/https://www.nationalarchives.gov.uk/doc/open-government-licence/version/3/,© Crown copyright,research|analysis,,,5/16/2024 1:26pm,,report,POCO,,,,,POCO_POGO|POCO_POGO_GB|POCO_POGO_GB_V1,en,United Kingdom (GB),,DWP Reports
https://webarchive.nationalarchives.gov.uk/ukgwa/20160115224110mp_/https:/www.gov.uk/government/publications/personal-independence-payment-new-claims-early-evaluation-of-process,department-for-work-and-pensions-gb,department-for-work-and-pensions-gb:national-archives,Personal Independence Payment new claims: early evaluation of process,,,,,,2013-01-01,Department for Work and Pensions,England,The National Archives,Contains public sector information licensed under the Open Government Licence v3.0.,https://webarchive.nationalarchives.gov.uk/ukgwa/20160107144900/https://www.nationalarchives.gov.uk/doc/open-government-licence/version/3/,© Crown copyright,research|analysis,,,5/16/2024 1:26pm,,report,POCO,,,,,POCO_POGO|POCO_POGO_GB|POCO_POGO_GB_V1,en,United Kingdom (GB),,DWP Reports
https://webarchive.nationalarchives.gov.uk/ukgwa/20160115224110mp_/https:/www.gov.uk/government/publications/dwp-employer-engagement-and-experience-survey-2013,department-for-work-and-pensions-gb,department-for-work-and-pensions-gb:national-archives,DWP employer engagement and experience survey 2013,,,,,,2012-12-01,Department for Work and Pensions,England,The National Archives,Contains public sector information licensed under the Open Government Licence v3.0.,https://webarchive.nationalarchives.gov.uk/ukgwa/20160107144900/https://www.nationalarchives.gov.uk/doc/open-government-licence/version/3/,© Crown copyright,research|analysis,,,5/16/2024 1:26pm,,report,POCO,,,,,POCO_POGO|POCO_POGO_GB|POCO_POGO_GB_V1,en,United Kingdom (GB),,DWP Reports
https://webarchive.nationalarchives.gov.uk/ukgwa/20160115224110mp_/https:/www.gov.uk/government/publications/small-employer-recruitment-practices,department-for-work-and-pensions-gb,department-for-work-and-pensions-gb:national-archives,Small employer recruitment practices,,,,,,2012-11-01,Department for Work and Pensions,England,The National Archives,Contains public sector information licensed under the Open Government Licence v3.0.,https://webarchive.nationalarchives.gov.uk/ukgwa/20160107144900/https://www.nationalarchives.gov.uk/doc/open-government-licence/version/3/,© Crown copyright,research|analysis,,,5/16/2024 1:26pm,,report,POCO,,,,,POCO_POGO|POCO_POGO_GB|POCO_POGO_GB_V1,en,United Kingdom (GB),,DWP Reports
https://webarchive.nationalarchives.gov.uk/ukgwa/20160115224110mp_/https:/www.gov.uk/government/publications/employers-pension-provision-survey-2013,department-for-work-and-pensions-gb,department-for-work-and-pensions-gb:national-archives,Employers' pension provision survey 2013,,,,,,2012-11-01,Department for Work and Pensions,England,The National Archives,Contains public sector information licensed under the Open Government Licence v3.0.,https://webarchive.nationalarchives.gov.uk/ukgwa/20160107144900/https://www.nationalarchives.gov.uk/doc/open-government-licence/version/3/,© Crown copyright,research|analysis,,,5/16/2024 1:26pm,,report,POCO,,,,,POCO_POGO|POCO_POGO_GB|POCO_POGO_GB_V1,en,United Kingdom (GB),,DWP Reports
https://webarchive.nationalarchives.gov.uk/ukgwa/20160115224110mp_/https:/www.gov.uk/government/publications/removal-of-the-spare-room-subsidy-interim-evaluation-report,department-for-work-and-pensions-gb,department-for-work-and-pensions-gb:national-archives,Removal of the Spare Room Subsidy: interim evaluation report,,,,,,2012-11-01,Department for Work and Pensions,England,The National Archives,Contains public sector information licensed under the Open Government Licence v3.0.,https://webarchive.nationalarchives.gov.uk/ukgwa/20160107144900/https://www.nationalarchives.gov.uk/doc/open-government-licence/version/3/,© Crown copyright,research|analysis,,,5/16/2024 1:26pm,,report,POCO,,,,,POCO_POGO|POCO_POGO_GB|POCO_POGO_GB_V1,en,United Kingdom (GB),,DWP Reports
https://webarchive.nationalarchives.gov.uk/ukgwa/20160115224110mp_/https:/www.gov.uk/government/publications/local-housing-allowance-monitoring-the-impact-of-changes,department-for-work-and-pensions-gb,department-for-work-and-pensions-gb:national-archives,Local Housing Allowance: monitoring the impact of changes,,,,,,2012-11-01,Department for Work and Pensions,England,The National Archives,Contains public sector information licensed under the Open Government Licence v3.0.,https://webarchive.nationalarchives.gov.uk/ukgwa/20160107144900/https://www.nationalarchives.gov.uk/doc/open-government-licence/version/3/,© Crown copyright,research|analysis,,,5/16/2024 1:26pm,,report,POCO,,,,,POCO_POGO|POCO_POGO_GB|POCO_POGO_GB_V1,en,United Kingdom (GB),,DWP Reports
https://webarchive.nationalarchives.gov.uk/ukgwa/20160115224110mp_/https:/www.gov.uk/government/publications/local-authority-insight-survey-wave-25,department-for-work-and-pensions-gb,department-for-work-and-pensions-gb:national-archives,Local authority insight survey: wave 25,,,,,,2012-10-01,Department for Work and Pensions,England,The National Archives,Contains public sector information licensed under the Open Government Licence v3.0.,https://webarchive.nationalarchives.gov.uk/ukgwa/20160107144900/https://www.nationalarchives.gov.uk/doc/open-government-licence/version/3/,© Crown copyright,research|analysis,,,5/16/2024 1:26pm,,report,POCO,,,,,POCO_POGO|POCO_POGO_GB|POCO_POGO_GB_V1,en,United Kingdom (GB),,DWP Reports
https://webarchive.nationalarchives.gov.uk/ukgwa/20160115224110mp_/https:/www.gov.uk/government/publications/innovation-fund-pilots-qualitative-evaluation-early-implementation-findings,department-for-work-and-pensions-gb,department-for-work-and-pensions-gb:national-archives,Innovation Fund pilots qualitative evaluation: early implementation findings,,,,,,2012-09-01,Department for Work and Pensions,England,The National Archives,Contains public sector information licensed under the Open Government Licence v3.0.,https://webarchive.nationalarchives.gov.uk/ukgwa/20160107144900/https://www.nationalarchives.gov.uk/doc/open-government-licence/version/3/,© Crown copyright,research|analysis,,,5/16/2024 1:26pm,,report,POCO,,,,,POCO_POGO|POCO_POGO_GB|POCO_POGO_GB_V1,en,United Kingdom (GB),,DWP Reports
https://webarchive.nationalarchives.gov.uk/ukgwa/20160115224110mp_/https:/www.gov.uk/government/publications/provision-of-survivors-benefits-in-occupational-pension-schemes,department-for-work-and-pensions-gb,department-for-work-and-pensions-gb:national-archives,Provision of survivors’ benefits in occupational pension schemes,,,,,,2012-07-17,Department for Work and Pensions,England,The National Archives,Contains public sector information licensed under the Open Government Licence v3.0.,https://webarchive.nationalarchives.gov.uk/ukgwa/20160107144900/https://www.nationalarchives.gov.uk/doc/open-government-licence/version/3/,© Crown copyright,research|analysis,,,5/16/2024 1:26pm,,report,POCO,,,,,POCO_POGO|POCO_POGO_GB|POCO_POGO_GB_V1,en,United Kingdom (GB),,DWP Reports
https://webarchive.nationalarchives.gov.uk/ukgwa/20160115224110mp_/https:/www.gov.uk/government/publications/making-decisions-about-work-in-low-income-couple-households,department-for-work-and-pensions-gb,department-for-work-and-pensions-gb:national-archives,Making decisions about work in low-income couple households,,,,,,2012-07-01,Department for Work and Pensions,England,The National Archives,Contains public sector information licensed under the Open Government Licence v3.0.,https://webarchive.nationalarchives.gov.uk/ukgwa/20160107144900/https://www.nationalarchives.gov.uk/doc/open-government-licence/version/3/,© Crown copyright,research|analysis,,,5/16/2024 1:26pm,,report,POCO,,,,,POCO_POGO|POCO_POGO_GB|POCO_POGO_GB_V1,en,United Kingdom (GB),,DWP Reports
https://webarchive.nationalarchives.gov.uk/ukgwa/20160115224110mp_/https:/www.gov.uk/government/publications/defined-ambition-pensions-consumer-perspectives,department-for-work-and-pensions-gb,department-for-work-and-pensions-gb:national-archives,Defined Ambition pensions: consumer perspectives,,,,,,2012-06-01,Department for Work and Pensions,England,The National Archives,Contains public sector information licensed under the Open Government Licence v3.0.,https://webarchive.nationalarchives.gov.uk/ukgwa/20160107144900/https://www.nationalarchives.gov.uk/doc/open-government-licence/version/3/,© Crown copyright,research|analysis,,,5/16/2024 1:26pm,,report,POCO,,,,,POCO_POGO|POCO_POGO_GB|POCO_POGO_GB_V1,en,United Kingdom (GB),,DWP Reports
https://webarchive.nationalarchives.gov.uk/ukgwa/20160115224110mp_/https:/www.gov.uk/government/publications/sorting-out-separation-web-app-evaluation-of-effectiveness,department-for-work-and-pensions-gb,department-for-work-and-pensions-gb:national-archives,Sorting out Separation Web app: evaluation of effectiveness,,,,,,2012-05-08,Department for Work and Pensions,England,The National Archives,Contains public sector information licensed under the Open Government Licence v3.0.,https://webarchive.nationalarchives.gov.uk/ukgwa/20160107144900/https://www.nationalarchives.gov.uk/doc/open-government-licence/version/3/,© Crown copyright,research|analysis,,,5/16/2024 1:26pm,,report,POCO,,,,,POCO_POGO|POCO_POGO_GB|POCO_POGO_GB_V1,en,United Kingdom (GB),,DWP Reports
https://webarchive.nationalarchives.gov.uk/ukgwa/20160115224110mp_/https:/www.gov.uk/government/publications/automatic-enrolment-experiences-of-workers-who-have-opted-out-a-qualitative-research-study,department-for-work-and-pensions-gb,department-for-work-and-pensions-gb:national-archives,Automatic enrolment: experiences of workers who have opted out – a qualitative research study,,,,,,2012-03-21,Department for Work and Pensions,England,The National Archives,Contains public sector information licensed under the Open Government Licence v3.0.,https://webarchive.nationalarchives.gov.uk/ukgwa/20160107144900/https://www.nationalarchives.gov.uk/doc/open-government-licence/version/3/,© Crown copyright,research|analysis,,,5/16/2024 1:26pm,,report,POCO,,,,,POCO_POGO|POCO_POGO_GB|POCO_POGO_GB_V1,en,United Kingdom (GB),,DWP Reports
https://webarchive.nationalarchives.gov.uk/ukgwa/20160115224110mp_/https:/www.gov.uk/government/publications/youth-contract-customers-experiences,department-for-work-and-pensions-gb,department-for-work-and-pensions-gb:national-archives,Youth Contract: customers' experiences,,,,,,2012-02-29,Department for Work and Pensions,England,The National Archives,Contains public sector information licensed under the Open Government Licence v3.0.,https://webarchive.nationalarchives.gov.uk/ukgwa/20160107144900/https://www.nationalarchives.gov.uk/doc/open-government-licence/version/3/,© Crown copyright,research|analysis,,,5/16/2024 1:26pm,,report,POCO,,,,,POCO_POGO|POCO_POGO_GB|POCO_POGO_GB_V1,en,United Kingdom (GB),,DWP Reports
https://webarchive.nationalarchives.gov.uk/ukgwa/20160115224110mp_/https:/www.gov.uk/government/publications/youth-contract-wage-incentive-wave-2-research,department-for-work-and-pensions-gb,department-for-work-and-pensions-gb:national-archives,Youth Contract wage incentive: wave 2 research,,,,,,2012-02-15,Department for Work and Pensions,England,The National Archives,Contains public sector information licensed under the Open Government Licence v3.0.,https://webarchive.nationalarchives.gov.uk/ukgwa/20160107144900/https://www.nationalarchives.gov.uk/doc/open-government-licence/version/3/,© Crown copyright,research|analysis,,,5/16/2024 1:26pm,,report,POCO,,,,,POCO_POGO|POCO_POGO_GB|POCO_POGO_GB_V1,en,United Kingdom (GB),,DWP Reports
https://webarchive.nationalarchives.gov.uk/ukgwa/20160115224110mp_/https:/www.gov.uk/government/publications/study-into-average-civil-compensation-in-mesothelioma-cases-rr858,department-for-work-and-pensions-gb,department-for-work-and-pensions-gb:national-archives,Study into average civil compensation in mesothelioma cases (RR858),RR858,,,,,2011-12-29,Department for Work and Pensions,England,The National Archives,Contains public sector information licensed under the Open Government Licence v3.0.,https://webarchive.nationalarchives.gov.uk/ukgwa/20160107144900/https://www.nationalarchives.gov.uk/doc/open-government-licence/version/3/,© Crown copyright,research|analysis,,,5/16/2024 1:26pm,,report,POCO,,,,,POCO_POGO|POCO_POGO_GB|POCO_POGO_GB_V1,en,United Kingdom (GB),,DWP Reports
https://webarchive.nationalarchives.gov.uk/ukgwa/20160115224110mp_/https:/www.gov.uk/government/publications/defined-contribution-pension-schemes-landscape-and-charges-survey-2013,department-for-work-and-pensions-gb,department-for-work-and-pensions-gb:national-archives,Defined contribution pension schemes: landscape and charges survey 2013,,,,,,2011-12-13,Department for Work and Pensions,England,The National Archives,Contains public sector information licensed under the Open Government Licence v3.0.,https://webarchive.nationalarchives.gov.uk/ukgwa/20160107144900/https://www.nationalarchives.gov.uk/doc/open-government-licence/version/3/,© Crown copyright,research|analysis,,,5/16/2024 1:26pm,,report,POCO,,,,,POCO_POGO|POCO_POGO_GB|POCO_POGO_GB_V1,en,United Kingdom (GB),,DWP Reports
https://webarchive.nationalarchives.gov.uk/ukgwa/20160115224110mp_/https:/www.gov.uk/government/publications/additional-voluntary-national-insurance-contributions-at-state-pension-age,department-for-work-and-pensions-gb,department-for-work-and-pensions-gb:national-archives,Additional voluntary National Insurance contributions at State Pension age,,,,,,2011-11-15,Department for Work and Pensions,England,The National Archives,Contains public sector information licensed under the Open Government Licence v3.0.,https://webarchive.nationalarchives.gov.uk/ukgwa/20160107144900/https://www.nationalarchives.gov.uk/doc/open-government-licence/version/3/,© Crown copyright,research|analysis,,,5/16/2024 1:26pm,,report,POCO,,,,,POCO_POGO|POCO_POGO_GB|POCO_POGO_GB_V1,en,United Kingdom (GB),,DWP Reports
https://webarchive.nationalarchives.gov.uk/ukgwa/20160115224110mp_/https:/www.gov.uk/government/publications/telephonic-support-to-facilitate-return-to-work-what-works-how-and-when-rr853,department-for-work-and-pensions-gb,department-for-work-and-pensions-gb:national-archives,"Telephonic support to facilitate return to work: what works, how, and when? (RR853)",RR853,,,,,2011-10-05,Department for Work and Pensions,England,The National Archives,Contains public sector information licensed under the Open Government Licence v3.0.,https://webarchive.nationalarchives.gov.uk/ukgwa/20160107144900/https://www.nationalarchives.gov.uk/doc/open-government-licence/version/3/,© Crown copyright,research|analysis,,,5/16/2024 1:26pm,,report,POCO,,,,,POCO_POGO|POCO_POGO_GB|POCO_POGO_GB_V1,en,United Kingdom (GB),,DWP Reports
https://webarchive.nationalarchives.gov.uk/ukgwa/20160115224110mp_/https:/www.gov.uk/government/publications/universal-credit-pathfinder-evaluation-interim-results-from-the-universal-credit-claimant-survey-wave-1,department-for-work-and-pensions-gb,department-for-work-and-pensions-gb:national-archives,"Universal Credit pathfinder evaluation: interim results from the Universal Credit claimant survey, wave 1",,,,,,2011-09-01,Department for Work and Pensions,England,The National Archives,Contains public sector information licensed under the Open Government Licence v3.0.,https://webarchive.nationalarchives.gov.uk/ukgwa/20160107144900/https://www.nationalarchives.gov.uk/doc/open-government-licence/version/3/,© Crown copyright,research|analysis,,,5/16/2024 1:26pm,,report,POCO,,,,,POCO_POGO|POCO_POGO_GB|POCO_POGO_GB_V1,en,United Kingdom (GB),,DWP Reports
https://webarchive.nationalarchives.gov.uk/ukgwa/20160115224110mp_/https:/www.gov.uk/government/publications/automatic-enrolment-evaluation-report-2013,department-for-work-and-pensions-gb,department-for-work-and-pensions-gb:national-archives,Automatic enrolment evaluation report 2013,,,,,,2011-09-01,Department for Work and Pensions,England,The National Archives,Contains public sector information licensed under the Open Government Licence v3.0.,https://webarchive.nationalarchives.gov.uk/ukgwa/20160107144900/https://www.nationalarchives.gov.uk/doc/open-government-licence/version/3/,© Crown copyright,research|analysis,,,5/16/2024 1:26pm,,report,POCO,,,,,POCO_POGO|POCO_POGO_GB|POCO_POGO_GB_V1,en,United Kingdom (GB),,DWP Reports
https://webarchive.nationalarchives.gov.uk/ukgwa/20160115224110mp_/https:/www.gov.uk/government/publications/the-jobcentre-plus-offer-final-evaluation-report,department-for-work-and-pensions-gb,department-for-work-and-pensions-gb:national-archives,The Jobcentre Plus Offer: final evaluation report,,,,,,2011-08-01,Department for Work and Pensions,England,The National Archives,Contains public sector information licensed under the Open Government Licence v3.0.,https://webarchive.nationalarchives.gov.uk/ukgwa/20160107144900/https://www.nationalarchives.gov.uk/doc/open-government-licence/version/3/,© Crown copyright,research|analysis,,,5/16/2024 1:26pm,,report,POCO,,,,,POCO_POGO|POCO_POGO_GB|POCO_POGO_GB_V1,en,United Kingdom (GB),,DWP Reports
https://webarchive.nationalarchives.gov.uk/ukgwa/20160115224110mp_/https:/www.gov.uk/government/publications/public-perceptions-of-the-removal-of-the-spare-room-subsidy,department-for-work-and-pensions-gb,department-for-work-and-pensions-gb:national-archives,Public perceptions of the removal of the spare room subsidy,,,,,,2011-08-01,Department for Work and Pensions,England,The National Archives,Contains public sector information licensed under the Open Government Licence v3.0.,https://webarchive.nationalarchives.gov.uk/ukgwa/20160107144900/https://www.nationalarchives.gov.uk/doc/open-government-licence/version/3/,© Crown copyright,research|analysis,,,5/16/2024 1:26pm,,report,POCO,,,,,POCO_POGO|POCO_POGO_GB|POCO_POGO_GB_V1,en,United Kingdom (GB),,DWP Reports
https://webarchive.nationalarchives.gov.uk/ukgwa/20160115224110mp_/https:/www.gov.uk/government/publications/automatic-enrolment-qualitative-research-with-large-employers-rr851,department-for-work-and-pensions-gb,department-for-work-and-pensions-gb:national-archives,Automatic enrolment: Qualitative research with large employers,,,,,,2011-07-01,Department for Work and Pensions,England,The National Archives,Contains public sector information licensed under the Open Government Licence v3.0.,https://webarchive.nationalarchives.gov.uk/ukgwa/20160107144900/https://www.nationalarchives.gov.uk/doc/open-government-licence/version/3/,© Crown copyright,research|analysis,,,5/16/2024 1:26pm,,report,POCO,,,,,POCO_POGO|POCO_POGO_GB|POCO_POGO_GB_V1,en,United Kingdom (GB),,DWP Reports
https://webarchive.nationalarchives.gov.uk/ukgwa/20160115224110mp_/https:/www.gov.uk/government/publications/benefit-cap-public-attitudes-before-and-after-its-introduction,department-for-work-and-pensions-gb,department-for-work-and-pensions-gb:national-archives,Benefit cap: public attitudes before and after its introduction,,,,,,2011-07-01,Department for Work and Pensions,England,The National Archives,Contains public sector information licensed under the Open Government Licence v3.0.,https://webarchive.nationalarchives.gov.uk/ukgwa/20160107144900/https://www.nationalarchives.gov.uk/doc/open-government-licence/version/3/,© Crown copyright,research|analysis,,,5/16/2024 1:26pm,,report,POCO,,,,,POCO_POGO|POCO_POGO_GB|POCO_POGO_GB_V1,en,United Kingdom (GB),,DWP Reports
https://webarchive.nationalarchives.gov.uk/ukgwa/20160115224110mp_/https:/www.gov.uk/government/publications/jobseekers-allowance-online-digital-trailblazers-phases-2-and-3-evaluation,department-for-work-and-pensions-gb,department-for-work-and-pensions-gb:national-archives,Jobseeker’s Allowance Online Digital Trailblazers phases 2 and 3: evaluation,,,,,,2011-06-22,Department for Work and Pensions,England,The National Archives,Contains public sector information licensed under the Open Government Licence v3.0.,https://webarchive.nationalarchives.gov.uk/ukgwa/20160107144900/https://www.nationalarchives.gov.uk/doc/open-government-licence/version/3/,© Crown copyright,research|analysis,,,5/16/2024 1:26pm,,report,POCO,,,,,POCO_POGO|POCO_POGO_GB|POCO_POGO_GB_V1,en,United Kingdom (GB),,DWP Reports
https://webarchive.nationalarchives.gov.uk/ukgwa/20160115224110mp_/https:/www.gov.uk/government/publications/local-authority-led-pilots-a-summary-of-early-learning-from-the-pilots,department-for-work-and-pensions-gb,department-for-work-and-pensions-gb:national-archives,Local Authority Led Pilots: A summary of early learning from the pilots,,,,,,2011-06-01,Department for Work and Pensions,England,The National Archives,Contains public sector information licensed under the Open Government Licence v3.0.,https://webarchive.nationalarchives.gov.uk/ukgwa/20160107144900/https://www.nationalarchives.gov.uk/doc/open-government-licence/version/3/,© Crown copyright,research|analysis,,,5/16/2024 1:26pm,,report,POCO,,,,,POCO_POGO|POCO_POGO_GB|POCO_POGO_GB_V1,en,United Kingdom (GB),,DWP Reports
https://webarchive.nationalarchives.gov.uk/ukgwa/20160115224110mp_/https:/www.gov.uk/government/publications/a-survey-of-disabled-working-age-benefit-claimants-ihr16,department-for-work-and-pensions-gb,department-for-work-and-pensions-gb:national-archives,A survey of disabled working age benefit claimants (IHR16),IHR16,,,,,2011-06-01,Department for Work and Pensions,England,The National Archives,Contains public sector information licensed under the Open Government Licence v3.0.,https://webarchive.nationalarchives.gov.uk/ukgwa/20160107144900/https://www.nationalarchives.gov.uk/doc/open-government-licence/version/3/,© Crown copyright,research|analysis,,,5/16/2024 1:26pm,,report,POCO,,,,,POCO_POGO|POCO_POGO_GB|POCO_POGO_GB_V1,en,United Kingdom (GB),,DWP Reports
https://webarchive.nationalarchives.gov.uk/ukgwa/20160115224110mp_/https:/www.gov.uk/government/publications/public-perceptions-of-the-benefit-cap-and-pre-implementation-impacts,department-for-work-and-pensions-gb,department-for-work-and-pensions-gb:national-archives,Public perceptions of the benefit cap and pre-implementation impacts,,,,,,2011-06-01,Department for Work and Pensions,England,The National Archives,Contains public sector information licensed under the Open Government Licence v3.0.,https://webarchive.nationalarchives.gov.uk/ukgwa/20160107144900/https://www.nationalarchives.gov.uk/doc/open-government-licence/version/3/,© Crown copyright,research|analysis,,,5/16/2024 1:26pm,,report,POCO,,,,,POCO_POGO|POCO_POGO_GB|POCO_POGO_GB_V1,en,United Kingdom (GB),,DWP Reports
https://webarchive.nationalarchives.gov.uk/ukgwa/20160115224110mp_/https:/www.gov.uk/government/publications/lone-parent-obligations-an-impact-assessment-rr845,department-for-work-and-pensions-gb,department-for-work-and-pensions-gb:national-archives,Lone Parent Obligations: an impact assessment (RR845),RR845,,,,,2011-05-19,Department for Work and Pensions,England,The National Archives,Contains public sector information licensed under the Open Government Licence v3.0.,https://webarchive.nationalarchives.gov.uk/ukgwa/20160107144900/https://www.nationalarchives.gov.uk/doc/open-government-licence/version/3/,© Crown copyright,research|analysis,,,5/16/2024 1:26pm,,report,POCO,,,,,POCO_POGO|POCO_POGO_GB|POCO_POGO_GB_V1,en,United Kingdom (GB),,DWP Reports
https://webarchive.nationalarchives.gov.uk/ukgwa/20160115224110mp_/https:/www.gov.uk/government/publications/local-authority-insight-survey-wave-24-rr847,department-for-work-and-pensions-gb,department-for-work-and-pensions-gb:national-archives,Local authority insight survey: wave 24 (RR847),RR847,,,,,2011-05-01,Department for Work and Pensions,England,The National Archives,Contains public sector information licensed under the Open Government Licence v3.0.,https://webarchive.nationalarchives.gov.uk/ukgwa/20160107144900/https://www.nationalarchives.gov.uk/doc/open-government-licence/version/3/,© Crown copyright,research|analysis,,,5/16/2024 1:26pm,,report,POCO,,,,,POCO_POGO|POCO_POGO_GB|POCO_POGO_GB_V1,en,United Kingdom (GB),,DWP Reports
https://webarchive.nationalarchives.gov.uk/ukgwa/20160115224110mp_/https:/www.gov.uk/government/publications/evaluation-of-the-work-choice-specialist-disability-employment-programme-rr846,department-for-work-and-pensions-gb,department-for-work-and-pensions-gb:national-archives,Evaluation of the Work Choice Specialist Disability Employment Programme (RR846),RR846,,,,,2011-05-01,Department for Work and Pensions,England,The National Archives,Contains public sector information licensed under the Open Government Licence v3.0.,https://webarchive.nationalarchives.gov.uk/ukgwa/20160107144900/https://www.nationalarchives.gov.uk/doc/open-government-licence/version/3/,© Crown copyright,research|analysis,,,5/16/2024 1:26pm,,report,POCO,,,,,POCO_POGO|POCO_POGO_GB|POCO_POGO_GB_V1,en,United Kingdom (GB),,DWP Reports
https://webarchive.nationalarchives.gov.uk/ukgwa/20160115224110mp_/https:/www.gov.uk/government/publications/jobseekers-allowance-domestic-violence-easement-and-destitute-domestic-violence-concession-implementation-rr843,department-for-work-and-pensions-gb,department-for-work-and-pensions-gb:national-archives,Jobseeker's Allowance Domestic Violence Easement and Destitute Domestic Violence Concession: implementation (RR843),RR843,,,,,2011-05-01,Department for Work and Pensions,England,The National Archives,Contains public sector information licensed under the Open Government Licence v3.0.,https://webarchive.nationalarchives.gov.uk/ukgwa/20160107144900/https://www.nationalarchives.gov.uk/doc/open-government-licence/version/3/,© Crown copyright,research|analysis,,,5/16/2024 1:26pm,,report,POCO,,,,,POCO_POGO|POCO_POGO_GB|POCO_POGO_GB_V1,en,United Kingdom (GB),,DWP Reports
https://webarchive.nationalarchives.gov.uk/ukgwa/20160115224110mp_/https:/www.gov.uk/government/publications/local-worklessness-policy-analysis-case-studies-rr-844,department-for-work-and-pensions-gb,department-for-work-and-pensions-gb:national-archives,Local worklessness policy analysis case studies (RR 844),RR 844,,,,,2011-05-01,Department for Work and Pensions,England,The National Archives,Contains public sector information licensed under the Open Government Licence v3.0.,https://webarchive.nationalarchives.gov.uk/ukgwa/20160107144900/https://www.nationalarchives.gov.uk/doc/open-government-licence/version/3/,© Crown copyright,research|analysis,,,5/16/2024 1:26pm,,report,POCO,,,,,POCO_POGO|POCO_POGO_GB|POCO_POGO_GB_V1,en,United Kingdom (GB),,DWP Reports
https://webarchive.nationalarchives.gov.uk/ukgwa/20160115224110mp_/https:/www.gov.uk/government/publications/employer-perceptions-of-work-experience-and-sector-based-work-academies-rr-842,department-for-work-and-pensions-gb,department-for-work-and-pensions-gb:national-archives,Employer perceptions of work experience and sector-based work academies (RR 842),RR 842,,,,,2011-05-01,Department for Work and Pensions,England,The National Archives,Contains public sector information licensed under the Open Government Licence v3.0.,https://webarchive.nationalarchives.gov.uk/ukgwa/20160107144900/https://www.nationalarchives.gov.uk/doc/open-government-licence/version/3/,© Crown copyright,research|analysis,,,5/16/2024 1:26pm,,report,POCO,,,,,POCO_POGO|POCO_POGO_GB|POCO_POGO_GB_V1,en,United Kingdom (GB),,DWP Reports
https://webarchive.nationalarchives.gov.uk/ukgwa/20160115224110mp_/https:/www.gov.uk/government/publications/evaluation-of-the-statement-of-fitness-for-work-fit-note-quantitative-survey-of-fit-notes-rr-841,department-for-work-and-pensions-gb,department-for-work-and-pensions-gb:national-archives,Evaluation of the Statement of Fitness for Work (fit note): quantitative survey of fit notes (RR 841),RR 841,,,,,2011-03-01,Department for Work and Pensions,England,The National Archives,Contains public sector information licensed under the Open Government Licence v3.0.,https://webarchive.nationalarchives.gov.uk/ukgwa/20160107144900/https://www.nationalarchives.gov.uk/doc/open-government-licence/version/3/,© Crown copyright,research|analysis,,,5/16/2024 1:26pm,,report,POCO,,,,,POCO_POGO|POCO_POGO_GB|POCO_POGO_GB_V1,en,United Kingdom (GB),,DWP Reports
https://webarchive.nationalarchives.gov.uk/ukgwa/20160115224110mp_/https:/www.gov.uk/government/publications/an-evaluation-of-the-statement-of-fitness-for-work-fit-note-survey-of-employees-rr-840,department-for-work-and-pensions-gb,department-for-work-and-pensions-gb:national-archives,An evaluation of the Statement of Fitness for Work (fit note): Survey of employees (RR 840),RR 840,,,,,2011-03-01,Department for Work and Pensions,England,The National Archives,Contains public sector information licensed under the Open Government Licence v3.0.,https://webarchive.nationalarchives.gov.uk/ukgwa/20160107144900/https://www.nationalarchives.gov.uk/doc/open-government-licence/version/3/,© Crown copyright,research|analysis,,,5/16/2024 1:26pm,,report,POCO,,,,,POCO_POGO|POCO_POGO_GB|POCO_POGO_GB_V1,en,United Kingdom (GB),,DWP Reports
https://webarchive.nationalarchives.gov.uk/ukgwa/20160115224110mp_/https:/www.gov.uk/government/publications/jobseekers-allowance-online-digital-trailblazers-ihr15,department-for-work-and-pensions-gb,department-for-work-and-pensions-gb:national-archives,Jobseeker’s Allowance Online Digital Trailblazers,,,,,,2011-01-01,Department for Work and Pensions,England,The National Archives,Contains public sector information licensed under the Open Government Licence v3.0.,https://webarchive.nationalarchives.gov.uk/ukgwa/20160107144900/https://www.nationalarchives.gov.uk/doc/open-government-licence/version/3/,© Crown copyright,research|analysis,,,5/16/2024 1:26pm,,report,POCO,,,,,POCO_POGO|POCO_POGO_GB|POCO_POGO_GB_V1,en,United Kingdom (GB),,DWP Reports
https://webarchive.nationalarchives.gov.uk/ukgwa/20160115224110mp_/https:/www.gov.uk/government/publications/direct-payments-demonstration-projects-learning-the-lessons-6-months-in-rr-839,department-for-work-and-pensions-gb,department-for-work-and-pensions-gb:national-archives,"Direct Payments Demonstration Projects: Learning the lessons, 6 months in (RR 839)",RR 839,,,,,2010-12-01,Department for Work and Pensions,England,The National Archives,Contains public sector information licensed under the Open Government Licence v3.0.,https://webarchive.nationalarchives.gov.uk/ukgwa/20160107144900/https://www.nationalarchives.gov.uk/doc/open-government-licence/version/3/,© Crown copyright,research|analysis,,,5/16/2024 1:26pm,,report,POCO,,,,,POCO_POGO|POCO_POGO_GB|POCO_POGO_GB_V1,en,United Kingdom (GB),,DWP Reports
https://webarchive.nationalarchives.gov.uk/ukgwa/20160115224110mp_/https:/www.gov.uk/government/publications/monitoring-the-impact-of-changes-to-the-local-housing-allowance-system-of-housing-benefit-interim-report-rr-838,department-for-work-and-pensions-gb,department-for-work-and-pensions-gb:national-archives,Monitoring the impact of changes to the Local Housing Allowance system of Housing Benefit: Interim report (RR 838),RR 838,,,,,2010-12-01,Department for Work and Pensions,England,The National Archives,Contains public sector information licensed under the Open Government Licence v3.0.,https://webarchive.nationalarchives.gov.uk/ukgwa/20160107144900/https://www.nationalarchives.gov.uk/doc/open-government-licence/version/3/,© Crown copyright,research|analysis,,,5/16/2024 1:26pm,,report,POCO,,,,,POCO_POGO|POCO_POGO_GB|POCO_POGO_GB_V1,en,United Kingdom (GB),,DWP Reports
https://webarchive.nationalarchives.gov.uk/ukgwa/20160115224110mp_/https:/www.gov.uk/government/publications/local-authority-insight-survey-wave-23-rr-834,department-for-work-and-pensions-gb,department-for-work-and-pensions-gb:national-archives,Local Authority Insight Survey: Wave 23 (RR 834),RR 834,,,,,2010-11-01,Department for Work and Pensions,England,The National Archives,Contains public sector information licensed under the Open Government Licence v3.0.,https://webarchive.nationalarchives.gov.uk/ukgwa/20160107144900/https://www.nationalarchives.gov.uk/doc/open-government-licence/version/3/,© Crown copyright,research|analysis,,,5/16/2024 1:26pm,,report,POCO,,,,,POCO_POGO|POCO_POGO_GB|POCO_POGO_GB_V1,en,United Kingdom (GB),,DWP Reports
https://webarchive.nationalarchives.gov.uk/ukgwa/20160115224110mp_/https:/www.gov.uk/government/publications/personal-independence-payment-user-centred-design-rr837,department-for-work-and-pensions-gb,department-for-work-and-pensions-gb:national-archives,Personal Independence Payment user-centred design (RR837),RR837,,,,,2010-11-01,Department for Work and Pensions,England,The National Archives,Contains public sector information licensed under the Open Government Licence v3.0.,https://webarchive.nationalarchives.gov.uk/ukgwa/20160107144900/https://www.nationalarchives.gov.uk/doc/open-government-licence/version/3/,© Crown copyright,research|analysis,,,5/16/2024 1:26pm,,report,POCO,,,,,POCO_POGO|POCO_POGO_GB|POCO_POGO_GB_V1,en,United Kingdom (GB),,DWP Reports
https://webarchive.nationalarchives.gov.uk/ukgwa/20160115224110mp_/https:/www.gov.uk/government/publications/local-authority-omnibus-survey-wave-22,department-for-work-and-pensions-gb,department-for-work-and-pensions-gb:national-archives,Local Authority Omnibus Survey: Wave 22,,,,,,2010-10-01,Department for Work and Pensions,England,The National Archives,Contains public sector information licensed under the Open Government Licence v3.0.,https://webarchive.nationalarchives.gov.uk/ukgwa/20160107144900/https://www.nationalarchives.gov.uk/doc/open-government-licence/version/3/,© Crown copyright,research|analysis,,,5/16/2024 1:26pm,,report,POCO,,,,,POCO_POGO|POCO_POGO_GB|POCO_POGO_GB_V1,en,United Kingdom (GB),,DWP Reports
https://webarchive.nationalarchives.gov.uk/ukgwa/20160115224110mp_/https:/www.gov.uk/government/publications/new-enterprise-allowance-qualitative-evaluation-rr-836,department-for-work-and-pensions-gb,department-for-work-and-pensions-gb:national-archives,New Enterprise Allowance: Qualitative evaluation (RR 836),RR 836,,,,,2010-10-01,Department for Work and Pensions,England,The National Archives,Contains public sector information licensed under the Open Government Licence v3.0.,https://webarchive.nationalarchives.gov.uk/ukgwa/20160107144900/https://www.nationalarchives.gov.uk/doc/open-government-licence/version/3/,© Crown copyright,research|analysis,,,5/16/2024 1:26pm,,report,POCO,,,,,POCO_POGO|POCO_POGO_GB|POCO_POGO_GB_V1,en,United Kingdom (GB),,DWP Reports
https://webarchive.nationalarchives.gov.uk/ukgwa/20160115224110mp_/https:/www.gov.uk/government/publications/general-practitioners-attitudes-towards-patients-health-and-work-2010-to-2012-rr-835,department-for-work-and-pensions-gb,department-for-work-and-pensions-gb:national-archives,"General Practitioners’ attitudes towards patients’ health and work, 2010 to 2012 (RR 835)",RR 835,,,,,2010-10-01,Department for Work and Pensions,England,The National Archives,Contains public sector information licensed under the Open Government Licence v3.0.,https://webarchive.nationalarchives.gov.uk/ukgwa/20160107144900/https://www.nationalarchives.gov.uk/doc/open-government-licence/version/3/,© Crown copyright,research|analysis,,,5/16/2024 1:26pm,,report,POCO,,,,,POCO_POGO|POCO_POGO_GB|POCO_POGO_GB_V1,en,United Kingdom (GB),,DWP Reports
https://webarchive.nationalarchives.gov.uk/ukgwa/20160115224110mp_/https:/www.gov.uk/government/publications/the-youth-contract-findings-from-research-with-jobcentre-plus-staff-in-five-case-study-districts-rr-833,department-for-work-and-pensions-gb,department-for-work-and-pensions-gb:national-archives,The Youth Contract: Findings from research with Jobcentre Plus staff in five case study districts (RR 833),RR 833,,,,,2010-10-01,Department for Work and Pensions,England,The National Archives,Contains public sector information licensed under the Open Government Licence v3.0.,https://webarchive.nationalarchives.gov.uk/ukgwa/20160107144900/https://www.nationalarchives.gov.uk/doc/open-government-licence/version/3/,© Crown copyright,research|analysis,,,5/16/2024 1:26pm,,report,POCO,,,,,POCO_POGO|POCO_POGO_GB|POCO_POGO_GB_V1,en,United Kingdom (GB),,DWP Reports
https://webarchive.nationalarchives.gov.uk/ukgwa/20160115224110mp_/https:/www.gov.uk/government/publications/dwp-claimant-service-and-experience-survey-2012-rr-831,department-for-work-and-pensions-gb,department-for-work-and-pensions-gb:national-archives,DWP claimant service and experience survey 2012,,,,,,2010-10-01,Department for Work and Pensions,England,The National Archives,Contains public sector information licensed under the Open Government Licence v3.0.,https://webarchive.nationalarchives.gov.uk/ukgwa/20160107144900/https://www.nationalarchives.gov.uk/doc/open-government-licence/version/3/,© Crown copyright,research|analysis,,,5/16/2024 1:26pm,,report,POCO,,,,,POCO_POGO|POCO_POGO_GB|POCO_POGO_GB_V1,en,United Kingdom (GB),,DWP Reports
https://webarchive.nationalarchives.gov.uk/ukgwa/20160115224110mp_/https:/www.gov.uk/government/publications/work-programme-evaluation-procurement-supply-chains-and-implementation-of-the-commissioning-model-rr832,department-for-work-and-pensions-gb,department-for-work-and-pensions-gb:national-archives,"Work Programme Evaluation: Procurement, supply chains and implementation of the commissioning model",,,,,,2010-09-01,Department for Work and Pensions,England,The National Archives,Contains public sector information licensed under the Open Government Licence v3.0.,https://webarchive.nationalarchives.gov.uk/ukgwa/20160107144900/https://www.nationalarchives.gov.uk/doc/open-government-licence/version/3/,© Crown copyright,research|analysis,,,5/16/2024 1:26pm,,report,POCO,,,,,POCO_POGO|POCO_POGO_GB|POCO_POGO_GB_V1,en,United Kingdom (GB),,DWP Reports
https://webarchive.nationalarchives.gov.uk/ukgwa/20160115224110mp_/https:/www.gov.uk/government/publications/self-employment-tax-credits-and-the-move-to-universal-credit-rr829,department-for-work-and-pensions-gb,department-for-work-and-pensions-gb:national-archives,Research about how the move to Universal Credit will affect self-employed tax claimants,,,,,,2010-09-01,Department for Work and Pensions,England,The National Archives,Contains public sector information licensed under the Open Government Licence v3.0.,https://webarchive.nationalarchives.gov.uk/ukgwa/20160107144900/https://www.nationalarchives.gov.uk/doc/open-government-licence/version/3/,© Crown copyright,research|analysis,,,5/16/2024 1:26pm,,report,POCO,,,,,POCO_POGO|POCO_POGO_GB|POCO_POGO_GB_V1,en,United Kingdom (GB),,DWP Reports
https://webarchive.nationalarchives.gov.uk/ukgwa/20160115224110mp_/https:/www.gov.uk/government/publications/employment-partnership-and-skills-rr830,department-for-work-and-pensions-gb,department-for-work-and-pensions-gb:national-archives,"Employment, Partnership and Skills (RR830)",RR830,,,,,2010-09-01,Department for Work and Pensions,England,The National Archives,Contains public sector information licensed under the Open Government Licence v3.0.,https://webarchive.nationalarchives.gov.uk/ukgwa/20160107144900/https://www.nationalarchives.gov.uk/doc/open-government-licence/version/3/,© Crown copyright,research|analysis,,,5/16/2024 1:26pm,,report,POCO,,,,,POCO_POGO|POCO_POGO_GB|POCO_POGO_GB_V1,en,United Kingdom (GB),,DWP Reports
https://webarchive.nationalarchives.gov.uk/ukgwa/20160115224110mp_/https:/www.gov.uk/government/publications/understanding-material-deprivation-among-older-people-ihr14,department-for-work-and-pensions-gb,department-for-work-and-pensions-gb:national-archives,Understanding material deprivation among older people (IHR14),IHR14,,,,,2014-03-20,Department for Work and Pensions,England,The National Archives,Contains public sector information licensed under the Open Government Licence v3.0.,https://webarchive.nationalarchives.gov.uk/ukgwa/20160107144900/https://www.nationalarchives.gov.uk/doc/open-government-licence/version/3/,© Crown copyright,research|analysis,,,5/16/2024 1:26pm,,report,POCO,,,,,POCO_POGO|POCO_POGO_GB|POCO_POGO_GB_V1,en,United Kingdom (GB),,DWP Reports
https://webarchive.nationalarchives.gov.uk/ukgwa/20160115224110mp_/https:/www.gov.uk/government/publications/early-evaluation-of-the-youth-contract-wage-incentive-scheme-rr828,department-for-work-and-pensions-gb,department-for-work-and-pensions-gb:national-archives,Early evaluation of the Youth Contract wage incentive scheme (RR828),RR828,,,,,2010-08-01,Department for Work and Pensions,England,The National Archives,Contains public sector information licensed under the Open Government Licence v3.0.,https://webarchive.nationalarchives.gov.uk/ukgwa/20160107144900/https://www.nationalarchives.gov.uk/doc/open-government-licence/version/3/,© Crown copyright,research|analysis,,,5/16/2024 1:26pm,,report,POCO,,,,,POCO_POGO|POCO_POGO_GB|POCO_POGO_GB_V1,en,United Kingdom (GB),,DWP Reports
https://webarchive.nationalarchives.gov.uk/ukgwa/20160115224110mp_/https:/www.gov.uk/government/publications/pensioner-poverty-and-material-deprivation-rr827,department-for-work-and-pensions-gb,department-for-work-and-pensions-gb:national-archives,Pensioner poverty and material deprivation (RR827),RR827,,,,,2010-08-01,Department for Work and Pensions,England,The National Archives,Contains public sector information licensed under the Open Government Licence v3.0.,https://webarchive.nationalarchives.gov.uk/ukgwa/20160107144900/https://www.nationalarchives.gov.uk/doc/open-government-licence/version/3/,© Crown copyright,research|analysis,,,5/16/2024 1:26pm,,report,POCO,,,,,POCO_POGO|POCO_POGO_GB|POCO_POGO_GB_V1,en,United Kingdom (GB),,DWP Reports
https://webarchive.nationalarchives.gov.uk/ukgwa/20160115224110mp_/https:/www.gov.uk/government/publications/evaluation-of-employment-advisers-in-the-improving-access-to-psychological-therapies-programme-rr826,department-for-work-and-pensions-gb,department-for-work-and-pensions-gb:national-archives,Evaluation of employment advisers in the Improving Access to Psychological Therapies programme (RR826),RR826,,,,,2010-07-01,Department for Work and Pensions,England,The National Archives,Contains public sector information licensed under the Open Government Licence v3.0.,https://webarchive.nationalarchives.gov.uk/ukgwa/20160107144900/https://www.nationalarchives.gov.uk/doc/open-government-licence/version/3/,© Crown copyright,research|analysis,,,5/16/2024 1:26pm,,report,POCO,,,,,POCO_POGO|POCO_POGO_GB|POCO_POGO_GB_V1,en,United Kingdom (GB),,DWP Reports
https://webarchive.nationalarchives.gov.uk/ukgwa/20160115224110mp_/https:/www.gov.uk/government/publications/a-simpler-state-pension-a-qualitative-study-to-explore-1-option-for-reform-rr787,department-for-work-and-pensions-gb,department-for-work-and-pensions-gb:national-archives,A simpler state pension: a qualitative study to explore 1 option for reform (RR787),RR787,,,,,2010-07-01,Department for Work and Pensions,England,The National Archives,Contains public sector information licensed under the Open Government Licence v3.0.,https://webarchive.nationalarchives.gov.uk/ukgwa/20160107144900/https://www.nationalarchives.gov.uk/doc/open-government-licence/version/3/,© Crown copyright,research|analysis,,,5/16/2024 1:26pm,,report,POCO,,,,,POCO_POGO|POCO_POGO_GB|POCO_POGO_GB_V1,en,United Kingdom (GB),,DWP Reports
https://webarchive.nationalarchives.gov.uk/ukgwa/20160115224110mp_/https:/www.gov.uk/government/publications/extending-working-life-sector-initiative,department-for-work-and-pensions-gb,department-for-work-and-pensions-gb:national-archives,Extending Working Life Sector Initiative (IHR13),IHR13,,,,,2010-07-01,Department for Work and Pensions,England,The National Archives,Contains public sector information licensed under the Open Government Licence v3.0.,https://webarchive.nationalarchives.gov.uk/ukgwa/20160107144900/https://www.nationalarchives.gov.uk/doc/open-government-licence/version/3/,© Crown copyright,research|analysis,,,5/16/2024 1:26pm,,report,POCO,,,,,POCO_POGO|POCO_POGO_GB|POCO_POGO_GB_V1,en,United Kingdom (GB),,DWP Reports
https://webarchive.nationalarchives.gov.uk/ukgwa/20160115224110mp_/https:/www.gov.uk/government/publications/evaluation-of-european-social-fund-priority-1-and-priority-4-employment-and-neet-provision-rr-825,department-for-work-and-pensions-gb,department-for-work-and-pensions-gb:national-archives,Evaluation of European Social Fund: Priority 1 and Priority 4 (Employment and NEET) Provision (RR 825),RR 825,,,,,2010-07-01,Department for Work and Pensions,England,The National Archives,Contains public sector information licensed under the Open Government Licence v3.0.,https://webarchive.nationalarchives.gov.uk/ukgwa/20160107144900/https://www.nationalarchives.gov.uk/doc/open-government-licence/version/3/,© Crown copyright,research|analysis,,,5/16/2024 1:26pm,,report,POCO,,,,,POCO_POGO|POCO_POGO_GB|POCO_POGO_GB_V1,en,United Kingdom (GB),,DWP Reports
https://webarchive.nationalarchives.gov.uk/ukgwa/20160115224110mp_/https:/www.gov.uk/government/publications/evaluation-of-support-for-the-very-long-term-unemployed-trailblazer-rr824,department-for-work-and-pensions-gb,department-for-work-and-pensions-gb:national-archives,Evaluation of Support for the Very Long-Term Unemployed Trailblazer (RR824),RR824,,,,,2010-07-01,Department for Work and Pensions,England,The National Archives,Contains public sector information licensed under the Open Government Licence v3.0.,https://webarchive.nationalarchives.gov.uk/ukgwa/20160107144900/https://www.nationalarchives.gov.uk/doc/open-government-licence/version/3/,© Crown copyright,research|analysis,,,5/16/2024 1:26pm,,report,POCO,,,,,POCO_POGO|POCO_POGO_GB|POCO_POGO_GB_V1,en,United Kingdom (GB),,DWP Reports
https://webarchive.nationalarchives.gov.uk/ukgwa/20160115224110mp_/https:/www.gov.uk/government/publications/lone-parent-obligations-following-lone-parents-journeys-from-benefits-to-work-rr818,department-for-work-and-pensions-gb,department-for-work-and-pensions-gb:national-archives,Lone Parent Obligations: following lone parents’ journeys from benefits to work (RR818),RR818,,,,,2010-07-01,Department for Work and Pensions,England,The National Archives,Contains public sector information licensed under the Open Government Licence v3.0.,https://webarchive.nationalarchives.gov.uk/ukgwa/20160107144900/https://www.nationalarchives.gov.uk/doc/open-government-licence/version/3/,© Crown copyright,research|analysis,,,5/16/2024 1:26pm,,report,POCO,,,,,POCO_POGO|POCO_POGO_GB|POCO_POGO_GB_V1,en,United Kingdom (GB),,DWP Reports
https://webarchive.nationalarchives.gov.uk/ukgwa/20160115224110mp_/https:/www.gov.uk/government/publications/direct-payments-demonstration-projects-findings-from-a-baseline-survey-of-tenants-in-five-project-areas-inengland-and-wales-rr822,department-for-work-and-pensions-gb,department-for-work-and-pensions-gb:national-archives,Direct Payments Demonstration Projects: Findings from a baseline survey of tenants in five project areas inEngland and Wales (RR822),RR822,,,,,2010-07-01,Department for Work and Pensions,England,The National Archives,Contains public sector information licensed under the Open Government Licence v3.0.,https://webarchive.nationalarchives.gov.uk/ukgwa/20160107144900/https://www.nationalarchives.gov.uk/doc/open-government-licence/version/3/,© Crown copyright,research|analysis,,,5/16/2024 1:26pm,,report,POCO,,,,,POCO_POGO|POCO_POGO_GB|POCO_POGO_GB_V1,en,United Kingdom (GB),,DWP Reports
https://webarchive.nationalarchives.gov.uk/ukgwa/20160115224110mp_/https:/www.gov.uk/government/publications/evaluation-of-mandatory-work-activity-rr823,department-for-work-and-pensions-gb,department-for-work-and-pensions-gb:national-archives,Evaluation of Mandatory Work Activity (RR823),RR823,,,,,2010-07-01,Department for Work and Pensions,England,The National Archives,Contains public sector information licensed under the Open Government Licence v3.0.,https://webarchive.nationalarchives.gov.uk/ukgwa/20160107144900/https://www.nationalarchives.gov.uk/doc/open-government-licence/version/3/,© Crown copyright,research|analysis,,,5/16/2024 1:26pm,,report,POCO,,,,,POCO_POGO|POCO_POGO_GB|POCO_POGO_GB_V1,en,United Kingdom (GB),,DWP Reports
https://webarchive.nationalarchives.gov.uk/ukgwa/20160115224110mp_/https:/www.gov.uk/government/publications/attitudes-to-pensions-the-2012-survey-rr813,department-for-work-and-pensions-gb,department-for-work-and-pensions-gb:national-archives,Attitudes to Pensions: The 2012 survey (RR813),RR813,,,,,2010-07-01,Department for Work and Pensions,England,The National Archives,Contains public sector information licensed under the Open Government Licence v3.0.,https://webarchive.nationalarchives.gov.uk/ukgwa/20160107144900/https://www.nationalarchives.gov.uk/doc/open-government-licence/version/3/,© Crown copyright,research|analysis,,,5/16/2024 1:26pm,,report,POCO,,,,,POCO_POGO|POCO_POGO_GB|POCO_POGO_GB_V1,en,United Kingdom (GB),,DWP Reports
https://webarchive.nationalarchives.gov.uk/ukgwa/20160115224110mp_/https:/www.gov.uk/government/publications/evaluation-of-the-european-social-fund-innovation-transnational-and-mainstreaming-projects-rr-817,department-for-work-and-pensions-gb,department-for-work-and-pensions-gb:national-archives,"Evaluation of the European Social Fund Innovation, Transnational and Mainstreaming projects (RR817)",RR817,,,,,2010-06-01,Department for Work and Pensions,England,The National Archives,Contains public sector information licensed under the Open Government Licence v3.0.,https://webarchive.nationalarchives.gov.uk/ukgwa/20160107144900/https://www.nationalarchives.gov.uk/doc/open-government-licence/version/3/,© Crown copyright,research|analysis,,,5/16/2024 1:26pm,,report,POCO,,,,,POCO_POGO|POCO_POGO_GB|POCO_POGO_GB_V1,en,United Kingdom (GB),,DWP Reports
https://webarchive.nationalarchives.gov.uk/ukgwa/20160115224110mp_/https:/www.gov.uk/government/publications/the-jobcentre-plus-offer-findings-from-the-first-year-of-the-evaluation-rr814,department-for-work-and-pensions-gb,department-for-work-and-pensions-gb:national-archives,The Jobcentre Plus Offer: Findings from the first year of the evaluation (RR814),RR814,,,,,2010-06-01,Department for Work and Pensions,England,The National Archives,Contains public sector information licensed under the Open Government Licence v3.0.,https://webarchive.nationalarchives.gov.uk/ukgwa/20160107144900/https://www.nationalarchives.gov.uk/doc/open-government-licence/version/3/,© Crown copyright,research|analysis,,,5/16/2024 1:26pm,,report,POCO,,,,,POCO_POGO|POCO_POGO_GB|POCO_POGO_GB_V1,en,United Kingdom (GB),,DWP Reports
https://webarchive.nationalarchives.gov.uk/ukgwa/20160115224110mp_/https:/www.gov.uk/government/publications/collaborative-parenting-barriers-faced-by-separated-fathers-rr815,department-for-work-and-pensions-gb,department-for-work-and-pensions-gb:national-archives,Collaborative parenting: Barriers faced by separated fathers (RR815),RR815,,,,,2010-03-01,Department for Work and Pensions,England,The National Archives,Contains public sector information licensed under the Open Government Licence v3.0.,https://webarchive.nationalarchives.gov.uk/ukgwa/20160107144900/https://www.nationalarchives.gov.uk/doc/open-government-licence/version/3/,© Crown copyright,research|analysis,,,5/16/2024 1:26pm,,report,POCO,,,,,POCO_POGO|POCO_POGO_GB|POCO_POGO_GB_V1,en,United Kingdom (GB),,DWP Reports
https://webarchive.nationalarchives.gov.uk/ukgwa/20160115224110mp_/https:/www.gov.uk/government/publications/pension-credit-eligible-non-recipients-barriers-to-claiming-rr819,department-for-work-and-pensions-gb,department-for-work-and-pensions-gb:national-archives,Pension Credit eligible non-recipients: Barriers to claiming (RR819),RR819,,,,,2009-01-01,Department for Work and Pensions,England,The National Archives,Contains public sector information licensed under the Open Government Licence v3.0.,https://webarchive.nationalarchives.gov.uk/ukgwa/20160107144900/https://www.nationalarchives.gov.uk/doc/open-government-licence/version/3/,© Crown copyright,research|analysis,,,5/16/2024 1:26pm,,report,POCO,,,,,POCO_POGO|POCO_POGO_GB|POCO_POGO_GB_V1,en,United Kingdom (GB),,DWP Reports
https://webarchive.nationalarchives.gov.uk/ukgwa/20160115224110mp_/https:/www.gov.uk/government/publications/evaluation-of-esfdwp-families-with-multiple-problemstroubled-families-initiative-a-feasibility-study-rr816,department-for-work-and-pensions-gb,department-for-work-and-pensions-gb:national-archives,Evaluation of ESF/DWP families with multiple problems/troubled families initiative - A feasibility study (RR816),RR816,,,,,,Department for Work and Pensions,England,The National Archives,Contains public sector information licensed under the Open Government Licence v3.0.,https://webarchive.nationalarchives.gov.uk/ukgwa/20160107144900/https://www.nationalarchives.gov.uk/doc/open-government-licence/version/3/,© Crown copyright,research|analysis,,,5/16/2024 1:26pm,,report,POCO,,,,,POCO_POGO|POCO_POGO_GB|POCO_POGO_GB_V1,en,United Kingdom (GB),,DWP Reports
https://webarchive.nationalarchives.gov.uk/ukgwa/20160115224110mp_/https:/www.gov.uk/government/publications/preparing-for-an-ageing-society-evaluating-the-ageing-well-programme-parts-1-and-2-rr807,department-for-work-and-pensions-gb,department-for-work-and-pensions-gb:national-archives,Preparing for an Ageing Society: Evaluating the Ageing Well programme Parts 1 and 2 (RR807),RR807,,,,,,Department for Work and Pensions,England,The National Archives,Contains public sector information licensed under the Open Government Licence v3.0.,https://webarchive.nationalarchives.gov.uk/ukgwa/20160107144900/https://www.nationalarchives.gov.uk/doc/open-government-licence/version/3/,© Crown copyright,research|analysis,,,5/16/2024 1:26pm,,report,POCO,,,,,POCO_POGO|POCO_POGO_GB|POCO_POGO_GB_V1,en,United Kingdom (GB),,DWP Reports
https://webarchive.nationalarchives.gov.uk/ukgwa/20160115224110mp_/https:/www.gov.uk/government/publications/work-programme-evaluation-findings-from-the-first-phase-of-qualitative-research-on-programme-delivery-rr821,department-for-work-and-pensions-gb,department-for-work-and-pensions-gb:national-archives,Work Programme evaluation: Findings from the first phase of qualitative research on programme delivery (RR821),RR821,,,,,,Department for Work and Pensions,England,The National Archives,Contains public sector information licensed under the Open Government Licence v3.0.,https://webarchive.nationalarchives.gov.uk/ukgwa/20160107144900/https://www.nationalarchives.gov.uk/doc/open-government-licence/version/3/,© Crown copyright,research|analysis,,,5/16/2024 1:26pm,,report,POCO,,,,,POCO_POGO|POCO_POGO_GB|POCO_POGO_GB_V1,en,United Kingdom (GB),,DWP Reports
https://webarchive.nationalarchives.gov.uk/ukgwa/20160115224110mp_/https:/www.gov.uk/government/publications/outcomes-of-the-active-at-60-community-agent-programme-rr808,department-for-work-and-pensions-gb,department-for-work-and-pensions-gb:national-archives,Outcomes of the Active at 60 Community Agent Programme (RR808),RR808,,,,,,Department for Work and Pensions,England,The National Archives,Contains public sector information licensed under the Open Government Licence v3.0.,https://webarchive.nationalarchives.gov.uk/ukgwa/20160107144900/https://www.nationalarchives.gov.uk/doc/open-government-licence/version/3/,© Crown copyright,research|analysis,,,5/16/2024 1:26pm,,report,POCO,,,,,POCO_POGO|POCO_POGO_GB|POCO_POGO_GB_V1,en,United Kingdom (GB),,DWP Reports
https://webarchive.nationalarchives.gov.uk/ukgwa/20160115224110mp_/https:/www.gov.uk/government/publications/gps-perceptions-of-potential-services-to-help-employees-on-sick-leave-return-to-work-rr820,department-for-work-and-pensions-gb,department-for-work-and-pensions-gb:national-archives,GPs’ perceptions of potential services to help employees on sick leave return to work (RR820),RR820,,,,,,Department for Work and Pensions,England,The National Archives,Contains public sector information licensed under the Open Government Licence v3.0.,https://webarchive.nationalarchives.gov.uk/ukgwa/20160107144900/https://www.nationalarchives.gov.uk/doc/open-government-licence/version/3/,© Crown copyright,research|analysis,,,5/16/2024 1:26pm,,report,POCO,,,,,POCO_POGO|POCO_POGO_GB|POCO_POGO_GB_V1,en,United Kingdom (GB),,DWP Reports
https://webarchive.nationalarchives.gov.uk/ukgwa/20160115224110mp_/https:/www.gov.uk/government/publications/household-financial-decision-making-qualitative-research-with-couples-rr805,department-for-work-and-pensions-gb,department-for-work-and-pensions-gb:national-archives,Household financial decision making: Qualitative research with couples (RR805),RR805,,,,,,Department for Work and Pensions,England,The National Archives,Contains public sector information licensed under the Open Government Licence v3.0.,https://webarchive.nationalarchives.gov.uk/ukgwa/20160107144900/https://www.nationalarchives.gov.uk/doc/open-government-licence/version/3/,© Crown copyright,research|analysis,,,5/16/2024 1:26pm,,report,POCO,,,,,POCO_POGO|POCO_POGO_GB|POCO_POGO_GB_V1,en,United Kingdom (GB),,DWP Reports
https://webarchive.nationalarchives.gov.uk/ukgwa/20160115224110mp_/https:/www.gov.uk/government/publications/quantifying-the-effectiveness-of-interventions-for-people-with-common-health-conditions-in-enabling-them-to-stay-in-or-return-to-work-rr812,department-for-work-and-pensions-gb,department-for-work-and-pensions-gb:national-archives,Quantifying the effectiveness of interventions for people with common health conditions in enabling them to stay in or return to work (RR812),RR812,,,,,,Department for Work and Pensions,England,The National Archives,Contains public sector information licensed under the Open Government Licence v3.0.,https://webarchive.nationalarchives.gov.uk/ukgwa/20160107144900/https://www.nationalarchives.gov.uk/doc/open-government-licence/version/3/,© Crown copyright,research|analysis,,,5/16/2024 1:26pm,,report,POCO,,,,,POCO_POGO|POCO_POGO_GB|POCO_POGO_GB_V1,en,United Kingdom (GB),,DWP Reports
https://webarchive.nationalarchives.gov.uk/ukgwa/20160115224110mp_/https:/www.gov.uk/government/publications/health-work-and-well-being-a-study-of-the-co-ordinator-and-challenge-fund-initiatives-rr811,department-for-work-and-pensions-gb,department-for-work-and-pensions-gb:national-archives,"Health, Work and Well-being: A study of the Co-ordinator and Challenge Fund initiatives (RR811)",RR811,,,,,,Department for Work and Pensions,England,The National Archives,Contains public sector information licensed under the Open Government Licence v3.0.,https://webarchive.nationalarchives.gov.uk/ukgwa/20160107144900/https://www.nationalarchives.gov.uk/doc/open-government-licence/version/3/,© Crown copyright,research|analysis,,,5/16/2024 1:26pm,,report,POCO,,,,,POCO_POGO|POCO_POGO_GB|POCO_POGO_GB_V1,en,United Kingdom (GB),,DWP Reports
https://webarchive.nationalarchives.gov.uk/ukgwa/20160115224110mp_/https:/www.gov.uk/government/publications/pension-landscape-and-charging-quantitative-and-qualitative-research-with-employers-and-pension-providers-rr804,department-for-work-and-pensions-gb,department-for-work-and-pensions-gb:national-archives,Pension landscape and charging: Quantitative and qualitative research with employers and pension providers (RR804),RR804,,,,,,Department for Work and Pensions,England,The National Archives,Contains public sector information licensed under the Open Government Licence v3.0.,https://webarchive.nationalarchives.gov.uk/ukgwa/20160107144900/https://www.nationalarchives.gov.uk/doc/open-government-licence/version/3/,© Crown copyright,research|analysis,,,5/16/2024 1:26pm,,report,POCO,,,,,POCO_POGO|POCO_POGO_GB|POCO_POGO_GB_V1,en,United Kingdom (GB),,DWP Reports
https://webarchive.nationalarchives.gov.uk/ukgwa/20160115224110mp_/https:/www.gov.uk/government/publications/mental-health-in-context-the-national-study-of-work-search-and-wellbeing-rr810,department-for-work-and-pensions-gb,department-for-work-and-pensions-gb:national-archives,Mental health in context: the national study of work-search and wellbeing (RR810),RR810,,,,,,Department for Work and Pensions,England,The National Archives,Contains public sector information licensed under the Open Government Licence v3.0.,https://webarchive.nationalarchives.gov.uk/ukgwa/20160107144900/https://www.nationalarchives.gov.uk/doc/open-government-licence/version/3/,© Crown copyright,research|analysis,,,5/16/2024 1:26pm,,report,POCO,,,,,POCO_POGO|POCO_POGO_GB|POCO_POGO_GB_V1,en,United Kingdom (GB),,DWP Reports
https://webarchive.nationalarchives.gov.uk/ukgwa/20160115224110mp_/https:/www.gov.uk/government/publications/jobcentre-plus-employer-satisfaction-and-experience-survey-2012-rr806,department-for-work-and-pensions-gb,department-for-work-and-pensions-gb:national-archives,Jobcentre Plus Employer Satisfaction and Experience Survey 2012 (RR806),RR806,,,,,,Department for Work and Pensions,England,The National Archives,Contains public sector information licensed under the Open Government Licence v3.0.,https://webarchive.nationalarchives.gov.uk/ukgwa/20160107144900/https://www.nationalarchives.gov.uk/doc/open-government-licence/version/3/,© Crown copyright,research|analysis,,,5/16/2024 1:26pm,,report,POCO,,,,,POCO_POGO|POCO_POGO_GB|POCO_POGO_GB_V1,en,United Kingdom (GB),,DWP Reports
https://webarchive.nationalarchives.gov.uk/ukgwa/20160115224110mp_/https:/www.gov.uk/government/publications/extending-working-life-behaviour-change-interventions-rr809,department-for-work-and-pensions-gb,department-for-work-and-pensions-gb:national-archives,Extending working life: Behaviour change interventions (RR809),RR809,,,,,,Department for Work and Pensions,England,The National Archives,Contains public sector information licensed under the Open Government Licence v3.0.,https://webarchive.nationalarchives.gov.uk/ukgwa/20160107144900/https://www.nationalarchives.gov.uk/doc/open-government-licence/version/3/,© Crown copyright,research|analysis,,,5/16/2024 1:26pm,,report,POCO,,,,,POCO_POGO|POCO_POGO_GB|POCO_POGO_GB_V1,en,United Kingdom (GB),,DWP Reports
https://webarchive.nationalarchives.gov.uk/ukgwa/20160115224110mp_/https:/www.gov.uk/government/publications/working-age-claimants-with-complex-needs-in-house-research-no-12,department-for-work-and-pensions-gb,department-for-work-and-pensions-gb:national-archives,Working Age claimants with complex needs: in-house research no. 12,,,,,,,Department for Work and Pensions,England,The National Archives,Contains public sector information licensed under the Open Government Licence v3.0.,https://webarchive.nationalarchives.gov.uk/ukgwa/20160107144900/https://www.nationalarchives.gov.uk/doc/open-government-licence/version/3/,© Crown copyright,research|analysis,,,5/16/2024 1:26pm,,report,POCO,,,,,POCO_POGO|POCO_POGO_GB|POCO_POGO_GB_V1,en,United Kingdom (GB),,DWP Reports
https://webarchive.nationalarchives.gov.uk/ukgwa/20160115224110mp_/https:/www.gov.uk/government/publications/how-ready-is-jobcentre-plus-to-help-people-in-their-60s-find-work-ihr11,department-for-work-and-pensions-gb,department-for-work-and-pensions-gb:national-archives,How ready is Jobcentre Plus to help people in their 60s find work? (IHR11),IHR11,,,,,,Department for Work and Pensions,England,The National Archives,Contains public sector information licensed under the Open Government Licence v3.0.,https://webarchive.nationalarchives.gov.uk/ukgwa/20160107144900/https://www.nationalarchives.gov.uk/doc/open-government-licence/version/3/,© Crown copyright,research|analysis,,,5/16/2024 1:26pm,,report,POCO,,,,,POCO_POGO|POCO_POGO_GB|POCO_POGO_GB_V1,en,United Kingdom (GB),,DWP Reports
https://webarchive.nationalarchives.gov.uk/ukgwa/20160115224110mp_/https:/www.gov.uk/government/publications/decision-making-on-employment-and-support-allowance-claims-rr788,department-for-work-and-pensions-gb,department-for-work-and-pensions-gb:national-archives,Decision making on Employment and Support Allowance claims (RR788),RR788,,,,,,Department for Work and Pensions,England,The National Archives,Contains public sector information licensed under the Open Government Licence v3.0.,https://webarchive.nationalarchives.gov.uk/ukgwa/20160107144900/https://www.nationalarchives.gov.uk/doc/open-government-licence/version/3/,© Crown copyright,research|analysis,,,5/16/2024 1:26pm,,report,POCO,,,,,POCO_POGO|POCO_POGO_GB|POCO_POGO_GB_V1,en,United Kingdom (GB),,DWP Reports
https://webarchive.nationalarchives.gov.uk/ukgwa/20160115224110mp_/https:/www.gov.uk/government/publications/employers-pension-provision-survey-2011rr802,department-for-work-and-pensions-gb,department-for-work-and-pensions-gb:national-archives,Employers' Pension Provision Survey 2011(RR802),RR802,,,,,,Department for Work and Pensions,England,The National Archives,Contains public sector information licensed under the Open Government Licence v3.0.,https://webarchive.nationalarchives.gov.uk/ukgwa/20160107144900/https://www.nationalarchives.gov.uk/doc/open-government-licence/version/3/,© Crown copyright,research|analysis,,,5/16/2024 1:26pm,,report,POCO,,,,,POCO_POGO|POCO_POGO_GB|POCO_POGO_GB_V1,en,United Kingdom (GB),,DWP Reports
https://webarchive.nationalarchives.gov.uk/ukgwa/20160115224110mp_/https:/www.gov.uk/government/publications/work-and-the-welfare-system-a-survey-of-benefits-and-tax-credits-recipients-rr800,department-for-work-and-pensions-gb,department-for-work-and-pensions-gb:national-archives,Work and the welfare system: a survey of benefits and tax credits recipients (RR800),RR800,,,,,,Department for Work and Pensions,England,The National Archives,Contains public sector information licensed under the Open Government Licence v3.0.,https://webarchive.nationalarchives.gov.uk/ukgwa/20160107144900/https://www.nationalarchives.gov.uk/doc/open-government-licence/version/3/,© Crown copyright,research|analysis,,,5/16/2024 1:26pm,,report,POCO,,,,,POCO_POGO|POCO_POGO_GB|POCO_POGO_GB_V1,en,United Kingdom (GB),,DWP Reports
https://webarchive.nationalarchives.gov.uk/ukgwa/20160115224110mp_/https:/www.gov.uk/government/publications/workplace-pension-reforms-baseline-evaluation-report-rr803,department-for-work-and-pensions-gb,department-for-work-and-pensions-gb:national-archives,Workplace Pension Reforms: Baseline Evaluation Report (RR803),RR803,,,,,,Department for Work and Pensions,England,The National Archives,Contains public sector information licensed under the Open Government Licence v3.0.,https://webarchive.nationalarchives.gov.uk/ukgwa/20160107144900/https://www.nationalarchives.gov.uk/doc/open-government-licence/version/3/,© Crown copyright,research|analysis,,,5/16/2024 1:26pm,,report,POCO,,,,,POCO_POGO|POCO_POGO_GB|POCO_POGO_GB_V1,en,United Kingdom (GB),,DWP Reports
https://webarchive.nationalarchives.gov.uk/ukgwa/20160115224110mp_/https:/www.gov.uk/government/publications/insight-to-support-universal-credit-user-centred-design-rr799,department-for-work-and-pensions-gb,department-for-work-and-pensions-gb:national-archives,Universal Credit: research with claimants and staff to inform development,,,,,,,Department for Work and Pensions,England,The National Archives,Contains public sector information licensed under the Open Government Licence v3.0.,https://webarchive.nationalarchives.gov.uk/ukgwa/20160107144900/https://www.nationalarchives.gov.uk/doc/open-government-licence/version/3/,© Crown copyright,research|analysis,,,5/16/2024 1:26pm,,report,POCO,,,,,POCO_POGO|POCO_POGO_GB|POCO_POGO_GB_V1,en,United Kingdom (GB),,DWP Reports
https://webarchive.nationalarchives.gov.uk/ukgwa/20160115224110mp_/https:/www.gov.uk/government/publications/monitoring-the-impact-of-changes-to-the-local-housing-allowance-system-of-housing-benefit-summary-of-early-findings-rr798,department-for-work-and-pensions-gb,department-for-work-and-pensions-gb:national-archives,Monitoring the impact of changes to the Local Housing Allowance system of housing benefit: Summary of early findings (RR798),RR798,,,,,,Department for Work and Pensions,England,The National Archives,Contains public sector information licensed under the Open Government Licence v3.0.,https://webarchive.nationalarchives.gov.uk/ukgwa/20160107144900/https://www.nationalarchives.gov.uk/doc/open-government-licence/version/3/,© Crown copyright,research|analysis,,,5/16/2024 1:26pm,,report,POCO,,,,,POCO_POGO|POCO_POGO_GB|POCO_POGO_GB_V1,en,United Kingdom (GB),,DWP Reports
https://webarchive.nationalarchives.gov.uk/ukgwa/20160115224110mp_/https:/www.gov.uk/government/publications/process-evaluation-of-the-jobcentre-plus-performance-management-framework-rr801,department-for-work-and-pensions-gb,department-for-work-and-pensions-gb:national-archives,Process evaluation of the Jobcentre Plus Performance Management Framework (RR801),RR801,,,,,,Department for Work and Pensions,England,The National Archives,Contains public sector information licensed under the Open Government Licence v3.0.,https://webarchive.nationalarchives.gov.uk/ukgwa/20160107144900/https://www.nationalarchives.gov.uk/doc/open-government-licence/version/3/,© Crown copyright,research|analysis,,,5/16/2024 1:26pm,,report,POCO,,,,,POCO_POGO|POCO_POGO_GB|POCO_POGO_GB_V1,en,United Kingdom (GB),,DWP Reports
https://webarchive.nationalarchives.gov.uk/ukgwa/20160115224110mp_/https:/www.gov.uk/government/publications/supplementary-review-to-assess-the-impact-of-the-workplace-pension-reforms-on-household-savings-in-house-research-no10,department-for-work-and-pensions-gb,department-for-work-and-pensions-gb:national-archives,Supplementary review to assess the impact of the workplace pension reforms on household savings: in-house research no.10,,,,,,,Department for Work and Pensions,England,The National Archives,Contains public sector information licensed under the Open Government Licence v3.0.,https://webarchive.nationalarchives.gov.uk/ukgwa/20160107144900/https://www.nationalarchives.gov.uk/doc/open-government-licence/version/3/,© Crown copyright,research|analysis,,,5/16/2024 1:26pm,,report,POCO,,,,,POCO_POGO|POCO_POGO_GB|POCO_POGO_GB_V1,en,United Kingdom (GB),,DWP Reports
https://webarchive.nationalarchives.gov.uk/ukgwa/20160115224110mp_/https:/www.gov.uk/government/publications/european-social-fund-2007-to-2010-in-house-research-no-9,department-for-work-and-pensions-gb,department-for-work-and-pensions-gb:national-archives,European Social Fund 2007 to 2010 co-financing plans evaluation,,,,,,,Department for Work and Pensions,England,The National Archives,Contains public sector information licensed under the Open Government Licence v3.0.,https://webarchive.nationalarchives.gov.uk/ukgwa/20160107144900/https://www.nationalarchives.gov.uk/doc/open-government-licence/version/3/,© Crown copyright,research|analysis,,,5/16/2024 1:26pm,,report,POCO,,,,,POCO_POGO|POCO_POGO_GB|POCO_POGO_GB_V1,en,United Kingdom (GB),,DWP Reports
https://webarchive.nationalarchives.gov.uk/ukgwa/20160115224110mp_/https:/www.gov.uk/government/publications/personal-independence-payment-user-centred-design-strand-1-report-rr794,department-for-work-and-pensions-gb,department-for-work-and-pensions-gb:national-archives,Personal Independence Payment user-centred design: Strand 1 report (RR794),RR794,,,,,,Department for Work and Pensions,England,The National Archives,Contains public sector information licensed under the Open Government Licence v3.0.,https://webarchive.nationalarchives.gov.uk/ukgwa/20160107144900/https://www.nationalarchives.gov.uk/doc/open-government-licence/version/3/,© Crown copyright,research|analysis,,,5/16/2024 1:26pm,,report,POCO,,,,,POCO_POGO|POCO_POGO_GB|POCO_POGO_GB_V1,en,United Kingdom (GB),,DWP Reports
https://webarchive.nationalarchives.gov.uk/ukgwa/20160115224110mp_/https:/www.gov.uk/government/publications/statement-of-fitness-for-work-rr797,department-for-work-and-pensions-gb,department-for-work-and-pensions-gb:national-archives,Statement of Fitness for Work (RR797),RR797,,,,,,Department for Work and Pensions,England,The National Archives,Contains public sector information licensed under the Open Government Licence v3.0.,https://webarchive.nationalarchives.gov.uk/ukgwa/20160107144900/https://www.nationalarchives.gov.uk/doc/open-government-licence/version/3/,© Crown copyright,research|analysis,,,5/16/2024 1:26pm,,report,POCO,,,,,POCO_POGO|POCO_POGO_GB|POCO_POGO_GB_V1,en,United Kingdom (GB),,DWP Reports
https://webarchive.nationalarchives.gov.uk/ukgwa/20160115224110mp_/https:/www.gov.uk/government/publications/qualitative-evaluation-of-the-pension-credit-payment-study-rr795,department-for-work-and-pensions-gb,department-for-work-and-pensions-gb:national-archives,Qualitative evaluation of the Pension Credit Payment Study (RR795),RR795,,,,,,Department for Work and Pensions,England,The National Archives,Contains public sector information licensed under the Open Government Licence v3.0.,https://webarchive.nationalarchives.gov.uk/ukgwa/20160107144900/https://www.nationalarchives.gov.uk/doc/open-government-licence/version/3/,© Crown copyright,research|analysis,,,5/16/2024 1:26pm,,report,POCO,,,,,POCO_POGO|POCO_POGO_GB|POCO_POGO_GB_V1,en,United Kingdom (GB),,DWP Reports
https://webarchive.nationalarchives.gov.uk/ukgwa/20160115224110mp_/https:/www.gov.uk/government/publications/quantitative-evaluation-of-the-pension-credit-payment-study-rr796,department-for-work-and-pensions-gb,department-for-work-and-pensions-gb:national-archives,Quantitative evaluation of the Pension Credit Payment Study (RR796),RR796,,,,,,Department for Work and Pensions,England,The National Archives,Contains public sector information licensed under the Open Government Licence v3.0.,https://webarchive.nationalarchives.gov.uk/ukgwa/20160107144900/https://www.nationalarchives.gov.uk/doc/open-government-licence/version/3/,© Crown copyright,research|analysis,,,5/16/2024 1:26pm,,report,POCO,,,,,POCO_POGO|POCO_POGO_GB|POCO_POGO_GB_V1,en,United Kingdom (GB),,DWP Reports
https://webarchive.nationalarchives.gov.uk/ukgwa/20160115224110mp_/https:/www.gov.uk/government/publications/review-of-50-plus-works-good-practice-guide-and-toolkit-in-house-research-no-8,department-for-work-and-pensions-gb,department-for-work-and-pensions-gb:national-archives,Review of 50 Plus Works good-practice guide and toolkit: in-house research no. 8,,,,,,,Department for Work and Pensions,England,The National Archives,Contains public sector information licensed under the Open Government Licence v3.0.,https://webarchive.nationalarchives.gov.uk/ukgwa/20160107144900/https://www.nationalarchives.gov.uk/doc/open-government-licence/version/3/,© Crown copyright,research|analysis,,,5/16/2024 1:26pm,,report,POCO,,,,,POCO_POGO|POCO_POGO_GB|POCO_POGO_GB_V1,en,United Kingdom (GB),,DWP Reports
https://webarchive.nationalarchives.gov.uk/ukgwa/20160115224110mp_/https:/www.gov.uk/government/publications/evaluation-of-the-fit-for-work-service-pilots-first-year-report-rr792,department-for-work-and-pensions-gb,department-for-work-and-pensions-gb:national-archives,Evaluation of the Fit for Work Service pilots: first year report (RR792),RR792,,,,,,Department for Work and Pensions,England,The National Archives,Contains public sector information licensed under the Open Government Licence v3.0.,https://webarchive.nationalarchives.gov.uk/ukgwa/20160107144900/https://www.nationalarchives.gov.uk/doc/open-government-licence/version/3/,© Crown copyright,research|analysis,,,5/16/2024 1:26pm,,report,POCO,,,,,POCO_POGO|POCO_POGO_GB|POCO_POGO_GB_V1,en,United Kingdom (GB),,DWP Reports
https://webarchive.nationalarchives.gov.uk/ukgwa/20160115224110mp_/https:/www.gov.uk/government/publications/occupational-health-advice-lines-evaluation-final-report-rr793,department-for-work-and-pensions-gb,department-for-work-and-pensions-gb:national-archives,Occupational Health Advice Lines evaluation: final report (RR793),RR793,,,,,,Department for Work and Pensions,England,The National Archives,Contains public sector information licensed under the Open Government Licence v3.0.,https://webarchive.nationalarchives.gov.uk/ukgwa/20160107144900/https://www.nationalarchives.gov.uk/doc/open-government-licence/version/3/,© Crown copyright,research|analysis,,,5/16/2024 1:26pm,,report,POCO,,,,,POCO_POGO|POCO_POGO_GB|POCO_POGO_GB_V1,en,United Kingdom (GB),,DWP Reports
https://webarchive.nationalarchives.gov.uk/ukgwa/20160115224110mp_/https:/www.gov.uk/government/publications/destinations-of-jobseekers-allowance-income-support-and-employment-and-supportallowance-leavers-2011-rr791,department-for-work-and-pensions-gb,department-for-work-and-pensions-gb:national-archives,"Destinations of Jobseeker’s Allowance, Income Support and Employment and SupportAllowance Leavers 2011 (RR791)",RR791,,,,,,Department for Work and Pensions,England,The National Archives,Contains public sector information licensed under the Open Government Licence v3.0.,https://webarchive.nationalarchives.gov.uk/ukgwa/20160107144900/https://www.nationalarchives.gov.uk/doc/open-government-licence/version/3/,© Crown copyright,research|analysis,,,5/16/2024 1:26pm,,report,POCO,,,,,POCO_POGO|POCO_POGO_GB|POCO_POGO_GB_V1,en,United Kingdom (GB),,DWP Reports
https://webarchive.nationalarchives.gov.uk/ukgwa/20160115224110mp_/https:/www.gov.uk/government/publications/bereavement-benefits-findings-from-qualitative-research-rr790,department-for-work-and-pensions-gb,department-for-work-and-pensions-gb:national-archives,Bereavement benefits: findings from qualitative research (RR790),RR790,,,,,,Department for Work and Pensions,England,The National Archives,Contains public sector information licensed under the Open Government Licence v3.0.,https://webarchive.nationalarchives.gov.uk/ukgwa/20160107144900/https://www.nationalarchives.gov.uk/doc/open-government-licence/version/3/,© Crown copyright,research|analysis,,,5/16/2024 1:26pm,,report,POCO,,,,,POCO_POGO|POCO_POGO_GB|POCO_POGO_GB_V1,en,United Kingdom (GB),,DWP Reports
https://webarchive.nationalarchives.gov.uk/ukgwa/20160115224110mp_/https:/www.gov.uk/government/publications/pension-disability-and-carers-service-customer-survey-201011-annual-report-rr789,department-for-work-and-pensions-gb,department-for-work-and-pensions-gb:national-archives,"Pension, Disability and Carers Service customer survey: 2010/11 annual report (RR789)",RR789,,,,,,Department for Work and Pensions,England,The National Archives,Contains public sector information licensed under the Open Government Licence v3.0.,https://webarchive.nationalarchives.gov.uk/ukgwa/20160107144900/https://www.nationalarchives.gov.uk/doc/open-government-licence/version/3/,© Crown copyright,research|analysis,,,5/16/2024 1:26pm,,report,POCO,,,,,POCO_POGO|POCO_POGO_GB|POCO_POGO_GB_V1,en,United Kingdom (GB),,DWP Reports
https://webarchive.nationalarchives.gov.uk/ukgwa/20160115224110mp_/https:/www.gov.uk/government/publications/active-at-60-final-report-of-local-evaluation-research-rr786,department-for-work-and-pensions-gb,department-for-work-and-pensions-gb:national-archives,Active at 60: final report of local evaluation research (RR786),RR786,,,,,,Department for Work and Pensions,England,The National Archives,Contains public sector information licensed under the Open Government Licence v3.0.,https://webarchive.nationalarchives.gov.uk/ukgwa/20160107144900/https://www.nationalarchives.gov.uk/doc/open-government-licence/version/3/,© Crown copyright,research|analysis,,,5/16/2024 1:26pm,,report,POCO,,,,,POCO_POGO|POCO_POGO_GB|POCO_POGO_GB_V1,en,United Kingdom (GB),,DWP Reports
https://webarchive.nationalarchives.gov.uk/ukgwa/20160115224110mp_/https:/www.gov.uk/government/publications/investigating-the-triggers-into-claiming-pension-credit-rr785,department-for-work-and-pensions-gb,department-for-work-and-pensions-gb:national-archives,Investigating the triggers into claiming Pension Credit (RR785),RR785,,,,,,Department for Work and Pensions,England,The National Archives,Contains public sector information licensed under the Open Government Licence v3.0.,https://webarchive.nationalarchives.gov.uk/ukgwa/20160107144900/https://www.nationalarchives.gov.uk/doc/open-government-licence/version/3/,© Crown copyright,research|analysis,,,5/16/2024 1:26pm,,report,POCO,,,,,POCO_POGO|POCO_POGO_GB|POCO_POGO_GB_V1,en,United Kingdom (GB),,DWP Reports
https://webarchive.nationalarchives.gov.uk/ukgwa/20160115224110mp_/https:/www.gov.uk/government/publications/attitudes-to-age-in-britain-201011-in-house-research-no-7,department-for-work-and-pensions-gb,department-for-work-and-pensions-gb:national-archives,Attitudes to age in Britain 2010/11: in-house research no. 7,,,,,,,Department for Work and Pensions,England,The National Archives,Contains public sector information licensed under the Open Government Licence v3.0.,https://webarchive.nationalarchives.gov.uk/ukgwa/20160107144900/https://www.nationalarchives.gov.uk/doc/open-government-licence/version/3/,© Crown copyright,research|analysis,,,5/16/2024 1:26pm,,report,POCO,,,,,POCO_POGO|POCO_POGO_GB|POCO_POGO_GB_V1,en,United Kingdom (GB),,DWP Reports
https://webarchive.nationalarchives.gov.uk/ukgwa/20160115224110mp_/https:/www.gov.uk/government/publications/city-strategy-final-evaluation-rr783,department-for-work-and-pensions-gb,department-for-work-and-pensions-gb:national-archives,City Strategy: final evaluation (RR783),RR783,,,,,,Department for Work and Pensions,England,The National Archives,Contains public sector information licensed under the Open Government Licence v3.0.,https://webarchive.nationalarchives.gov.uk/ukgwa/20160107144900/https://www.nationalarchives.gov.uk/doc/open-government-licence/version/3/,© Crown copyright,research|analysis,,,5/16/2024 1:26pm,,report,POCO,,,,,POCO_POGO|POCO_POGO_GB|POCO_POGO_GB_V1,en,United Kingdom (GB),,DWP Reports
https://webarchive.nationalarchives.gov.uk/ukgwa/20160115224110mp_/https:/www.gov.uk/government/publications/qualitative-study-of-offender-employment-review-final-report-rr784,department-for-work-and-pensions-gb,department-for-work-and-pensions-gb:national-archives,Qualitative study of offender employment review: final report (RR784),RR784,,,,,,Department for Work and Pensions,England,The National Archives,Contains public sector information licensed under the Open Government Licence v3.0.,https://webarchive.nationalarchives.gov.uk/ukgwa/20160107144900/https://www.nationalarchives.gov.uk/doc/open-government-licence/version/3/,© Crown copyright,research|analysis,,,5/16/2024 1:26pm,,report,POCO,,,,,POCO_POGO|POCO_POGO_GB|POCO_POGO_GB_V1,en,United Kingdom (GB),,DWP Reports
https://webarchive.nationalarchives.gov.uk/ukgwa/20160115224110mp_/https:/www.gov.uk/government/publications/lone-parent-obligations-work-childcare-and-the-jobseekers-allowance-regime-rr782,department-for-work-and-pensions-gb,department-for-work-and-pensions-gb:national-archives,"Lone Parent Obligations: work, childcare and the Jobseeker’s Allowance regime (RR782)",RR782,,,,,,Department for Work and Pensions,England,The National Archives,Contains public sector information licensed under the Open Government Licence v3.0.,https://webarchive.nationalarchives.gov.uk/ukgwa/20160107144900/https://www.nationalarchives.gov.uk/doc/open-government-licence/version/3/,© Crown copyright,research|analysis,,,5/16/2024 1:26pm,,report,POCO,,,,,POCO_POGO|POCO_POGO_GB|POCO_POGO_GB_V1,en,United Kingdom (GB),,DWP Reports
https://webarchive.nationalarchives.gov.uk/ukgwa/20160115224110mp_/https:/www.gov.uk/government/publications/the-introduction-of-jobcentre-plus-an-evaluation-of-labour-market-impacts-rr781,department-for-work-and-pensions-gb,department-for-work-and-pensions-gb:national-archives,The introduction of Jobcentre Plus: An evaluation of labour market impacts (RR781),RR781,,,,,,Department for Work and Pensions,England,The National Archives,Contains public sector information licensed under the Open Government Licence v3.0.,https://webarchive.nationalarchives.gov.uk/ukgwa/20160107144900/https://www.nationalarchives.gov.uk/doc/open-government-licence/version/3/,© Crown copyright,research|analysis,,,5/16/2024 1:26pm,,report,POCO,,,,,POCO_POGO|POCO_POGO_GB|POCO_POGO_GB_V1,en,United Kingdom (GB),,DWP Reports
https://webarchive.nationalarchives.gov.uk/ukgwa/20160115224110mp_/https:/www.gov.uk/government/publications/work-choice-evaluation-in-house-research-no-6,department-for-work-and-pensions-gb,department-for-work-and-pensions-gb:national-archives,Work Choice evaluation: in-house research no. 6,,,,,,,Department for Work and Pensions,England,The National Archives,Contains public sector information licensed under the Open Government Licence v3.0.,https://webarchive.nationalarchives.gov.uk/ukgwa/20160107144900/https://www.nationalarchives.gov.uk/doc/open-government-licence/version/3/,© Crown copyright,research|analysis,,,5/16/2024 1:26pm,,report,POCO,,,,,POCO_POGO|POCO_POGO_GB|POCO_POGO_GB_V1,en,United Kingdom (GB),,DWP Reports
https://webarchive.nationalarchives.gov.uk/ukgwa/20160115224110mp_/https:/www.gov.uk/government/publications/an-evaluation-of-the-statement-of-fitness-for-work-qualitative-research-with-gps-rr780,department-for-work-and-pensions-gb,department-for-work-and-pensions-gb:national-archives,An evaluation of the Statement of Fitness for Work: qualitative research with GPs (RR780),RR780,,,,,,Department for Work and Pensions,England,The National Archives,Contains public sector information licensed under the Open Government Licence v3.0.,https://webarchive.nationalarchives.gov.uk/ukgwa/20160107144900/https://www.nationalarchives.gov.uk/doc/open-government-licence/version/3/,© Crown copyright,research|analysis,,,5/16/2024 1:26pm,,report,POCO,,,,,POCO_POGO|POCO_POGO_GB|POCO_POGO_GB_V1,en,United Kingdom (GB),,DWP Reports
https://webarchive.nationalarchives.gov.uk/ukgwa/20160115224110mp_/https:/www.gov.uk/government/publications/understanding-the-worklessness-dynamics-and-characteristics-of-deprived-areas-rr779,department-for-work-and-pensions-gb,department-for-work-and-pensions-gb:national-archives,Understanding the worklessness dynamics and characteristics of deprived areas (RR779),RR779,,,,,,Department for Work and Pensions,England,The National Archives,Contains public sector information licensed under the Open Government Licence v3.0.,https://webarchive.nationalarchives.gov.uk/ukgwa/20160107144900/https://www.nationalarchives.gov.uk/doc/open-government-licence/version/3/,© Crown copyright,research|analysis,,,5/16/2024 1:26pm,,report,POCO,,,,,POCO_POGO|POCO_POGO_GB|POCO_POGO_GB_V1,en,United Kingdom (GB),,DWP Reports
https://webarchive.nationalarchives.gov.uk/ukgwa/20160115224110mp_/https:/www.gov.uk/government/publications/perceptions-of-welfare-reform-and-universal-credit-rr778,department-for-work-and-pensions-gb,department-for-work-and-pensions-gb:national-archives,Perceptions of welfare reform and Universal Credit (RR778),RR778,,,,,,Department for Work and Pensions,England,The National Archives,Contains public sector information licensed under the Open Government Licence v3.0.,https://webarchive.nationalarchives.gov.uk/ukgwa/20160107144900/https://www.nationalarchives.gov.uk/doc/open-government-licence/version/3/,© Crown copyright,research|analysis,,,5/16/2024 1:26pm,,report,POCO,,,,,POCO_POGO|POCO_POGO_GB|POCO_POGO_GB_V1,en,United Kingdom (GB),,DWP Reports
https://webarchive.nationalarchives.gov.uk/ukgwa/20160115224110mp_/https:/www.gov.uk/government/publications/european-social-fund-operational-programme-2007-to-2013-synthesis-of-evidence-from-the-first-half-of-the-programme,department-for-work-and-pensions-gb,department-for-work-and-pensions-gb:national-archives,ESF 2007 to 2013: evaluation of the first half of the programme,,,,,,,Department for Work and Pensions,England,The National Archives,Contains public sector information licensed under the Open Government Licence v3.0.,https://webarchive.nationalarchives.gov.uk/ukgwa/20160107144900/https://www.nationalarchives.gov.uk/doc/open-government-licence/version/3/,© Crown copyright,research|analysis,,,5/16/2024 1:26pm,,report,POCO,,,,,POCO_POGO|POCO_POGO_GB|POCO_POGO_GB_V1,en,United Kingdom (GB),,DWP Reports
https://webarchive.nationalarchives.gov.uk/ukgwa/20160115224110mp_/https:/www.gov.uk/government/publications/increasing-digital-channel-use-amongst-digitally-excluded-jobcentre-plus-claimants-rr776,department-for-work-and-pensions-gb,department-for-work-and-pensions-gb:national-archives,Increasing digital channel use amongst digitally excluded Jobcentre Plus claimants (RR776),RR776,,,,,,Department for Work and Pensions,England,The National Archives,Contains public sector information licensed under the Open Government Licence v3.0.,https://webarchive.nationalarchives.gov.uk/ukgwa/20160107144900/https://www.nationalarchives.gov.uk/doc/open-government-licence/version/3/,© Crown copyright,research|analysis,,,5/16/2024 1:26pm,,report,POCO,,,,,POCO_POGO|POCO_POGO_GB|POCO_POGO_GB_V1,en,United Kingdom (GB),,DWP Reports
https://webarchive.nationalarchives.gov.uk/ukgwa/20160115224110mp_/https:/www.gov.uk/government/publications/maternity-and-paternity-rights-and-women-returners-survey-200910-rr777,department-for-work-and-pensions-gb,department-for-work-and-pensions-gb:national-archives,Maternity and Paternity Rights and Women Returners Survey 2009/10 (RR777),RR777,,,,,,Department for Work and Pensions,England,The National Archives,Contains public sector information licensed under the Open Government Licence v3.0.,https://webarchive.nationalarchives.gov.uk/ukgwa/20160107144900/https://www.nationalarchives.gov.uk/doc/open-government-licence/version/3/,© Crown copyright,research|analysis,,,5/16/2024 1:26pm,,report,POCO,,,,,POCO_POGO|POCO_POGO_GB|POCO_POGO_GB_V1,en,United Kingdom (GB),,DWP Reports
https://webarchive.nationalarchives.gov.uk/ukgwa/20160115224110mp_/https:/www.gov.uk/government/publications/work-focused-services-in-childrens-centres-pilot-rr772,department-for-work-and-pensions-gb,department-for-work-and-pensions-gb:national-archives,Work-Focused Services in Children’s Centres Pilot (RR772),RR772,,,,,,Department for Work and Pensions,England,The National Archives,Contains public sector information licensed under the Open Government Licence v3.0.,https://webarchive.nationalarchives.gov.uk/ukgwa/20160107144900/https://www.nationalarchives.gov.uk/doc/open-government-licence/version/3/,© Crown copyright,research|analysis,,,5/16/2024 1:26pm,,report,POCO,,,,,POCO_POGO|POCO_POGO_GB|POCO_POGO_GB_V1,en,United Kingdom (GB),,DWP Reports
https://webarchive.nationalarchives.gov.uk/ukgwa/20160115224110mp_/https:/www.gov.uk/government/publications/perceptions-of-income-requirements-in-retirement-rr773,department-for-work-and-pensions-gb,department-for-work-and-pensions-gb:national-archives,Perceptions of income requirements in retirement (RR773),RR773,,,,,,Department for Work and Pensions,England,The National Archives,Contains public sector information licensed under the Open Government Licence v3.0.,https://webarchive.nationalarchives.gov.uk/ukgwa/20160107144900/https://www.nationalarchives.gov.uk/doc/open-government-licence/version/3/,© Crown copyright,research|analysis,,,5/16/2024 1:26pm,,report,POCO,,,,,POCO_POGO|POCO_POGO_GB|POCO_POGO_GB_V1,en,United Kingdom (GB),,DWP Reports
https://webarchive.nationalarchives.gov.uk/ukgwa/20160115224110mp_/https:/www.gov.uk/government/publications/routes-onto-employment-and-support-allowance-rr774,department-for-work-and-pensions-gb,department-for-work-and-pensions-gb:national-archives,Routes onto Employment and Support Allowance (RR774),RR774,,,,,,Department for Work and Pensions,England,The National Archives,Contains public sector information licensed under the Open Government Licence v3.0.,https://webarchive.nationalarchives.gov.uk/ukgwa/20160107144900/https://www.nationalarchives.gov.uk/doc/open-government-licence/version/3/,© Crown copyright,research|analysis,,,5/16/2024 1:26pm,,report,POCO,,,,,POCO_POGO|POCO_POGO_GB|POCO_POGO_GB_V1,en,United Kingdom (GB),,DWP Reports
https://webarchive.nationalarchives.gov.uk/ukgwa/20160115224110mp_/https:/www.gov.uk/government/publications/jobseekers-regime-and-flexible-new-deal-evaluation-rr767,department-for-work-and-pensions-gb,department-for-work-and-pensions-gb:national-archives,Jobseekers Regime and Flexible New Deal Evaluation (RR767),RR767,,,,,,Department for Work and Pensions,England,The National Archives,Contains public sector information licensed under the Open Government Licence v3.0.,https://webarchive.nationalarchives.gov.uk/ukgwa/20160107144900/https://www.nationalarchives.gov.uk/doc/open-government-licence/version/3/,© Crown copyright,research|analysis,,,5/16/2024 1:26pm,,report,POCO,,,,,POCO_POGO|POCO_POGO_GB|POCO_POGO_GB_V1,en,United Kingdom (GB),,DWP Reports
https://webarchive.nationalarchives.gov.uk/ukgwa/20160115224110mp_/https:/www.gov.uk/government/publications/employers-recruitment-behaviour-and-decisions-rr754,department-for-work-and-pensions-gb,department-for-work-and-pensions-gb:national-archives,Employers’ recruitment behaviour and decisions (RR754),RR754,,,,,,Department for Work and Pensions,England,The National Archives,Contains public sector information licensed under the Open Government Licence v3.0.,https://webarchive.nationalarchives.gov.uk/ukgwa/20160107144900/https://www.nationalarchives.gov.uk/doc/open-government-licence/version/3/,© Crown copyright,research|analysis,,,5/16/2024 1:26pm,,report,POCO,,,,,POCO_POGO|POCO_POGO_GB|POCO_POGO_GB_V1,en,United Kingdom (GB),,DWP Reports
https://webarchive.nationalarchives.gov.uk/ukgwa/20160115224110mp_/https:/www.gov.uk/government/publications/jobcentre-plus-customer-survey-2011rr775,department-for-work-and-pensions-gb,department-for-work-and-pensions-gb:national-archives,Jobcentre Plus customer survey 2011(RR775),RR775,,,,,,Department for Work and Pensions,England,The National Archives,Contains public sector information licensed under the Open Government Licence v3.0.,https://webarchive.nationalarchives.gov.uk/ukgwa/20160107144900/https://www.nationalarchives.gov.uk/doc/open-government-licence/version/3/,© Crown copyright,research|analysis,,,5/16/2024 1:26pm,,report,POCO,,,,,POCO_POGO|POCO_POGO_GB|POCO_POGO_GB_V1,en,United Kingdom (GB),,DWP Reports
https://webarchive.nationalarchives.gov.uk/ukgwa/20160115224110mp_/https:/www.gov.uk/government/publications/breaking-the-low-pay-no-pay-cycle-rr765,department-for-work-and-pensions-gb,department-for-work-and-pensions-gb:national-archives,"Breaking the low-pay, no-pay cycle (RR765)",RR765,,,,,,Department for Work and Pensions,England,The National Archives,Contains public sector information licensed under the Open Government Licence v3.0.,https://webarchive.nationalarchives.gov.uk/ukgwa/20160107144900/https://www.nationalarchives.gov.uk/doc/open-government-licence/version/3/,© Crown copyright,research|analysis,,,5/16/2024 1:26pm,,report,POCO,,,,,POCO_POGO|POCO_POGO_GB|POCO_POGO_GB_V1,en,United Kingdom (GB),,DWP Reports
https://webarchive.nationalarchives.gov.uk/ukgwa/20160115224110mp_/https:/www.gov.uk/government/publications/jobseekers-allowance-provision-for-the-50-rr766,department-for-work-and-pensions-gb,department-for-work-and-pensions-gb:national-archives,Jobseeker’s Allowance provision for the 50+ (RR766),RR766,,,,,,Department for Work and Pensions,England,The National Archives,Contains public sector information licensed under the Open Government Licence v3.0.,https://webarchive.nationalarchives.gov.uk/ukgwa/20160107144900/https://www.nationalarchives.gov.uk/doc/open-government-licence/version/3/,© Crown copyright,research|analysis,,,5/16/2024 1:26pm,,report,POCO,,,,,POCO_POGO|POCO_POGO_GB|POCO_POGO_GB_V1,en,United Kingdom (GB),,DWP Reports
https://webarchive.nationalarchives.gov.uk/ukgwa/20160115224110mp_/https:/www.gov.uk/government/publications/the-jobseekers-allowance-skills-conditionality-pilot-rr768,department-for-work-and-pensions-gb,department-for-work-and-pensions-gb:national-archives,The Jobseeker’s Allowance Skills Conditionality Pilot (RR768),RR768,,,,,,Department for Work and Pensions,England,The National Archives,Contains public sector information licensed under the Open Government Licence v3.0.,https://webarchive.nationalarchives.gov.uk/ukgwa/20160107144900/https://www.nationalarchives.gov.uk/doc/open-government-licence/version/3/,© Crown copyright,research|analysis,,,5/16/2024 1:26pm,,report,POCO,,,,,POCO_POGO|POCO_POGO_GB|POCO_POGO_GB_V1,en,United Kingdom (GB),,DWP Reports
https://webarchive.nationalarchives.gov.uk/ukgwa/20160115224110mp_/https:/www.gov.uk/government/publications/employment-retention-and-advancement-demonstration-rr759,department-for-work-and-pensions-gb,department-for-work-and-pensions-gb:national-archives,Employment Retention and Advancement demonstration (RR759),RR759,,,,,,Department for Work and Pensions,England,The National Archives,Contains public sector information licensed under the Open Government Licence v3.0.,https://webarchive.nationalarchives.gov.uk/ukgwa/20160107144900/https://www.nationalarchives.gov.uk/doc/open-government-licence/version/3/,© Crown copyright,research|analysis,,,5/16/2024 1:26pm,,report,POCO,,,,,POCO_POGO|POCO_POGO_GB|POCO_POGO_GB_V1,en,United Kingdom (GB),,DWP Reports
https://webarchive.nationalarchives.gov.uk/ukgwa/20160115224110mp_/https:/www.gov.uk/government/publications/six-month-offer-evaluation-rr769,department-for-work-and-pensions-gb,department-for-work-and-pensions-gb:national-archives,Six Month Offer Evaluation (RR769),RR769,,,,,,Department for Work and Pensions,England,The National Archives,Contains public sector information licensed under the Open Government Licence v3.0.,https://webarchive.nationalarchives.gov.uk/ukgwa/20160107144900/https://www.nationalarchives.gov.uk/doc/open-government-licence/version/3/,© Crown copyright,research|analysis,,,5/16/2024 1:26pm,,report,POCO,,,,,POCO_POGO|POCO_POGO_GB|POCO_POGO_GB_V1,en,United Kingdom (GB),,DWP Reports
https://webarchive.nationalarchives.gov.uk/ukgwa/20160115224110mp_/https:/www.gov.uk/government/publications/understanding-the-experiences-of-pdcs-customers-engaged-with-the-formal-complaints-process-rr770,department-for-work-and-pensions-gb,department-for-work-and-pensions-gb:national-archives,Understanding the experiences of PDCS customers engaged with the formal complaints process (RR770),RR770,,,,,,Department for Work and Pensions,England,The National Archives,Contains public sector information licensed under the Open Government Licence v3.0.,https://webarchive.nationalarchives.gov.uk/ukgwa/20160107144900/https://www.nationalarchives.gov.uk/doc/open-government-licence/version/3/,© Crown copyright,research|analysis,,,5/16/2024 1:26pm,,report,POCO,,,,,POCO_POGO|POCO_POGO_GB|POCO_POGO_GB_V1,en,United Kingdom (GB),,DWP Reports
https://webarchive.nationalarchives.gov.uk/ukgwa/20160115224110mp_/https:/www.gov.uk/government/publications/health-and-well-being-at-work-rr750,department-for-work-and-pensions-gb,department-for-work-and-pensions-gb:national-archives,Health and well-being at work: a survey of employers (RR750),RR750,,,,,,Department for Work and Pensions,England,The National Archives,Contains public sector information licensed under the Open Government Licence v3.0.,https://webarchive.nationalarchives.gov.uk/ukgwa/20160107144900/https://www.nationalarchives.gov.uk/doc/open-government-licence/version/3/,© Crown copyright,research|analysis,,,5/16/2024 1:26pm,,report,POCO,,,,,POCO_POGO|POCO_POGO_GB|POCO_POGO_GB_V1,en,United Kingdom (GB),,DWP Reports
https://webarchive.nationalarchives.gov.uk/ukgwa/20160115224110mp_/https:/www.gov.uk/government/publications/workplace-pension-reforms-evaluation-strategy-rr764,department-for-work-and-pensions-gb,department-for-work-and-pensions-gb:national-archives,Workplace Pension Reforms Evaluation Strategy (RR764),RR764,,,,,,Department for Work and Pensions,England,The National Archives,Contains public sector information licensed under the Open Government Licence v3.0.,https://webarchive.nationalarchives.gov.uk/ukgwa/20160107144900/https://www.nationalarchives.gov.uk/doc/open-government-licence/version/3/,© Crown copyright,research|analysis,,,5/16/2024 1:26pm,,report,POCO,,,,,POCO_POGO|POCO_POGO_GB|POCO_POGO_GB_V1,en,United Kingdom (GB),,DWP Reports
https://webarchive.nationalarchives.gov.uk/ukgwa/20160115224110mp_/https:/www.gov.uk/government/publications/pension-disability-and-carers-service-annual-report-of-quarterly-satisfaction-monitor-200910-rr761,department-for-work-and-pensions-gb,department-for-work-and-pensions-gb:national-archives,"Pension, Disability and Carers Service annual report of quarterly satisfaction monitor 2009/10 ( RR761)", RR761,,,,,,Department for Work and Pensions,England,The National Archives,Contains public sector information licensed under the Open Government Licence v3.0.,https://webarchive.nationalarchives.gov.uk/ukgwa/20160107144900/https://www.nationalarchives.gov.uk/doc/open-government-licence/version/3/,© Crown copyright,research|analysis,,,5/16/2024 1:26pm,,report,POCO,,,,,POCO_POGO|POCO_POGO_GB|POCO_POGO_GB_V1,en,United Kingdom (GB),,DWP Reports
https://webarchive.nationalarchives.gov.uk/ukgwa/20160115224110mp_/https:/www.gov.uk/government/publications/health-and-well-being-at-work-rr751,department-for-work-and-pensions-gb,department-for-work-and-pensions-gb:national-archives,Health and well-being at work: a survey of employees (RR751),RR751,,,,,,Department for Work and Pensions,England,The National Archives,Contains public sector information licensed under the Open Government Licence v3.0.,https://webarchive.nationalarchives.gov.uk/ukgwa/20160107144900/https://www.nationalarchives.gov.uk/doc/open-government-licence/version/3/,© Crown copyright,research|analysis,,,5/16/2024 1:26pm,,report,POCO,,,,,POCO_POGO|POCO_POGO_GB|POCO_POGO_GB_V1,en,United Kingdom (GB),,DWP Reports
https://webarchive.nationalarchives.gov.uk/ukgwa/20160115224110mp_/https:/www.gov.uk/government/publications/unsuccessful-employment-and-support-allowance-claims-rr762,department-for-work-and-pensions-gb,department-for-work-and-pensions-gb:national-archives,Unsuccessful Employment and Support Allowance claims (RR762),RR762,,,,,,Department for Work and Pensions,England,The National Archives,Contains public sector information licensed under the Open Government Licence v3.0.,https://webarchive.nationalarchives.gov.uk/ukgwa/20160107144900/https://www.nationalarchives.gov.uk/doc/open-government-licence/version/3/,© Crown copyright,research|analysis,,,5/16/2024 1:26pm,,report,POCO,,,,,POCO_POGO|POCO_POGO_GB|POCO_POGO_GB_V1,en,United Kingdom (GB),,DWP Reports
https://webarchive.nationalarchives.gov.uk/ukgwa/20160115224110mp_/https:/www.gov.uk/government/publications/general-practitioners-attitudes-towards-patients-health-and-work-rr733,department-for-work-and-pensions-gb,department-for-work-and-pensions-gb:national-archives,General Practitioners’ attitudes towards patients’ health and work (RR733),RR733,,,,,,Department for Work and Pensions,England,The National Archives,Contains public sector information licensed under the Open Government Licence v3.0.,https://webarchive.nationalarchives.gov.uk/ukgwa/20160107144900/https://www.nationalarchives.gov.uk/doc/open-government-licence/version/3/,© Crown copyright,research|analysis,,,5/16/2024 1:26pm,,report,POCO,,,,,POCO_POGO|POCO_POGO_GB|POCO_POGO_GB_V1,en,United Kingdom (GB),,DWP Reports
https://webarchive.nationalarchives.gov.uk/ukgwa/20160115224110mp_/https:/www.gov.uk/government/publications/right-to-bid-letter-on-demand-evaluation-in-house-research-no-4,department-for-work-and-pensions-gb,department-for-work-and-pensions-gb:national-archives,Right to Bid - Letter on Demand evaluation: in-house research no. 4,,,,,,,Department for Work and Pensions,England,The National Archives,Contains public sector information licensed under the Open Government Licence v3.0.,https://webarchive.nationalarchives.gov.uk/ukgwa/20160107144900/https://www.nationalarchives.gov.uk/doc/open-government-licence/version/3/,© Crown copyright,research|analysis,,,5/16/2024 1:26pm,,report,POCO,,,,,POCO_POGO|POCO_POGO_GB|POCO_POGO_GB_V1,en,United Kingdom (GB),,DWP Reports
https://webarchive.nationalarchives.gov.uk/ukgwa/20160115224110mp_/https:/www.gov.uk/government/publications/extending-employment-opportunities-to-adults-and-young-people-rr755,department-for-work-and-pensions-gb,department-for-work-and-pensions-gb:national-archives,Evaluation of ESF priorities 1 and 4: extending employment opportunities to adults and young people,,,,,,,Department for Work and Pensions,England,The National Archives,Contains public sector information licensed under the Open Government Licence v3.0.,https://webarchive.nationalarchives.gov.uk/ukgwa/20160107144900/https://www.nationalarchives.gov.uk/doc/open-government-licence/version/3/,© Crown copyright,research|analysis,,,5/16/2024 1:26pm,,report,POCO,,,,,POCO_POGO|POCO_POGO_GB|POCO_POGO_GB_V1,en,United Kingdom (GB),,DWP Reports
https://webarchive.nationalarchives.gov.uk/ukgwa/20160115224110mp_/https:/www.gov.uk/government/publications/trial-incapacity-benefits-reassessment-rr741,department-for-work-and-pensions-gb,department-for-work-and-pensions-gb:national-archives,Trial incapacity benefits reassessment (RR741),RR741,,,,,,Department for Work and Pensions,England,The National Archives,Contains public sector information licensed under the Open Government Licence v3.0.,https://webarchive.nationalarchives.gov.uk/ukgwa/20160107144900/https://www.nationalarchives.gov.uk/doc/open-government-licence/version/3/,© Crown copyright,research|analysis,,,5/16/2024 1:26pm,,report,POCO,,,,,POCO_POGO|POCO_POGO_GB|POCO_POGO_GB_V1,en,United Kingdom (GB),,DWP Reports
https://webarchive.nationalarchives.gov.uk/ukgwa/20160115224110mp_/https:/www.gov.uk/government/publications/european-social-fund-evaluation-of-sustainable-development-and-green-jobs-rr756,department-for-work-and-pensions-gb,department-for-work-and-pensions-gb:national-archives,European Social Fund evaluation of sustainable development and green jobs (RR756),RR756,,,,,,Department for Work and Pensions,England,The National Archives,Contains public sector information licensed under the Open Government Licence v3.0.,https://webarchive.nationalarchives.gov.uk/ukgwa/20160107144900/https://www.nationalarchives.gov.uk/doc/open-government-licence/version/3/,© Crown copyright,research|analysis,,,5/16/2024 1:26pm,,report,POCO,,,,,POCO_POGO|POCO_POGO_GB|POCO_POGO_GB_V1,en,United Kingdom (GB),,DWP Reports
https://webarchive.nationalarchives.gov.uk/ukgwa/20160115224110mp_/https:/www.gov.uk/government/publications/job-services-australia-rr752,department-for-work-and-pensions-gb,department-for-work-and-pensions-gb:national-archives,Job Services Australia (RR752),RR752,,,,,,Department for Work and Pensions,England,The National Archives,Contains public sector information licensed under the Open Government Licence v3.0.,https://webarchive.nationalarchives.gov.uk/ukgwa/20160107144900/https://www.nationalarchives.gov.uk/doc/open-government-licence/version/3/,© Crown copyright,research|analysis,,,5/16/2024 1:26pm,,report,POCO,,,,,POCO_POGO|POCO_POGO_GB|POCO_POGO_GB_V1,en,United Kingdom (GB),,DWP Reports
https://webarchive.nationalarchives.gov.uk/ukgwa/20160115224110mp_/https:/www.gov.uk/government/publications/attitudes-to-health-and-work-amongst-the-working-age-population-rr763,department-for-work-and-pensions-gb,department-for-work-and-pensions-gb:national-archives,Attitudes to health and work amongst the working-age population (RR763),RR763,,,,,,Department for Work and Pensions,England,The National Archives,Contains public sector information licensed under the Open Government Licence v3.0.,https://webarchive.nationalarchives.gov.uk/ukgwa/20160107144900/https://www.nationalarchives.gov.uk/doc/open-government-licence/version/3/,© Crown copyright,research|analysis,,,5/16/2024 1:26pm,,report,POCO,,,,,POCO_POGO|POCO_POGO_GB|POCO_POGO_GB_V1,en,United Kingdom (GB),,DWP Reports
https://webarchive.nationalarchives.gov.uk/ukgwa/20160115224110mp_/https:/www.gov.uk/government/publications/the-capability-of-jobcentre-plus-advisers-rr748,department-for-work-and-pensions-gb,department-for-work-and-pensions-gb:national-archives,The Capability of Jobcentre Plus advisers (RR748),RR748,,,,,,Department for Work and Pensions,England,The National Archives,Contains public sector information licensed under the Open Government Licence v3.0.,https://webarchive.nationalarchives.gov.uk/ukgwa/20160107144900/https://www.nationalarchives.gov.uk/doc/open-government-licence/version/3/,© Crown copyright,research|analysis,,,5/16/2024 1:26pm,,report,POCO,,,,,POCO_POGO|POCO_POGO_GB|POCO_POGO_GB_V1,en,United Kingdom (GB),,DWP Reports
https://webarchive.nationalarchives.gov.uk/ukgwa/20160115224110mp_/https:/www.gov.uk/government/publications/welfare-to-work-commissioning-wave-two-provider-survey-rr757,department-for-work-and-pensions-gb,department-for-work-and-pensions-gb:national-archives,Welfare to work commissioning – Wave Two provider survey (RR757),RR757,,,,,,Department for Work and Pensions,England,The National Archives,Contains public sector information licensed under the Open Government Licence v3.0.,https://webarchive.nationalarchives.gov.uk/ukgwa/20160107144900/https://www.nationalarchives.gov.uk/doc/open-government-licence/version/3/,© Crown copyright,research|analysis,,,5/16/2024 1:26pm,,report,POCO,,,,,POCO_POGO|POCO_POGO_GB|POCO_POGO_GB_V1,en,United Kingdom (GB),,DWP Reports
https://webarchive.nationalarchives.gov.uk/ukgwa/20160115224110mp_/https:/www.gov.uk/government/publications/workplace-pension-reforms-rr753,department-for-work-and-pensions-gb,department-for-work-and-pensions-gb:national-archives,Workplace pension reforms (RR753),RR753,,,,,,Department for Work and Pensions,England,The National Archives,Contains public sector information licensed under the Open Government Licence v3.0.,https://webarchive.nationalarchives.gov.uk/ukgwa/20160107144900/https://www.nationalarchives.gov.uk/doc/open-government-licence/version/3/,© Crown copyright,research|analysis,,,5/16/2024 1:26pm,,report,POCO,,,,,POCO_POGO|POCO_POGO_GB|POCO_POGO_GB_V1,en,United Kingdom (GB),,DWP Reports
https://webarchive.nationalarchives.gov.uk/ukgwa/20160115224110mp_/https:/www.gov.uk/government/publications/access-to-work-related-training-rr749,department-for-work-and-pensions-gb,department-for-work-and-pensions-gb:national-archives,Access to work-related training (RR749),RR749,,,,,,Department for Work and Pensions,England,The National Archives,Contains public sector information licensed under the Open Government Licence v3.0.,https://webarchive.nationalarchives.gov.uk/ukgwa/20160107144900/https://www.nationalarchives.gov.uk/doc/open-government-licence/version/3/,© Crown copyright,research|analysis,,,5/16/2024 1:26pm,,report,POCO,,,,,POCO_POGO|POCO_POGO_GB|POCO_POGO_GB_V1,en,United Kingdom (GB),,DWP Reports
https://webarchive.nationalarchives.gov.uk/ukgwa/20160115224110mp_/https:/www.gov.uk/government/publications/flexible-new-deal-evaluation-rr758,department-for-work-and-pensions-gb,department-for-work-and-pensions-gb:national-archives,Flexible New Deal evaluation (RR758),RR758,,,,,,Department for Work and Pensions,England,The National Archives,Contains public sector information licensed under the Open Government Licence v3.0.,https://webarchive.nationalarchives.gov.uk/ukgwa/20160107144900/https://www.nationalarchives.gov.uk/doc/open-government-licence/version/3/,© Crown copyright,research|analysis,,,5/16/2024 1:26pm,,report,POCO,,,,,POCO_POGO|POCO_POGO_GB|POCO_POGO_GB_V1,en,United Kingdom (GB),,DWP Reports
https://webarchive.nationalarchives.gov.uk/ukgwa/20160115224110mp_/https:/www.gov.uk/government/publications/employment-and-support-allowance-rr745,department-for-work-and-pensions-gb,department-for-work-and-pensions-gb:national-archives,Employment and Support Allowance (RR745),RR745,,,,,,Department for Work and Pensions,England,The National Archives,Contains public sector information licensed under the Open Government Licence v3.0.,https://webarchive.nationalarchives.gov.uk/ukgwa/20160107144900/https://www.nationalarchives.gov.uk/doc/open-government-licence/version/3/,© Crown copyright,research|analysis,,,5/16/2024 1:26pm,,report,POCO,,,,,POCO_POGO|POCO_POGO_GB|POCO_POGO_GB_V1,en,United Kingdom (GB),,DWP Reports
https://webarchive.nationalarchives.gov.uk/ukgwa/20160115224110mp_/https:/www.gov.uk/government/publications/early-impacts-of-the-european-social-fund-2007-to-2013-in-house-research-no-3,department-for-work-and-pensions-gb,department-for-work-and-pensions-gb:national-archives,Early impacts of the European Social Fund 2007 to 2013,,,,,,,Department for Work and Pensions,England,The National Archives,Contains public sector information licensed under the Open Government Licence v3.0.,https://webarchive.nationalarchives.gov.uk/ukgwa/20160107144900/https://www.nationalarchives.gov.uk/doc/open-government-licence/version/3/,© Crown copyright,research|analysis,,,5/16/2024 1:26pm,,report,POCO,,,,,POCO_POGO|POCO_POGO_GB|POCO_POGO_GB_V1,en,United Kingdom (GB),,DWP Reports
https://webarchive.nationalarchives.gov.uk/ukgwa/20160115224110mp_/https:/www.gov.uk/government/publications/customer-experience-of-the-future-jobs-fund-in-house-research-no-1,department-for-work-and-pensions-gb,department-for-work-and-pensions-gb:national-archives,Customer experience of the Future Jobs Fund: in-house research no. 1,,,,,,,Department for Work and Pensions,England,The National Archives,Contains public sector information licensed under the Open Government Licence v3.0.,https://webarchive.nationalarchives.gov.uk/ukgwa/20160107144900/https://www.nationalarchives.gov.uk/doc/open-government-licence/version/3/,© Crown copyright,research|analysis,,,5/16/2024 1:26pm,,report,POCO,,,,,POCO_POGO|POCO_POGO_GB|POCO_POGO_GB_V1,en,United Kingdom (GB),,DWP Reports
https://webarchive.nationalarchives.gov.uk/ukgwa/20160115224110mp_/https:/www.gov.uk/government/publications/evaluation-of-the-jobcentre-plus-intensive-activity-trial-in-house-research-no-2,department-for-work-and-pensions-gb,department-for-work-and-pensions-gb:national-archives,Evaluation of the Jobcentre Plus Intensive Activity trial: in-house research no. 2,,,,,,,Department for Work and Pensions,England,The National Archives,Contains public sector information licensed under the Open Government Licence v3.0.,https://webarchive.nationalarchives.gov.uk/ukgwa/20160107144900/https://www.nationalarchives.gov.uk/doc/open-government-licence/version/3/,© Crown copyright,research|analysis,,,5/16/2024 1:26pm,,report,POCO,,,,,POCO_POGO|POCO_POGO_GB|POCO_POGO_GB_V1,en,United Kingdom (GB),,DWP Reports
https://webarchive.nationalarchives.gov.uk/ukgwa/20160115224110mp_/https:/www.gov.uk/government/publications/predictors-of-attitudes-to-age-across-europe-rr735,department-for-work-and-pensions-gb,department-for-work-and-pensions-gb:national-archives,Predictors of attitudes to age across Europe (RR735),RR735,,,,,,Department for Work and Pensions,England,The National Archives,Contains public sector information licensed under the Open Government Licence v3.0.,https://webarchive.nationalarchives.gov.uk/ukgwa/20160107144900/https://www.nationalarchives.gov.uk/doc/open-government-licence/version/3/,© Crown copyright,research|analysis,,,5/16/2024 1:26pm,,report,POCO,,,,,POCO_POGO|POCO_POGO_GB|POCO_POGO_GB_V1,en,United Kingdom (GB),,DWP Reports
https://webarchive.nationalarchives.gov.uk/ukgwa/20160115224110mp_/https:/www.gov.uk/government/publications/child-material-deprivation-rr746,department-for-work-and-pensions-gb,department-for-work-and-pensions-gb:national-archives,Child material deprivation (RR746),RR746,,,,,,Department for Work and Pensions,England,The National Archives,Contains public sector information licensed under the Open Government Licence v3.0.,https://webarchive.nationalarchives.gov.uk/ukgwa/20160107144900/https://www.nationalarchives.gov.uk/doc/open-government-licence/version/3/,© Crown copyright,research|analysis,,,5/16/2024 1:26pm,,report,POCO,,,,,POCO_POGO|POCO_POGO_GB|POCO_POGO_GB_V1,en,United Kingdom (GB),,DWP Reports
https://webarchive.nationalarchives.gov.uk/ukgwa/20160115224110mp_/https:/www.gov.uk/government/publications/lone-parent-obligations-supporting-the-journey-into-work-rr736,department-for-work-and-pensions-gb,department-for-work-and-pensions-gb:national-archives,Lone Parent Obligations: supporting the journey into work (RR736),RR736,,,,,,Department for Work and Pensions,England,The National Archives,Contains public sector information licensed under the Open Government Licence v3.0.,https://webarchive.nationalarchives.gov.uk/ukgwa/20160107144900/https://www.nationalarchives.gov.uk/doc/open-government-licence/version/3/,© Crown copyright,research|analysis,,,5/16/2024 1:26pm,,report,POCO,,,,,POCO_POGO|POCO_POGO_GB|POCO_POGO_GB_V1,en,United Kingdom (GB),,DWP Reports
https://webarchive.nationalarchives.gov.uk/ukgwa/20160115224110mp_/https:/www.gov.uk/government/publications/study-of-school-gates-employment-support-initiative-rr747,department-for-work-and-pensions-gb,department-for-work-and-pensions-gb:national-archives,Study of School Gates Employment Support Initiative (RR747),RR747,,,,,,Department for Work and Pensions,England,The National Archives,Contains public sector information licensed under the Open Government Licence v3.0.,https://webarchive.nationalarchives.gov.uk/ukgwa/20160107144900/https://www.nationalarchives.gov.uk/doc/open-government-licence/version/3/,© Crown copyright,research|analysis,,,5/16/2024 1:26pm,,report,POCO,,,,,POCO_POGO|POCO_POGO_GB|POCO_POGO_GB_V1,en,United Kingdom (GB),,DWP Reports
https://webarchive.nationalarchives.gov.uk/ukgwa/20160115224110mp_/https:/www.gov.uk/government/publications/aspirations-for-later-life-rr737,department-for-work-and-pensions-gb,department-for-work-and-pensions-gb:national-archives,Aspirations for later life (RR737),RR737,,,,,,Department for Work and Pensions,England,The National Archives,Contains public sector information licensed under the Open Government Licence v3.0.,https://webarchive.nationalarchives.gov.uk/ukgwa/20160107144900/https://www.nationalarchives.gov.uk/doc/open-government-licence/version/3/,© Crown copyright,research|analysis,,,5/16/2024 1:26pm,,report,POCO,,,,,POCO_POGO|POCO_POGO_GB|POCO_POGO_GB_V1,en,United Kingdom (GB),,DWP Reports
https://webarchive.nationalarchives.gov.uk/ukgwa/20160115224110mp_/https:/www.gov.uk/government/publications/new-deal-plus-for-lone-parents-and-in-work-credit-phase-1-report-rr731,department-for-work-and-pensions-gb,department-for-work-and-pensions-gb:national-archives,New Deal Plus for Lone Parents and In Work Credit: Phase 1 report (RR731),RR731,,,,,,Department for Work and Pensions,England,The National Archives,Contains public sector information licensed under the Open Government Licence v3.0.,https://webarchive.nationalarchives.gov.uk/ukgwa/20160107144900/https://www.nationalarchives.gov.uk/doc/open-government-licence/version/3/,© Crown copyright,research|analysis,,,5/16/2024 1:26pm,,report,POCO,,,,,POCO_POGO|POCO_POGO_GB|POCO_POGO_GB_V1,en,United Kingdom (GB),,DWP Reports
https://webarchive.nationalarchives.gov.uk/ukgwa/20160115224110mp_/https:/www.gov.uk/government/publications/employer-engagement-and-jobcentre-plus-rr742,department-for-work-and-pensions-gb,department-for-work-and-pensions-gb:national-archives,Employer engagement and Jobcentre Plus (RR742),RR742,,,,,,Department for Work and Pensions,England,The National Archives,Contains public sector information licensed under the Open Government Licence v3.0.,https://webarchive.nationalarchives.gov.uk/ukgwa/20160107144900/https://www.nationalarchives.gov.uk/doc/open-government-licence/version/3/,© Crown copyright,research|analysis,,,5/16/2024 1:26pm,,report,POCO,,,,,POCO_POGO|POCO_POGO_GB|POCO_POGO_GB_V1,en,United Kingdom (GB),,DWP Reports
https://webarchive.nationalarchives.gov.uk/ukgwa/20160115224110mp_/https:/www.gov.uk/government/publications/evidence-review-of-smartcard-schemes-in-local-authorities-rr738,department-for-work-and-pensions-gb,department-for-work-and-pensions-gb:national-archives,Evidence review of smartcard schemes in local authorities (RR738),RR738,,,,,,Department for Work and Pensions,England,The National Archives,Contains public sector information licensed under the Open Government Licence v3.0.,https://webarchive.nationalarchives.gov.uk/ukgwa/20160107144900/https://www.nationalarchives.gov.uk/doc/open-government-licence/version/3/,© Crown copyright,research|analysis,,,5/16/2024 1:26pm,,report,POCO,,,,,POCO_POGO|POCO_POGO_GB|POCO_POGO_GB_V1,en,United Kingdom (GB),,DWP Reports
https://webarchive.nationalarchives.gov.uk/ukgwa/20160115224110mp_/https:/www.gov.uk/government/publications/new-deal-plus-for-lone-parents-and-in-work-credit-final-report-rr732,department-for-work-and-pensions-gb,department-for-work-and-pensions-gb:national-archives,New Deal Plus for Lone Parents and In Work Credit: Final report (RR732),RR732,,,,,,Department for Work and Pensions,England,The National Archives,Contains public sector information licensed under the Open Government Licence v3.0.,https://webarchive.nationalarchives.gov.uk/ukgwa/20160107144900/https://www.nationalarchives.gov.uk/doc/open-government-licence/version/3/,© Crown copyright,research|analysis,,,5/16/2024 1:26pm,,report,POCO,,,,,POCO_POGO|POCO_POGO_GB|POCO_POGO_GB_V1,en,United Kingdom (GB),,DWP Reports
https://webarchive.nationalarchives.gov.uk/ukgwa/20160115224110mp_/https:/www.gov.uk/government/publications/employment-and-skills-system-rr743,department-for-work-and-pensions-gb,department-for-work-and-pensions-gb:national-archives,Employment and skills system (RR743),RR743,,,,,,Department for Work and Pensions,England,The National Archives,Contains public sector information licensed under the Open Government Licence v3.0.,https://webarchive.nationalarchives.gov.uk/ukgwa/20160107144900/https://www.nationalarchives.gov.uk/doc/open-government-licence/version/3/,© Crown copyright,research|analysis,,,5/16/2024 1:26pm,,report,POCO,,,,,POCO_POGO|POCO_POGO_GB|POCO_POGO_GB_V1,en,United Kingdom (GB),,DWP Reports
https://webarchive.nationalarchives.gov.uk/ukgwa/20160115224110mp_/https:/www.gov.uk/government/publications/developing-a-clearer-understanding-of-the-carers-allowance-claimant-group-rr739,department-for-work-and-pensions-gb,department-for-work-and-pensions-gb:national-archives,Developing a clearer understanding of the Carer’s Allowance claimant group (RR739),RR739,,,,,,Department for Work and Pensions,England,The National Archives,Contains public sector information licensed under the Open Government Licence v3.0.,https://webarchive.nationalarchives.gov.uk/ukgwa/20160107144900/https://www.nationalarchives.gov.uk/doc/open-government-licence/version/3/,© Crown copyright,research|analysis,,,5/16/2024 1:26pm,,report,POCO,,,,,POCO_POGO|POCO_POGO_GB|POCO_POGO_GB_V1,en,United Kingdom (GB),,DWP Reports
https://webarchive.nationalarchives.gov.uk/ukgwa/20160115224110mp_/https:/www.gov.uk/government/publications/london-city-strategy-esol-pilot-rr744,department-for-work-and-pensions-gb,department-for-work-and-pensions-gb:national-archives,London City Strategy ESOL Pilot (RR744),RR744,,,,,,Department for Work and Pensions,England,The National Archives,Contains public sector information licensed under the Open Government Licence v3.0.,https://webarchive.nationalarchives.gov.uk/ukgwa/20160107144900/https://www.nationalarchives.gov.uk/doc/open-government-licence/version/3/,© Crown copyright,research|analysis,,,5/16/2024 1:26pm,,report,POCO,,,,,POCO_POGO|POCO_POGO_GB|POCO_POGO_GB_V1,en,United Kingdom (GB),,DWP Reports
https://webarchive.nationalarchives.gov.uk/ukgwa/20160115224110mp_/https:/www.gov.uk/government/publications/developing-an-online-service-jobseekers-allowance-rr734,department-for-work-and-pensions-gb,department-for-work-and-pensions-gb:national-archives,Developing an online service - Jobseeker’s Allowance (RR734),RR734,,,,,,Department for Work and Pensions,England,The National Archives,Contains public sector information licensed under the Open Government Licence v3.0.,https://webarchive.nationalarchives.gov.uk/ukgwa/20160107144900/https://www.nationalarchives.gov.uk/doc/open-government-licence/version/3/,© Crown copyright,research|analysis,,,5/16/2024 1:26pm,,report,POCO,,,,,POCO_POGO|POCO_POGO_GB|POCO_POGO_GB_V1,en,United Kingdom (GB),,DWP Reports
https://webarchive.nationalarchives.gov.uk/ukgwa/20160115224110mp_/https:/www.gov.uk/government/publications/families-and-work-revisiting-barriers-to-employment-rr729,department-for-work-and-pensions-gb,department-for-work-and-pensions-gb:national-archives,Families and work: Revisiting barriers to employment (RR729),RR729,,,,,,Department for Work and Pensions,England,The National Archives,Contains public sector information licensed under the Open Government Licence v3.0.,https://webarchive.nationalarchives.gov.uk/ukgwa/20160107144900/https://www.nationalarchives.gov.uk/doc/open-government-licence/version/3/,© Crown copyright,research|analysis,,,5/16/2024 1:26pm,,report,POCO,,,,,POCO_POGO|POCO_POGO_GB|POCO_POGO_GB_V1,en,United Kingdom (GB),,DWP Reports
https://webarchive.nationalarchives.gov.uk/ukgwa/20160115224110mp_/https:/www.gov.uk/government/publications/job-search-study-literature-review-and-analysis-of-the-labour-force-survey-rr726,department-for-work-and-pensions-gb,department-for-work-and-pensions-gb:national-archives,Job Search Study: Literature review and analysis of the Labour Force Survey (RR726),RR726,,,,,,Department for Work and Pensions,England,The National Archives,Contains public sector information licensed under the Open Government Licence v3.0.,https://webarchive.nationalarchives.gov.uk/ukgwa/20160107144900/https://www.nationalarchives.gov.uk/doc/open-government-licence/version/3/,© Crown copyright,research|analysis,,,5/16/2024 1:26pm,,report,POCO,,,,,POCO_POGO|POCO_POGO_GB|POCO_POGO_GB_V1,en,United Kingdom (GB),,DWP Reports
https://webarchive.nationalarchives.gov.uk/ukgwa/20160115224110mp_/https:/www.gov.uk/government/publications/the-use-of-vesting-rules-and-default-options-in-occupational-pension-schemes-rr725,department-for-work-and-pensions-gb,department-for-work-and-pensions-gb:national-archives,The use of vesting rules and default options in occupational pension schemes (RR725),RR725,,,,,,Department for Work and Pensions,England,The National Archives,Contains public sector information licensed under the Open Government Licence v3.0.,https://webarchive.nationalarchives.gov.uk/ukgwa/20160107144900/https://www.nationalarchives.gov.uk/doc/open-government-licence/version/3/,© Crown copyright,research|analysis,,,5/16/2024 1:26pm,,report,POCO,,,,,POCO_POGO|POCO_POGO_GB|POCO_POGO_GB_V1,en,United Kingdom (GB),,DWP Reports
https://webarchive.nationalarchives.gov.uk/ukgwa/20160115224110mp_/https:/www.gov.uk/government/publications/child-poverty-unit-child-poverty-pilots-rr730,department-for-work-and-pensions-gb,department-for-work-and-pensions-gb:national-archives,Child Poverty Unit Child Poverty Pilots (RR730),RR730,,,,,,Department for Work and Pensions,England,The National Archives,Contains public sector information licensed under the Open Government Licence v3.0.,https://webarchive.nationalarchives.gov.uk/ukgwa/20160107144900/https://www.nationalarchives.gov.uk/doc/open-government-licence/version/3/,© Crown copyright,research|analysis,,,5/16/2024 1:26pm,,report,POCO,,,,,POCO_POGO|POCO_POGO_GB|POCO_POGO_GB_V1,en,United Kingdom (GB),,DWP Reports
https://webarchive.nationalarchives.gov.uk/ukgwa/20160115224110mp_/https:/www.gov.uk/government/publications/employment-retention-and-advancement-demonstration-rr727,department-for-work-and-pensions-gb,department-for-work-and-pensions-gb:national-archives,Employment Retention and Advancement demonstration (RR727),RR727,,,,,,Department for Work and Pensions,England,The National Archives,Contains public sector information licensed under the Open Government Licence v3.0.,https://webarchive.nationalarchives.gov.uk/ukgwa/20160107144900/https://www.nationalarchives.gov.uk/doc/open-government-licence/version/3/,© Crown copyright,research|analysis,,,5/16/2024 1:26pm,,report,POCO,,,,,POCO_POGO|POCO_POGO_GB|POCO_POGO_GB_V1,en,United Kingdom (GB),,DWP Reports
https://webarchive.nationalarchives.gov.uk/ukgwa/20160115224110mp_/https:/www.gov.uk/government/publications/an-evaluation-of-the-sanction-of-housing-benefit-rr728,department-for-work-and-pensions-gb,department-for-work-and-pensions-gb:national-archives,An evaluation of the sanction of Housing Benefit (RR728),RR728,,,,,,Department for Work and Pensions,England,The National Archives,Contains public sector information licensed under the Open Government Licence v3.0.,https://webarchive.nationalarchives.gov.uk/ukgwa/20160107144900/https://www.nationalarchives.gov.uk/doc/open-government-licence/version/3/,© Crown copyright,research|analysis,,,5/16/2024 1:26pm,,report,POCO,,,,,POCO_POGO|POCO_POGO_GB|POCO_POGO_GB_V1,en,United Kingdom (GB),,DWP Reports
https://webarchive.nationalarchives.gov.uk/ukgwa/20160115224110mp_/https:/www.gov.uk/government/publications/customers-experiences-of-contact-with-the-pension-disability-and-carers-service-rr722,department-for-work-and-pensions-gb,department-for-work-and-pensions-gb:national-archives,"Customers’ experiences of contact with the Pension, Disability and Carers Service (RR722)",RR722,,,,,,Department for Work and Pensions,England,The National Archives,Contains public sector information licensed under the Open Government Licence v3.0.,https://webarchive.nationalarchives.gov.uk/ukgwa/20160107144900/https://www.nationalarchives.gov.uk/doc/open-government-licence/version/3/,© Crown copyright,research|analysis,,,5/16/2024 1:26pm,,report,POCO,,,,,POCO_POGO|POCO_POGO_GB|POCO_POGO_GB_V1,en,United Kingdom (GB),,DWP Reports
https://webarchive.nationalarchives.gov.uk/ukgwa/20160115224110mp_/https:/www.gov.uk/government/publications/customer-experiences-and-satisfaction-with-the-pensions-advisory-service-rr724,department-for-work-and-pensions-gb,department-for-work-and-pensions-gb:national-archives,Customer experiences and satisfaction with The Pensions Advisory Service (RR724),RR724,,,,,,Department for Work and Pensions,England,The National Archives,Contains public sector information licensed under the Open Government Licence v3.0.,https://webarchive.nationalarchives.gov.uk/ukgwa/20160107144900/https://www.nationalarchives.gov.uk/doc/open-government-licence/version/3/,© Crown copyright,research|analysis,,,5/16/2024 1:26pm,,report,POCO,,,,,POCO_POGO|POCO_POGO_GB|POCO_POGO_GB_V1,en,United Kingdom (GB),,DWP Reports
https://webarchive.nationalarchives.gov.uk/ukgwa/20160115224110mp_/https:/www.gov.uk/government/publications/evaluation-of-the-50-face-to-face-guidance-pilot-rr720,department-for-work-and-pensions-gb,department-for-work-and-pensions-gb:national-archives,Evaluation of the 50+ Face-to-Face Guidance Pilot (RR720),RR720,,,,,,Department for Work and Pensions,England,The National Archives,Contains public sector information licensed under the Open Government Licence v3.0.,https://webarchive.nationalarchives.gov.uk/ukgwa/20160107144900/https://www.nationalarchives.gov.uk/doc/open-government-licence/version/3/,© Crown copyright,research|analysis,,,5/16/2024 1:26pm,,report,POCO,,,,,POCO_POGO|POCO_POGO_GB|POCO_POGO_GB_V1,en,United Kingdom (GB),,DWP Reports
https://webarchive.nationalarchives.gov.uk/ukgwa/20160115224110mp_/https:/www.gov.uk/government/publications/provider-led-pathways-to-work-the-experiences-of-new-and-repeat-customers-in-phase-one-areas-rr723,department-for-work-and-pensions-gb,department-for-work-and-pensions-gb:national-archives,Provider-led Pathways to Work: the experiences of new and repeat customers in phase one areas (RR723),RR723,,,,,,Department for Work and Pensions,England,The National Archives,Contains public sector information licensed under the Open Government Licence v3.0.,https://webarchive.nationalarchives.gov.uk/ukgwa/20160107144900/https://www.nationalarchives.gov.uk/doc/open-government-licence/version/3/,© Crown copyright,research|analysis,,,5/16/2024 1:26pm,,report,POCO,,,,,POCO_POGO|POCO_POGO_GB|POCO_POGO_GB_V1,en,United Kingdom (GB),,DWP Reports
https://webarchive.nationalarchives.gov.uk/ukgwa/20160115224110mp_/https:/www.gov.uk/government/publications/using-jobcentre-plus-services-qualitative-evidence-from-ethnic-minority-customers-rr717,department-for-work-and-pensions-gb,department-for-work-and-pensions-gb:national-archives,Using Jobcentre Plus services: Qualitative evidence from ethnic minority customers (RR717),RR717,,,,,,Department for Work and Pensions,England,The National Archives,Contains public sector information licensed under the Open Government Licence v3.0.,https://webarchive.nationalarchives.gov.uk/ukgwa/20160107144900/https://www.nationalarchives.gov.uk/doc/open-government-licence/version/3/,© Crown copyright,research|analysis,,,5/16/2024 1:26pm,,report,POCO,,,,,POCO_POGO|POCO_POGO_GB|POCO_POGO_GB_V1,en,United Kingdom (GB),,DWP Reports
https://webarchive.nationalarchives.gov.uk/ukgwa/20160115224110mp_/https:/www.gov.uk/government/publications/exempt-and-supported-accommodation-rr714,department-for-work-and-pensions-gb,department-for-work-and-pensions-gb:national-archives,‘Exempt’ and supported accommodation (RR714),RR714,,,,,,Department for Work and Pensions,England,The National Archives,Contains public sector information licensed under the Open Government Licence v3.0.,https://webarchive.nationalarchives.gov.uk/ukgwa/20160107144900/https://www.nationalarchives.gov.uk/doc/open-government-licence/version/3/,© Crown copyright,research|analysis,,,5/16/2024 1:26pm,,report,POCO,,,,,POCO_POGO|POCO_POGO_GB|POCO_POGO_GB_V1,en,United Kingdom (GB),,DWP Reports
https://webarchive.nationalarchives.gov.uk/ukgwa/20160115224110mp_/https:/www.gov.uk/government/publications/alcohol-misusers-experiences-of-employment-and-the-benefit-system-rr718,department-for-work-and-pensions-gb,department-for-work-and-pensions-gb:national-archives,Alcohol misusers’ experiences of employment and the benefit system (RR718),RR718,,,,,,Department for Work and Pensions,England,The National Archives,Contains public sector information licensed under the Open Government Licence v3.0.,https://webarchive.nationalarchives.gov.uk/ukgwa/20160107144900/https://www.nationalarchives.gov.uk/doc/open-government-licence/version/3/,© Crown copyright,research|analysis,,,5/16/2024 1:26pm,,report,POCO,,,,,POCO_POGO|POCO_POGO_GB|POCO_POGO_GB_V1,en,United Kingdom (GB),,DWP Reports
https://webarchive.nationalarchives.gov.uk/ukgwa/20160115224110mp_/https:/www.gov.uk/government/publications/investigating-the-prisoner-finance-gap-across-four-prisons-in-the-north-east-rr715,department-for-work-and-pensions-gb,department-for-work-and-pensions-gb:national-archives,Investigating the Prisoner Finance Gap across four prisons in the North East (RR715),RR715,,,,,,Department for Work and Pensions,England,The National Archives,Contains public sector information licensed under the Open Government Licence v3.0.,https://webarchive.nationalarchives.gov.uk/ukgwa/20160107144900/https://www.nationalarchives.gov.uk/doc/open-government-licence/version/3/,© Crown copyright,research|analysis,,,5/16/2024 1:26pm,,report,POCO,,,,,POCO_POGO|POCO_POGO_GB|POCO_POGO_GB_V1,en,United Kingdom (GB),,DWP Reports
https://webarchive.nationalarchives.gov.uk/ukgwa/20160115224110mp_/https:/www.gov.uk/government/publications/employment-and-support-allowance-rr719,department-for-work-and-pensions-gb,department-for-work-and-pensions-gb:national-archives,Employment and Support Allowance (RR719),RR719,,,,,,Department for Work and Pensions,England,The National Archives,Contains public sector information licensed under the Open Government Licence v3.0.,https://webarchive.nationalarchives.gov.uk/ukgwa/20160107144900/https://www.nationalarchives.gov.uk/doc/open-government-licence/version/3/,© Crown copyright,research|analysis,,,5/16/2024 1:26pm,,report,POCO,,,,,POCO_POGO|POCO_POGO_GB|POCO_POGO_GB_V1,en,United Kingdom (GB),,DWP Reports
https://webarchive.nationalarchives.gov.uk/ukgwa/20160115224110mp_/https:/www.gov.uk/government/publications/voice-risk-analysis-pilots-perspectives-from-staff-claimants-and-potential-claimants-rr716,department-for-work-and-pensions-gb,department-for-work-and-pensions-gb:national-archives,"Voice Risk Analysis Pilots: Perspectives from staff, claimants and potential claimants (RR716)",RR716,,,,,,Department for Work and Pensions,England,The National Archives,Contains public sector information licensed under the Open Government Licence v3.0.,https://webarchive.nationalarchives.gov.uk/ukgwa/20160107144900/https://www.nationalarchives.gov.uk/doc/open-government-licence/version/3/,© Crown copyright,research|analysis,,,5/16/2024 1:26pm,,report,POCO,,,,,POCO_POGO|POCO_POGO_GB|POCO_POGO_GB_V1,en,United Kingdom (GB),,DWP Reports
https://webarchive.nationalarchives.gov.uk/ukgwa/20160115224110mp_/https:/www.gov.uk/government/publications/employment-and-support-allowance-findings-from-a-face-to-face-survey-ofcustomers-rr707,department-for-work-and-pensions-gb,department-for-work-and-pensions-gb:national-archives,Employment and Support Allowance: Findings from a face-to-face survey ofcustomers (RR707),RR707,,,,,,Department for Work and Pensions,England,The National Archives,Contains public sector information licensed under the Open Government Licence v3.0.,https://webarchive.nationalarchives.gov.uk/ukgwa/20160107144900/https://www.nationalarchives.gov.uk/doc/open-government-licence/version/3/,© Crown copyright,research|analysis,,,5/16/2024 1:26pm,,report,POCO,,,,,POCO_POGO|POCO_POGO_GB|POCO_POGO_GB_V1,en,United Kingdom (GB),,DWP Reports
https://webarchive.nationalarchives.gov.uk/ukgwa/20160115224110mp_/https:/www.gov.uk/government/publications/qualitative-evaluation-of-the-in-work-retention-pilot-rr708,department-for-work-and-pensions-gb,department-for-work-and-pensions-gb:national-archives,Qualitative evaluation of the In Work Retention Pilot (RR708),RR708,,,,,,Department for Work and Pensions,England,The National Archives,Contains public sector information licensed under the Open Government Licence v3.0.,https://webarchive.nationalarchives.gov.uk/ukgwa/20160107144900/https://www.nationalarchives.gov.uk/doc/open-government-licence/version/3/,© Crown copyright,research|analysis,,,5/16/2024 1:26pm,,report,POCO,,,,,POCO_POGO|POCO_POGO_GB|POCO_POGO_GB_V1,en,United Kingdom (GB),,DWP Reports
https://webarchive.nationalarchives.gov.uk/ukgwa/20160115224110mp_/https:/www.gov.uk/government/publications/updating-the-costs-of-housing-and-council-tax-benefit-administration-rr705,department-for-work-and-pensions-gb,department-for-work-and-pensions-gb:national-archives,Updating the costs of Housing and Council Tax Benefit administration (RR705),RR705,,,,,,Department for Work and Pensions,England,The National Archives,Contains public sector information licensed under the Open Government Licence v3.0.,https://webarchive.nationalarchives.gov.uk/ukgwa/20160107144900/https://www.nationalarchives.gov.uk/doc/open-government-licence/version/3/,© Crown copyright,research|analysis,,,5/16/2024 1:26pm,,report,POCO,,,,,POCO_POGO|POCO_POGO_GB|POCO_POGO_GB_V1,en,United Kingdom (GB),,DWP Reports
https://webarchive.nationalarchives.gov.uk/ukgwa/20160115224110mp_/https:/www.gov.uk/government/publications/european-social-fund-cohort-study-wave-2-rr709,department-for-work-and-pensions-gb,department-for-work-and-pensions-gb:national-archives,European Social Fund cohort study wave 2 (RR709),RR709,,,,,,Department for Work and Pensions,England,The National Archives,Contains public sector information licensed under the Open Government Licence v3.0.,https://webarchive.nationalarchives.gov.uk/ukgwa/20160107144900/https://www.nationalarchives.gov.uk/doc/open-government-licence/version/3/,© Crown copyright,research|analysis,,,5/16/2024 1:26pm,,report,POCO,,,,,POCO_POGO|POCO_POGO_GB|POCO_POGO_GB_V1,en,United Kingdom (GB),,DWP Reports
https://webarchive.nationalarchives.gov.uk/ukgwa/20160115224110mp_/https:/www.gov.uk/government/publications/lone-parent-obligations-destinations-of-lone-parents-after-income-supporteligibility-ends-rr710,department-for-work-and-pensions-gb,department-for-work-and-pensions-gb:national-archives,Lone Parent Obligations: destinations of lone parents after Income Supporteligibility ends (RR710),RR710,,,,,,Department for Work and Pensions,England,The National Archives,Contains public sector information licensed under the Open Government Licence v3.0.,https://webarchive.nationalarchives.gov.uk/ukgwa/20160107144900/https://www.nationalarchives.gov.uk/doc/open-government-licence/version/3/,© Crown copyright,research|analysis,,,5/16/2024 1:26pm,,report,POCO,,,,,POCO_POGO|POCO_POGO_GB|POCO_POGO_GB_V1,en,United Kingdom (GB),,DWP Reports
https://webarchive.nationalarchives.gov.uk/ukgwa/20160115224110mp_/https:/www.gov.uk/government/publications/supporting-lone-parents-journey-off-benefits-and-into-work-a-qualitative-evaluation-of-the-role-of-in-work-credit-rr712,department-for-work-and-pensions-gb,department-for-work-and-pensions-gb:national-archives,Supporting lone parents’ journey off benefits and into work: a qualitative evaluation of the role of In Work Credit (RR712),RR712,,,,,,Department for Work and Pensions,England,The National Archives,Contains public sector information licensed under the Open Government Licence v3.0.,https://webarchive.nationalarchives.gov.uk/ukgwa/20160107144900/https://www.nationalarchives.gov.uk/doc/open-government-licence/version/3/,© Crown copyright,research|analysis,,,5/16/2024 1:26pm,,report,POCO,,,,,POCO_POGO|POCO_POGO_GB|POCO_POGO_GB_V1,en,United Kingdom (GB),,DWP Reports
https://webarchive.nationalarchives.gov.uk/ukgwa/20160115224110mp_/https:/www.gov.uk/government/publications/local-delivery-of-joined-up-services-for-older-people-rr713,department-for-work-and-pensions-gb,department-for-work-and-pensions-gb:national-archives,Local delivery of joined-up services for older people (RR713),RR713,,,,,,Department for Work and Pensions,England,The National Archives,Contains public sector information licensed under the Open Government Licence v3.0.,https://webarchive.nationalarchives.gov.uk/ukgwa/20160107144900/https://www.nationalarchives.gov.uk/doc/open-government-licence/version/3/,© Crown copyright,research|analysis,,,5/16/2024 1:26pm,,report,POCO,,,,,POCO_POGO|POCO_POGO_GB|POCO_POGO_GB_V1,en,United Kingdom (GB),,DWP Reports
https://webarchive.nationalarchives.gov.uk/ukgwa/20160115224110mp_/https:/www.gov.uk/government/publications/jobseekers-regime-and-flexible-new-deal-evaluation-stage-2-and-stage-3-customer-surveys-rr694,department-for-work-and-pensions-gb,department-for-work-and-pensions-gb:national-archives,Jobseekers Regime and Flexible New Deal Evaluation: Stage 2 and Stage 3 Customer Surveys (RR694),RR694,,,,,,Department for Work and Pensions,England,The National Archives,Contains public sector information licensed under the Open Government Licence v3.0.,https://webarchive.nationalarchives.gov.uk/ukgwa/20160107144900/https://www.nationalarchives.gov.uk/doc/open-government-licence/version/3/,© Crown copyright,research|analysis,,,5/16/2024 1:26pm,,report,POCO,,,,,POCO_POGO|POCO_POGO_GB|POCO_POGO_GB_V1,en,United Kingdom (GB),,DWP Reports
https://webarchive.nationalarchives.gov.uk/ukgwa/20160115224110mp_/https:/www.gov.uk/government/publications/the-feasibility-of-constructing-a-race-equality-index-rr695,department-for-work-and-pensions-gb,department-for-work-and-pensions-gb:national-archives,The feasibility of constructing a race equality index (RR695),RR695,,,,,,Department for Work and Pensions,England,The National Archives,Contains public sector information licensed under the Open Government Licence v3.0.,https://webarchive.nationalarchives.gov.uk/ukgwa/20160107144900/https://www.nationalarchives.gov.uk/doc/open-government-licence/version/3/,© Crown copyright,research|analysis,,,5/16/2024 1:26pm,,report,POCO,,,,,POCO_POGO|POCO_POGO_GB|POCO_POGO_GB_V1,en,United Kingdom (GB),,DWP Reports
https://webarchive.nationalarchives.gov.uk/ukgwa/20160115224110mp_/https:/www.gov.uk/government/publications/jobseekers-regime-and-flexible-new-deal-evaluation-rr706,department-for-work-and-pensions-gb,department-for-work-and-pensions-gb:national-archives,Jobseekers Regime and Flexible New Deal Evaluation (RR706),RR706,,,,,,Department for Work and Pensions,England,The National Archives,Contains public sector information licensed under the Open Government Licence v3.0.,https://webarchive.nationalarchives.gov.uk/ukgwa/20160107144900/https://www.nationalarchives.gov.uk/doc/open-government-licence/version/3/,© Crown copyright,research|analysis,,,5/16/2024 1:26pm,,report,POCO,,,,,POCO_POGO|POCO_POGO_GB|POCO_POGO_GB_V1,en,United Kingdom (GB),,DWP Reports
https://webarchive.nationalarchives.gov.uk/ukgwa/20160115224110mp_/https:/www.gov.uk/government/publications/communicating-with-customers-of-retirement-age-rr703,department-for-work-and-pensions-gb,department-for-work-and-pensions-gb:national-archives,Communicating with customers of retirement age (RR703),RR703,,,,,,Department for Work and Pensions,England,The National Archives,Contains public sector information licensed under the Open Government Licence v3.0.,https://webarchive.nationalarchives.gov.uk/ukgwa/20160107144900/https://www.nationalarchives.gov.uk/doc/open-government-licence/version/3/,© Crown copyright,research|analysis,,,5/16/2024 1:26pm,,report,POCO,,,,,POCO_POGO|POCO_POGO_GB|POCO_POGO_GB_V1,en,United Kingdom (GB),,DWP Reports
https://webarchive.nationalarchives.gov.uk/ukgwa/20160115224110mp_/https:/www.gov.uk/government/publications/evaluation-of-the-pensions-advisory-service-tpas-workplace-visits-rr696,department-for-work-and-pensions-gb,department-for-work-and-pensions-gb:national-archives,Evaluation of The Pensions Advisory Service (TPAS) workplace visits (RR696),RR696,,,,,,Department for Work and Pensions,England,The National Archives,Contains public sector information licensed under the Open Government Licence v3.0.,https://webarchive.nationalarchives.gov.uk/ukgwa/20160107144900/https://www.nationalarchives.gov.uk/doc/open-government-licence/version/3/,© Crown copyright,research|analysis,,,5/16/2024 1:26pm,,report,POCO,,,,,POCO_POGO|POCO_POGO_GB|POCO_POGO_GB_V1,en,United Kingdom (GB),,DWP Reports
https://webarchive.nationalarchives.gov.uk/ukgwa/20160115224110mp_/https:/www.gov.uk/government/publications/the-commissioning-strategy-provider-survey-on-early-implementation-rr704,department-for-work-and-pensions-gb,department-for-work-and-pensions-gb:national-archives,The Commissioning Strategy: Provider survey on early implementation (RR704),RR704,,,,,,Department for Work and Pensions,England,The National Archives,Contains public sector information licensed under the Open Government Licence v3.0.,https://webarchive.nationalarchives.gov.uk/ukgwa/20160107144900/https://www.nationalarchives.gov.uk/doc/open-government-licence/version/3/,© Crown copyright,research|analysis,,,5/16/2024 1:26pm,,report,POCO,,,,,POCO_POGO|POCO_POGO_GB|POCO_POGO_GB_V1,en,United Kingdom (GB),,DWP Reports
https://webarchive.nationalarchives.gov.uk/ukgwa/20160115224110mp_/https:/www.gov.uk/government/publications/evaluation-of-the-six-month-offer-a-report-on-quantitative-research-findings-rr699,department-for-work-and-pensions-gb,department-for-work-and-pensions-gb:national-archives,Evaluation of the Six Month Offer: A report on quantitative research findings (RR699),RR699,,,,,,Department for Work and Pensions,England,The National Archives,Contains public sector information licensed under the Open Government Licence v3.0.,https://webarchive.nationalarchives.gov.uk/ukgwa/20160107144900/https://www.nationalarchives.gov.uk/doc/open-government-licence/version/3/,© Crown copyright,research|analysis,,,5/16/2024 1:26pm,,report,POCO,,,,,POCO_POGO|POCO_POGO_GB|POCO_POGO_GB_V1,en,United Kingdom (GB),,DWP Reports
https://webarchive.nationalarchives.gov.uk/ukgwa/20160115224110mp_/https:/www.gov.uk/government/publications/jobcentre-plus-equality-legislative-requirements-review-rr700,department-for-work-and-pensions-gb,department-for-work-and-pensions-gb:national-archives,Jobcentre Plus Equality Legislative Requirements Review (RR700),RR700,,,,,,Department for Work and Pensions,England,The National Archives,Contains public sector information licensed under the Open Government Licence v3.0.,https://webarchive.nationalarchives.gov.uk/ukgwa/20160107144900/https://www.nationalarchives.gov.uk/doc/open-government-licence/version/3/,© Crown copyright,research|analysis,,,5/16/2024 1:26pm,,report,POCO,,,,,POCO_POGO|POCO_POGO_GB|POCO_POGO_GB_V1,en,United Kingdom (GB),,DWP Reports
https://webarchive.nationalarchives.gov.uk/ukgwa/20160115224110mp_/https:/www.gov.uk/government/publications/how-best-to-present-state-pension-information-and-support-retirement-planning-rr690,department-for-work-and-pensions-gb,department-for-work-and-pensions-gb:national-archives,How best to present State Pension information and support retirement planning (RR690),RR690,,,,,,Department for Work and Pensions,England,The National Archives,Contains public sector information licensed under the Open Government Licence v3.0.,https://webarchive.nationalarchives.gov.uk/ukgwa/20160107144900/https://www.nationalarchives.gov.uk/doc/open-government-licence/version/3/,© Crown copyright,research|analysis,,,5/16/2024 1:26pm,,report,POCO,,,,,POCO_POGO|POCO_POGO_GB|POCO_POGO_GB_V1,en,United Kingdom (GB),,DWP Reports
https://webarchive.nationalarchives.gov.uk/ukgwa/20160115224110mp_/https:/www.gov.uk/government/publications/attitudes-to-pensions-the-2009-survey-rr701,department-for-work-and-pensions-gb,department-for-work-and-pensions-gb:national-archives,Attitudes to pensions: The 2009 survey (RR701),RR701,,,,,,Department for Work and Pensions,England,The National Archives,Contains public sector information licensed under the Open Government Licence v3.0.,https://webarchive.nationalarchives.gov.uk/ukgwa/20160107144900/https://www.nationalarchives.gov.uk/doc/open-government-licence/version/3/,© Crown copyright,research|analysis,,,5/16/2024 1:26pm,,report,POCO,,,,,POCO_POGO|POCO_POGO_GB|POCO_POGO_GB_V1,en,United Kingdom (GB),,DWP Reports
https://webarchive.nationalarchives.gov.uk/ukgwa/20160115224110mp_/https:/www.gov.uk/government/publications/support-for-newly-unemployed-and-six-month-offer-evaluations-a-reporton-qualitative-research-findings-rr691,department-for-work-and-pensions-gb,department-for-work-and-pensions-gb:national-archives,Support for Newly Unemployed and Six Month Offer evaluations (RR691),RR691,,,,,,Department for Work and Pensions,England,The National Archives,Contains public sector information licensed under the Open Government Licence v3.0.,https://webarchive.nationalarchives.gov.uk/ukgwa/20160107144900/https://www.nationalarchives.gov.uk/doc/open-government-licence/version/3/,© Crown copyright,research|analysis,,,5/16/2024 1:26pm,,report,POCO,,,,,POCO_POGO|POCO_POGO_GB|POCO_POGO_GB_V1,en,United Kingdom (GB),,DWP Reports
https://webarchive.nationalarchives.gov.uk/ukgwa/20160115224110mp_/https:/www.gov.uk/government/publications/communicating-with-customers-approaching-retirement-rr702,department-for-work-and-pensions-gb,department-for-work-and-pensions-gb:national-archives,Communicating with customers approaching retirement (RR702),RR702,,,,,,Department for Work and Pensions,England,The National Archives,Contains public sector information licensed under the Open Government Licence v3.0.,https://webarchive.nationalarchives.gov.uk/ukgwa/20160107144900/https://www.nationalarchives.gov.uk/doc/open-government-licence/version/3/,© Crown copyright,research|analysis,,,5/16/2024 1:26pm,,report,POCO,,,,,POCO_POGO|POCO_POGO_GB|POCO_POGO_GB_V1,en,United Kingdom (GB),,DWP Reports
https://webarchive.nationalarchives.gov.uk/ukgwa/20160115224110mp_/https:/www.gov.uk/government/publications/the-pension-tracing-service-a-quantitative-research-study-to-establish-who-is-using-the-service-and-their-outcomes-rr697,department-for-work-and-pensions-gb,department-for-work-and-pensions-gb:national-archives,"The Pension Tracing Service: A quantitative research study to establish who is using the service, and their outcomes (RR697)",RR697,,,,,,Department for Work and Pensions,England,The National Archives,Contains public sector information licensed under the Open Government Licence v3.0.,https://webarchive.nationalarchives.gov.uk/ukgwa/20160107144900/https://www.nationalarchives.gov.uk/doc/open-government-licence/version/3/,© Crown copyright,research|analysis,,,5/16/2024 1:26pm,,report,POCO,,,,,POCO_POGO|POCO_POGO_GB|POCO_POGO_GB_V1,en,United Kingdom (GB),,DWP Reports
https://webarchive.nationalarchives.gov.uk/ukgwa/20160115224110mp_/https:/www.gov.uk/government/publications/ethnic-minority-customers-of-the-pension-disability-and-carers-servicean-evidence-synthesis-rr684,department-for-work-and-pensions-gb,department-for-work-and-pensions-gb:national-archives,"Ethnic minority customers of the Pension, Disability and Carers Service:An evidence synthesis (RR684)",RR684,,,,,,Department for Work and Pensions,England,The National Archives,Contains public sector information licensed under the Open Government Licence v3.0.,https://webarchive.nationalarchives.gov.uk/ukgwa/20160107144900/https://www.nationalarchives.gov.uk/doc/open-government-licence/version/3/,© Crown copyright,research|analysis,,,5/16/2024 1:26pm,,report,POCO,,,,,POCO_POGO|POCO_POGO_GB|POCO_POGO_GB_V1,en,United Kingdom (GB),,DWP Reports
https://webarchive.nationalarchives.gov.uk/ukgwa/20160115224110mp_/https:/www.gov.uk/government/publications/measuring-the-satisfaction-of-partners-and-stakeholders-on-behalf-of-the-pension-disability-and-carers-service-rr692,department-for-work-and-pensions-gb,department-for-work-and-pensions-gb:national-archives,"Measuring the satisfaction of partners and stakeholders on behalf of the Pension, Disability and Carers Service (RR692)",RR692,,,,,,Department for Work and Pensions,England,The National Archives,Contains public sector information licensed under the Open Government Licence v3.0.,https://webarchive.nationalarchives.gov.uk/ukgwa/20160107144900/https://www.nationalarchives.gov.uk/doc/open-government-licence/version/3/,© Crown copyright,research|analysis,,,5/16/2024 1:26pm,,report,POCO,,,,,POCO_POGO|POCO_POGO_GB|POCO_POGO_GB_V1,en,United Kingdom (GB),,DWP Reports
https://webarchive.nationalarchives.gov.uk/ukgwa/20160115224110mp_/https:/www.gov.uk/government/publications/organisations-responses-to-the-disability-discrimination-act-2009-study-rr685,department-for-work-and-pensions-gb,department-for-work-and-pensions-gb:national-archives,Organisations’ responses to the Disability Discrimination Act - 2009 study (RR685),RR685,,,,,,Department for Work and Pensions,England,The National Archives,Contains public sector information licensed under the Open Government Licence v3.0.,https://webarchive.nationalarchives.gov.uk/ukgwa/20160107144900/https://www.nationalarchives.gov.uk/doc/open-government-licence/version/3/,© Crown copyright,research|analysis,,,5/16/2024 1:26pm,,report,POCO,,,,,POCO_POGO|POCO_POGO_GB|POCO_POGO_GB_V1,en,United Kingdom (GB),,DWP Reports
https://webarchive.nationalarchives.gov.uk/ukgwa/20160115224110mp_/https:/www.gov.uk/government/publications/partnerships-with-local-authorities-and-health-agencies-rr693,department-for-work-and-pensions-gb,department-for-work-and-pensions-gb:national-archives,Partnerships with local authorities and health agencies (RR693),RR693,,,,,,Department for Work and Pensions,England,The National Archives,Contains public sector information licensed under the Open Government Licence v3.0.,https://webarchive.nationalarchives.gov.uk/ukgwa/20160107144900/https://www.nationalarchives.gov.uk/doc/open-government-licence/version/3/,© Crown copyright,research|analysis,,,5/16/2024 1:26pm,,report,POCO,,,,,POCO_POGO|POCO_POGO_GB|POCO_POGO_GB_V1,en,United Kingdom (GB),,DWP Reports
https://webarchive.nationalarchives.gov.uk/ukgwa/20160115224110mp_/https:/www.gov.uk/government/publications/a-qualitative-overview-of-vacancy-filling-services-for-employers-target-setting-and-performance-management-rr686,department-for-work-and-pensions-gb,department-for-work-and-pensions-gb:national-archives,A qualitative overview of vacancy filling services for employers: Target setting and performance management (RR686),RR686,,,,,,Department for Work and Pensions,England,The National Archives,Contains public sector information licensed under the Open Government Licence v3.0.,https://webarchive.nationalarchives.gov.uk/ukgwa/20160107144900/https://www.nationalarchives.gov.uk/doc/open-government-licence/version/3/,© Crown copyright,research|analysis,,,5/16/2024 1:26pm,,report,POCO,,,,,POCO_POGO|POCO_POGO_GB|POCO_POGO_GB_V1,en,United Kingdom (GB),,DWP Reports
https://webarchive.nationalarchives.gov.uk/ukgwa/20160115224110mp_/https:/www.gov.uk/government/publications/employers-pension-provision-survey-2009-rr687,department-for-work-and-pensions-gb,department-for-work-and-pensions-gb:national-archives,Employers’ Pension Provision Survey 2009 (RR687),RR687,,,,,,Department for Work and Pensions,England,The National Archives,Contains public sector information licensed under the Open Government Licence v3.0.,https://webarchive.nationalarchives.gov.uk/ukgwa/20160107144900/https://www.nationalarchives.gov.uk/doc/open-government-licence/version/3/,© Crown copyright,research|analysis,,,5/16/2024 1:26pm,,report,POCO,,,,,POCO_POGO|POCO_POGO_GB|POCO_POGO_GB_V1,en,United Kingdom (GB),,DWP Reports
https://webarchive.nationalarchives.gov.uk/ukgwa/20160115224110mp_/https:/www.gov.uk/government/publications/low-income-working-households-in-the-private-rented-sector-rr698,department-for-work-and-pensions-gb,department-for-work-and-pensions-gb:national-archives,Low income working households in the private rented sector (RR698),RR698,,,,,,Department for Work and Pensions,England,The National Archives,Contains public sector information licensed under the Open Government Licence v3.0.,https://webarchive.nationalarchives.gov.uk/ukgwa/20160107144900/https://www.nationalarchives.gov.uk/doc/open-government-licence/version/3/,© Crown copyright,research|analysis,,,5/16/2024 1:26pm,,report,POCO,,,,,POCO_POGO|POCO_POGO_GB|POCO_POGO_GB_V1,en,United Kingdom (GB),,DWP Reports
https://webarchive.nationalarchives.gov.uk/ukgwa/20160115224110mp_/https:/www.gov.uk/government/publications/tenants-and-advisers-early-experiences-of-the-local-housing-allowancenational-rollout-rr688,department-for-work-and-pensions-gb,department-for-work-and-pensions-gb:national-archives,Tenants’ and advisers’ early experiences of the Local Housing Allowancenational rollout (RR688),RR688,,,,,,Department for Work and Pensions,England,The National Archives,Contains public sector information licensed under the Open Government Licence v3.0.,https://webarchive.nationalarchives.gov.uk/ukgwa/20160107144900/https://www.nationalarchives.gov.uk/doc/open-government-licence/version/3/,© Crown copyright,research|analysis,,,5/16/2024 1:26pm,,report,POCO,,,,,POCO_POGO|POCO_POGO_GB|POCO_POGO_GB_V1,en,United Kingdom (GB),,DWP Reports
https://webarchive.nationalarchives.gov.uk/ukgwa/20160115224110mp_/https:/www.gov.uk/government/publications/european-social-fund-cohort-study-wave-3-rr771,department-for-work-and-pensions-gb,department-for-work-and-pensions-gb:national-archives,European Social Fund Cohort Study: Wave 3 (RR771),RR771,,,,,,Department for Work and Pensions,England,The National Archives,Contains public sector information licensed under the Open Government Licence v3.0.,https://webarchive.nationalarchives.gov.uk/ukgwa/20160107144900/https://www.nationalarchives.gov.uk/doc/open-government-licence/version/3/,© Crown copyright,research|analysis,,,5/16/2024 1:26pm,,report,POCO,,,,,POCO_POGO|POCO_POGO_GB|POCO_POGO_GB_V1,en,United Kingdom (GB),,DWP Reports
https://webarchive.nationalarchives.gov.uk/ukgwa/20160115224110mp_/https:/www.gov.uk/government/publications/private-landlords-and-the-local-housing-allowance-system-of-housing-benefit-rr689,department-for-work-and-pensions-gb,department-for-work-and-pensions-gb:national-archives,Private landlords and the Local Housing Allowance system of Housing Benefit (RR689),RR689,,,,,,Department for Work and Pensions,England,The National Archives,Contains public sector information licensed under the Open Government Licence v3.0.,https://webarchive.nationalarchives.gov.uk/ukgwa/20160107144900/https://www.nationalarchives.gov.uk/doc/open-government-licence/version/3/,© Crown copyright,research|analysis,,,5/16/2024 1:26pm,,report,POCO,,,,,POCO_POGO|POCO_POGO_GB|POCO_POGO_GB_V1,en,United Kingdom (GB),,DWP Reports
https://webarchive.nationalarchives.gov.uk/ukgwa/20160115224110mp_/https:/www.gov.uk/government/publications/local-authority-omnibus-survey-wave-20-rr671,department-for-work-and-pensions-gb,department-for-work-and-pensions-gb:national-archives,Local Authority Omnibus Survey – Wave 20 (RR671),RR671,,,,,,Department for Work and Pensions,England,The National Archives,Contains public sector information licensed under the Open Government Licence v3.0.,https://webarchive.nationalarchives.gov.uk/ukgwa/20160107144900/https://www.nationalarchives.gov.uk/doc/open-government-licence/version/3/,© Crown copyright,research|analysis,,,5/16/2024 1:26pm,,report,POCO,,,,,POCO_POGO|POCO_POGO_GB|POCO_POGO_GB_V1,en,United Kingdom (GB),,DWP Reports
https://webarchive.nationalarchives.gov.uk/ukgwa/20160115224110mp_/https:/www.gov.uk/government/publications/additional-voluntary-national-insurance-contributions-at-state-pension-age-results-from-an-online-survey,department-for-work-and-pensions-gb,department-for-work-and-pensions-gb:national-archives,Class 3A voluntary National Insurance contributions: results from an online survey,,,,,,,Department for Work and Pensions,England,The National Archives,Contains public sector information licensed under the Open Government Licence v3.0.,https://webarchive.nationalarchives.gov.uk/ukgwa/20160107144900/https://www.nationalarchives.gov.uk/doc/open-government-licence/version/3/,© Crown copyright,research|analysis,,,5/16/2024 1:26pm,,report,POCO,,,,,POCO_POGO|POCO_POGO_GB|POCO_POGO_GB_V1,en,United Kingdom (GB),,DWP Reports
https://webarchive.nationalarchives.gov.uk/ukgwa/20160115224110mp_/https:/www.gov.uk/government/publications/exploring-staff-perceptions-of-jobcentre-plus-downturn-measures-rr668,department-for-work-and-pensions-gb,department-for-work-and-pensions-gb:national-archives,Exploring staff perceptions of Jobcentre Plus downturn measures (RR668),RR668,,,,,,Department for Work and Pensions,England,The National Archives,Contains public sector information licensed under the Open Government Licence v3.0.,https://webarchive.nationalarchives.gov.uk/ukgwa/20160107144900/https://www.nationalarchives.gov.uk/doc/open-government-licence/version/3/,© Crown copyright,research|analysis,,,5/16/2024 1:26pm,,report,POCO,,,,,POCO_POGO|POCO_POGO_GB|POCO_POGO_GB_V1,en,United Kingdom (GB),,DWP Reports
https://webarchive.nationalarchives.gov.uk/ukgwa/20160115224110mp_/https:/www.gov.uk/government/publications/feasibility-study-for-the-future-jobcentre-plus-customer-satisfaction-survey-rr681,department-for-work-and-pensions-gb,department-for-work-and-pensions-gb:national-archives,Feasibility study for the future Jobcentre Plus Customer Satisfaction Survey (RR681),RR681,,,,,,Department for Work and Pensions,England,The National Archives,Contains public sector information licensed under the Open Government Licence v3.0.,https://webarchive.nationalarchives.gov.uk/ukgwa/20160107144900/https://www.nationalarchives.gov.uk/doc/open-government-licence/version/3/,© Crown copyright,research|analysis,,,5/16/2024 1:26pm,,report,POCO,,,,,POCO_POGO|POCO_POGO_GB|POCO_POGO_GB_V1,en,United Kingdom (GB),,DWP Reports
https://webarchive.nationalarchives.gov.uk/ukgwa/20160115224110mp_/https:/www.gov.uk/government/publications/employers-attitudes-and-likely-reactions-to-the-workplace-pension-reforms-2009-rr683,department-for-work-and-pensions-gb,department-for-work-and-pensions-gb:national-archives,Employers’ attitudes and likely reactions to the workplace pension reforms 2009 (RR683),RR683,,,,,,Department for Work and Pensions,England,The National Archives,Contains public sector information licensed under the Open Government Licence v3.0.,https://webarchive.nationalarchives.gov.uk/ukgwa/20160107144900/https://www.nationalarchives.gov.uk/doc/open-government-licence/version/3/,© Crown copyright,research|analysis,,,5/16/2024 1:26pm,,report,POCO,,,,,POCO_POGO|POCO_POGO_GB|POCO_POGO_GB_V1,en,United Kingdom (GB),,DWP Reports
https://webarchive.nationalarchives.gov.uk/ukgwa/20160115224110mp_/https:/www.gov.uk/government/publications/work-focused-services-in-childrens-centres-pilot-interim-report-rr677,department-for-work-and-pensions-gb,department-for-work-and-pensions-gb:national-archives,Work-focused services in children’s centres pilot: Interim Report (RR677),RR677,,,,,,Department for Work and Pensions,England,The National Archives,Contains public sector information licensed under the Open Government Licence v3.0.,https://webarchive.nationalarchives.gov.uk/ukgwa/20160107144900/https://www.nationalarchives.gov.uk/doc/open-government-licence/version/3/,© Crown copyright,research|analysis,,,5/16/2024 1:26pm,,report,POCO,,,,,POCO_POGO|POCO_POGO_GB|POCO_POGO_GB_V1,en,United Kingdom (GB),,DWP Reports
https://webarchive.nationalarchives.gov.uk/ukgwa/20160115224110mp_/https:/www.gov.uk/government/publications/governance-structures-and-the-devolved-delivery-of-employment-outcomes-rr678,department-for-work-and-pensions-gb,department-for-work-and-pensions-gb:national-archives,Governance structures and the devolved delivery of employment outcomes (RR678),RR678,,,,,,Department for Work and Pensions,England,The National Archives,Contains public sector information licensed under the Open Government Licence v3.0.,https://webarchive.nationalarchives.gov.uk/ukgwa/20160107144900/https://www.nationalarchives.gov.uk/doc/open-government-licence/version/3/,© Crown copyright,research|analysis,,,5/16/2024 1:26pm,,report,POCO,,,,,POCO_POGO|POCO_POGO_GB|POCO_POGO_GB_V1,en,United Kingdom (GB),,DWP Reports
https://webarchive.nationalarchives.gov.uk/ukgwa/20160115224110mp_/https:/www.gov.uk/government/publications/literature-review-to-inform-the-future-digitisation-of-jobcentre-plus-service-delivery-rr679,department-for-work-and-pensions-gb,department-for-work-and-pensions-gb:national-archives,Literature review to inform the future digitisation of Jobcentre Plus service delivery (RR679),RR679,,,,,,Department for Work and Pensions,England,The National Archives,Contains public sector information licensed under the Open Government Licence v3.0.,https://webarchive.nationalarchives.gov.uk/ukgwa/20160107144900/https://www.nationalarchives.gov.uk/doc/open-government-licence/version/3/,© Crown copyright,research|analysis,,,5/16/2024 1:26pm,,report,POCO,,,,,POCO_POGO|POCO_POGO_GB|POCO_POGO_GB_V1,en,United Kingdom (GB),,DWP Reports
https://webarchive.nationalarchives.gov.uk/ukgwa/20160115224110mp_/https:/www.gov.uk/government/publications/training-and-progression-in-the-labour-market-rr680,department-for-work-and-pensions-gb,department-for-work-and-pensions-gb:national-archives,Training and progression in the labour market (RR680),RR680,,,,,,Department for Work and Pensions,England,The National Archives,Contains public sector information licensed under the Open Government Licence v3.0.,https://webarchive.nationalarchives.gov.uk/ukgwa/20160107144900/https://www.nationalarchives.gov.uk/doc/open-government-licence/version/3/,© Crown copyright,research|analysis,,,5/16/2024 1:26pm,,report,POCO,,,,,POCO_POGO|POCO_POGO_GB|POCO_POGO_GB_V1,en,United Kingdom (GB),,DWP Reports
https://webarchive.nationalarchives.gov.uk/ukgwa/20160115224110mp_/https:/www.gov.uk/government/publications/attitudes-to-increasing-the-proportion-of-member-nominated-trusteesa-qualitative-study-rr670,department-for-work-and-pensions-gb,department-for-work-and-pensions-gb:national-archives,Attitudes to increasing the proportion of member-nominated trustees: a qualitative study (RR670),RR670,,,,,,Department for Work and Pensions,England,The National Archives,Contains public sector information licensed under the Open Government Licence v3.0.,https://webarchive.nationalarchives.gov.uk/ukgwa/20160107144900/https://www.nationalarchives.gov.uk/doc/open-government-licence/version/3/,© Crown copyright,research|analysis,,,5/16/2024 1:26pm,,report,POCO,,,,,POCO_POGO|POCO_POGO_GB|POCO_POGO_GB_V1,en,United Kingdom (GB),,DWP Reports
https://webarchive.nationalarchives.gov.uk/ukgwa/20160115224110mp_/https:/www.gov.uk/government/publications/the-impact-of-disability-living-allowance-and-attendance-allowance-findings-from-exploratory-qualitative-research-rr649,department-for-work-and-pensions-gb,department-for-work-and-pensions-gb:national-archives,The impact of Disability Living Allowance and Attendance Allowance: Findings from exploratory qualitative research (RR649),RR649,,,,,,Department for Work and Pensions,England,The National Archives,Contains public sector information licensed under the Open Government Licence v3.0.,https://webarchive.nationalarchives.gov.uk/ukgwa/20160107144900/https://www.nationalarchives.gov.uk/doc/open-government-licence/version/3/,© Crown copyright,research|analysis,,,5/16/2024 1:26pm,,report,POCO,,,,,POCO_POGO|POCO_POGO_GB|POCO_POGO_GB_V1,en,United Kingdom (GB),,DWP Reports
https://webarchive.nationalarchives.gov.uk/ukgwa/20160115224110mp_/https:/www.gov.uk/government/publications/evaluation-of-the-off-flows-potentially-to-employment-pilots-waves-one-and-two-rr660,department-for-work-and-pensions-gb,department-for-work-and-pensions-gb:national-archives,Evaluation of the Off-Flows Potentially to Employment pilots (Waves One and Two) (RR660),RR660,,,,,,Department for Work and Pensions,England,The National Archives,Contains public sector information licensed under the Open Government Licence v3.0.,https://webarchive.nationalarchives.gov.uk/ukgwa/20160107144900/https://www.nationalarchives.gov.uk/doc/open-government-licence/version/3/,© Crown copyright,research|analysis,,,5/16/2024 1:26pm,,report,POCO,,,,,POCO_POGO|POCO_POGO_GB|POCO_POGO_GB_V1,en,United Kingdom (GB),,DWP Reports
https://webarchive.nationalarchives.gov.uk/ukgwa/20160115224110mp_/https:/www.gov.uk/government/publications/pathways-to-work-programme-engagement-and-work-patterns-rr653,department-for-work-and-pensions-gb,department-for-work-and-pensions-gb:national-archives,Pathways to Work: programme engagement and work patterns (RR653),RR653,,,,,,Department for Work and Pensions,England,The National Archives,Contains public sector information licensed under the Open Government Licence v3.0.,https://webarchive.nationalarchives.gov.uk/ukgwa/20160107144900/https://www.nationalarchives.gov.uk/doc/open-government-licence/version/3/,© Crown copyright,research|analysis,,,5/16/2024 1:26pm,,report,POCO,,,,,POCO_POGO|POCO_POGO_GB|POCO_POGO_GB_V1,en,United Kingdom (GB),,DWP Reports
https://webarchive.nationalarchives.gov.uk/ukgwa/20160115224110mp_/https:/www.gov.uk/government/publications/postcode-selection-employers-use-of-area-and-address-based-informationshortcuts-in-recruitment-decisions-rr664,department-for-work-and-pensions-gb,department-for-work-and-pensions-gb:national-archives,Postcode selection? Employers' use of area and address-based informationshortcuts in recruitment decisions (RR664),RR664,,,,,,Department for Work and Pensions,England,The National Archives,Contains public sector information licensed under the Open Government Licence v3.0.,https://webarchive.nationalarchives.gov.uk/ukgwa/20160107144900/https://www.nationalarchives.gov.uk/doc/open-government-licence/version/3/,© Crown copyright,research|analysis,,,5/16/2024 1:26pm,,report,POCO,,,,,POCO_POGO|POCO_POGO_GB|POCO_POGO_GB_V1,en,United Kingdom (GB),,DWP Reports
https://webarchive.nationalarchives.gov.uk/ukgwa/20160115224110mp_/https:/www.gov.uk/government/publications/second-survey-of-employers-policies-practices-and-preferences-relating-to-age-2010-rr682,department-for-work-and-pensions-gb,department-for-work-and-pensions-gb:national-archives,"Second survey of employers’ policies, practices and preferences relating to age, 2010 (RR682)",RR682,,,,,,Department for Work and Pensions,England,The National Archives,Contains public sector information licensed under the Open Government Licence v3.0.,https://webarchive.nationalarchives.gov.uk/ukgwa/20160107144900/https://www.nationalarchives.gov.uk/doc/open-government-licence/version/3/,© Crown copyright,research|analysis,,,5/16/2024 1:26pm,,report,POCO,,,,,POCO_POGO|POCO_POGO_GB|POCO_POGO_GB_V1,en,United Kingdom (GB),,DWP Reports
https://webarchive.nationalarchives.gov.uk/ukgwa/20160115224110mp_/https:/www.gov.uk/government/publications/provider-led-pathways-experiences-and-views-of-implementation-in-phase-2-districts-rr643,department-for-work-and-pensions-gb,department-for-work-and-pensions-gb:national-archives,Provider-led Pathways: experiences and views of implementation in phase 2 districts (RR643),RR643,,,,,,Department for Work and Pensions,England,The National Archives,Contains public sector information licensed under the Open Government Licence v3.0.,https://webarchive.nationalarchives.gov.uk/ukgwa/20160107144900/https://www.nationalarchives.gov.uk/doc/open-government-licence/version/3/,© Crown copyright,research|analysis,,,5/16/2024 1:26pm,,report,POCO,,,,,POCO_POGO|POCO_POGO_GB|POCO_POGO_GB_V1,en,United Kingdom (GB),,DWP Reports
https://webarchive.nationalarchives.gov.uk/ukgwa/20160115224110mp_/https:/www.gov.uk/government/publications/jobcentre-plus-jobseekers-allowance-off-flow-rates-key-managementindicator-post-implementation-review-rr661,department-for-work-and-pensions-gb,department-for-work-and-pensions-gb:national-archives,Jobcentre Plus Jobseeker's Allowance off-flow rates: Key ManagementIndicator Post-Implementation Review (RR661),RR661,,,,,,Department for Work and Pensions,England,The National Archives,Contains public sector information licensed under the Open Government Licence v3.0.,https://webarchive.nationalarchives.gov.uk/ukgwa/20160107144900/https://www.nationalarchives.gov.uk/doc/open-government-licence/version/3/,© Crown copyright,research|analysis,,,5/16/2024 1:26pm,,report,POCO,,,,,POCO_POGO|POCO_POGO_GB|POCO_POGO_GB_V1,en,United Kingdom (GB),,DWP Reports
https://webarchive.nationalarchives.gov.uk/ukgwa/20160115224110mp_/https:/www.gov.uk/government/publications/understanding-the-needs-of-people-with-mental-health-conditions-andor-learning-disabilities-and-the-implications-for-the-pension-disability-and-care,department-for-work-and-pensions-gb,department-for-work-and-pensions-gb:national-archives,"Understanding the needs of people with mental health conditions and/or learning disabilities and the implications for the Pension, Disability and Carers Service (RR654)",RR654,,,,,,Department for Work and Pensions,England,The National Archives,Contains public sector information licensed under the Open Government Licence v3.0.,https://webarchive.nationalarchives.gov.uk/ukgwa/20160107144900/https://www.nationalarchives.gov.uk/doc/open-government-licence/version/3/,© Crown copyright,research|analysis,,,5/16/2024 1:26pm,,report,POCO,,,,,POCO_POGO|POCO_POGO_GB|POCO_POGO_GB_V1,en,United Kingdom (GB),,DWP Reports
https://webarchive.nationalarchives.gov.uk/ukgwa/20160115224110mp_/https:/www.gov.uk/government/publications/accessing-jobcentre-plus-customer-services-a-qualitative-study-rr651,department-for-work-and-pensions-gb,department-for-work-and-pensions-gb:national-archives,Accessing Jobcentre Plus Customer Services: a qualitative study (RR651),RR651,,,,,,Department for Work and Pensions,England,The National Archives,Contains public sector information licensed under the Open Government Licence v3.0.,https://webarchive.nationalarchives.gov.uk/ukgwa/20160107144900/https://www.nationalarchives.gov.uk/doc/open-government-licence/version/3/,© Crown copyright,research|analysis,,,5/16/2024 1:26pm,,report,POCO,,,,,POCO_POGO|POCO_POGO_GB|POCO_POGO_GB_V1,en,United Kingdom (GB),,DWP Reports
https://webarchive.nationalarchives.gov.uk/ukgwa/20160115224110mp_/https:/www.gov.uk/government/publications/provider-led-pathways-experiences-and-views-of-condition-management-programmes-rr644,department-for-work-and-pensions-gb,department-for-work-and-pensions-gb:national-archives,Provider-led Pathways: experiences and views of Condition Management Programmes (RR644),RR644,,,,,,Department for Work and Pensions,England,The National Archives,Contains public sector information licensed under the Open Government Licence v3.0.,https://webarchive.nationalarchives.gov.uk/ukgwa/20160107144900/https://www.nationalarchives.gov.uk/doc/open-government-licence/version/3/,© Crown copyright,research|analysis,,,5/16/2024 1:26pm,,report,POCO,,,,,POCO_POGO|POCO_POGO_GB|POCO_POGO_GB_V1,en,United Kingdom (GB),,DWP Reports
https://webarchive.nationalarchives.gov.uk/ukgwa/20160115224110mp_/https:/www.gov.uk/government/publications/pathways-to-retirement-the-influence-of-employer-policy-and-practice-onretirement-decisions-rr673,department-for-work-and-pensions-gb,department-for-work-and-pensions-gb:national-archives,Pathways to retirement: The influence of employer policy and practice onretirement decisions (RR673),RR673,,,,,,Department for Work and Pensions,England,The National Archives,Contains public sector information licensed under the Open Government Licence v3.0.,https://webarchive.nationalarchives.gov.uk/ukgwa/20160107144900/https://www.nationalarchives.gov.uk/doc/open-government-licence/version/3/,© Crown copyright,research|analysis,,,5/16/2024 1:26pm,,report,POCO,,,,,POCO_POGO|POCO_POGO_GB|POCO_POGO_GB_V1,en,United Kingdom (GB),,DWP Reports
https://webarchive.nationalarchives.gov.uk/ukgwa/20160115224110mp_/https:/www.gov.uk/government/publications/rr-666-european-social-fund-support-for-in-work-training-research,department-for-work-and-pensions-gb,department-for-work-and-pensions-gb:national-archives,European Social Fund - Support for In-Work Training research (RR666),RR666,,,,,,Department for Work and Pensions,England,The National Archives,Contains public sector information licensed under the Open Government Licence v3.0.,https://webarchive.nationalarchives.gov.uk/ukgwa/20160107144900/https://www.nationalarchives.gov.uk/doc/open-government-licence/version/3/,© Crown copyright,research|analysis,,,5/16/2024 1:26pm,,report,POCO,,,,,POCO_POGO|POCO_POGO_GB|POCO_POGO_GB_V1,en,United Kingdom (GB),,DWP Reports
https://webarchive.nationalarchives.gov.uk/ukgwa/20160115224110mp_/https:/www.gov.uk/government/publications/off-flows-potentially-to-employment-destination-report-rr658,department-for-work-and-pensions-gb,department-for-work-and-pensions-gb:national-archives,Off-Flows Potentially to Employment destination report (RR658),RR658,,,,,,Department for Work and Pensions,England,The National Archives,Contains public sector information licensed under the Open Government Licence v3.0.,https://webarchive.nationalarchives.gov.uk/ukgwa/20160107144900/https://www.nationalarchives.gov.uk/doc/open-government-licence/version/3/,© Crown copyright,research|analysis,,,5/16/2024 1:26pm,,report,POCO,,,,,POCO_POGO|POCO_POGO_GB|POCO_POGO_GB_V1,en,United Kingdom (GB),,DWP Reports
https://webarchive.nationalarchives.gov.uk/ukgwa/20160115224110mp_/https:/www.gov.uk/government/publications/families-with-children-in-britain-findings-from-the-2008-families-and-children-study-facs-rr656,department-for-work-and-pensions-gb,department-for-work-and-pensions-gb:national-archives,Families with children in Britain: Findings from the 2008 Families and Children Study (FACS) (RR656),RR656,,,,,,Department for Work and Pensions,England,The National Archives,Contains public sector information licensed under the Open Government Licence v3.0.,https://webarchive.nationalarchives.gov.uk/ukgwa/20160107144900/https://www.nationalarchives.gov.uk/doc/open-government-licence/version/3/,© Crown copyright,research|analysis,,,5/16/2024 1:26pm,,report,POCO,,,,,POCO_POGO|POCO_POGO_GB|POCO_POGO_GB_V1,en,United Kingdom (GB),,DWP Reports
https://webarchive.nationalarchives.gov.uk/ukgwa/20160115224110mp_/https:/www.gov.uk/government/publications/evaluation-of-gender-equality-and-equal-opportunities-within-the-european-social-fund-rr667,department-for-work-and-pensions-gb,department-for-work-and-pensions-gb:national-archives,Evaluation of Gender Equality and Equal Opportunities within the European Social Fund (RR667),RR667,,,,,,Department for Work and Pensions,England,The National Archives,Contains public sector information licensed under the Open Government Licence v3.0.,https://webarchive.nationalarchives.gov.uk/ukgwa/20160107144900/https://www.nationalarchives.gov.uk/doc/open-government-licence/version/3/,© Crown copyright,research|analysis,,,5/16/2024 1:26pm,,report,POCO,,,,,POCO_POGO|POCO_POGO_GB|POCO_POGO_GB_V1,en,United Kingdom (GB),,DWP Reports
https://webarchive.nationalarchives.gov.uk/ukgwa/20160115224110mp_/https:/www.gov.uk/government/publications/national-2009-jobcentre-plus-customer-satisfaction-research-rr-657,department-for-work-and-pensions-gb,department-for-work-and-pensions-gb:national-archives,National 2009 Jobcentre Plus Customer Satisfaction Research (RR 657),RR657,,,,,,Department for Work and Pensions,England,The National Archives,Contains public sector information licensed under the Open Government Licence v3.0.,https://webarchive.nationalarchives.gov.uk/ukgwa/20160107144900/https://www.nationalarchives.gov.uk/doc/open-government-licence/version/3/,© Crown copyright,research|analysis,,,5/16/2024 1:26pm,,report,POCO,,,,,POCO_POGO|POCO_POGO_GB|POCO_POGO_GB_V1,en,United Kingdom (GB),,DWP Reports
https://webarchive.nationalarchives.gov.uk/ukgwa/20160115224110mp_/https:/www.gov.uk/government/publications/european-social-fund-cohort-study-wave-1-rr647,department-for-work-and-pensions-gb,department-for-work-and-pensions-gb:national-archives,European Social Fund Cohort Study: Wave 1 (RR647),RR647,,,,,,Department for Work and Pensions,England,The National Archives,Contains public sector information licensed under the Open Government Licence v3.0.,https://webarchive.nationalarchives.gov.uk/ukgwa/20160107144900/https://www.nationalarchives.gov.uk/doc/open-government-licence/version/3/,© Crown copyright,research|analysis,,,5/16/2024 1:26pm,,report,POCO,,,,,POCO_POGO|POCO_POGO_GB|POCO_POGO_GB_V1,en,United Kingdom (GB),,DWP Reports
https://webarchive.nationalarchives.gov.uk/ukgwa/20160115224110mp_/https:/www.gov.uk/government/publications/individuals-attitudes-and-likely-reactions-to-the-workplace-pension-reforms-2009-rr669,department-for-work-and-pensions-gb,department-for-work-and-pensions-gb:national-archives,Individuals’ attitudes and likely reactions to the workplace pension reforms 2009 (RR669),RR669,,,,,,Department for Work and Pensions,England,The National Archives,Contains public sector information licensed under the Open Government Licence v3.0.,https://webarchive.nationalarchives.gov.uk/ukgwa/20160107144900/https://www.nationalarchives.gov.uk/doc/open-government-licence/version/3/,© Crown copyright,research|analysis,,,5/16/2024 1:26pm,,report,POCO,,,,,POCO_POGO|POCO_POGO_GB|POCO_POGO_GB_V1,en,United Kingdom (GB),,DWP Reports
https://webarchive.nationalarchives.gov.uk/ukgwa/20160115224110mp_/https:/www.gov.uk/government/publications/disability-living-allowance-and-work-exploratory-research-and-evidence-review-rr648,department-for-work-and-pensions-gb,department-for-work-and-pensions-gb:national-archives,Disability Living Allowance and work: Exploratory research and evidence review (RR648),RR648,,,,,,Department for Work and Pensions,England,The National Archives,Contains public sector information licensed under the Open Government Licence v3.0.,https://webarchive.nationalarchives.gov.uk/ukgwa/20160107144900/https://www.nationalarchives.gov.uk/doc/open-government-licence/version/3/,© Crown copyright,research|analysis,,,5/16/2024 1:26pm,,report,POCO,,,,,POCO_POGO|POCO_POGO_GB|POCO_POGO_GB_V1,en,United Kingdom (GB),,DWP Reports
https://webarchive.nationalarchives.gov.uk/ukgwa/20160115224110mp_/https:/www.gov.uk/government/publications/exploratory-qualitative-research-on-the-single-working-age-benefit-rr659,department-for-work-and-pensions-gb,department-for-work-and-pensions-gb:national-archives,Exploratory qualitative research on the ‘single working age benefit’ (RR659),RR659,,,,,,Department for Work and Pensions,England,The National Archives,Contains public sector information licensed under the Open Government Licence v3.0.,https://webarchive.nationalarchives.gov.uk/ukgwa/20160107144900/https://www.nationalarchives.gov.uk/doc/open-government-licence/version/3/,© Crown copyright,research|analysis,,,5/16/2024 1:26pm,,report,POCO,,,,,POCO_POGO|POCO_POGO_GB|POCO_POGO_GB_V1,en,United Kingdom (GB),,DWP Reports
https://webarchive.nationalarchives.gov.uk/ukgwa/20160115224110mp_/https:/www.gov.uk/government/publications/rr-674-a-comparative-review-of-international-approaches-to-mandatory-retirement,department-for-work-and-pensions-gb,department-for-work-and-pensions-gb:national-archives,A comparative review of international approaches to mandatory retirement (RR674),RR674,,,,,,Department for Work and Pensions,England,The National Archives,Contains public sector information licensed under the Open Government Licence v3.0.,https://webarchive.nationalarchives.gov.uk/ukgwa/20160107144900/https://www.nationalarchives.gov.uk/doc/open-government-licence/version/3/,© Crown copyright,research|analysis,,,5/16/2024 1:26pm,,report,POCO,,,,,POCO_POGO|POCO_POGO_GB|POCO_POGO_GB_V1,en,United Kingdom (GB),,DWP Reports
https://webarchive.nationalarchives.gov.uk/ukgwa/20160115224110mp_/https:/www.gov.uk/government/publications/review-of-the-default-retirement-age-summary-of-the-stakeholder-evidence-rr675,department-for-work-and-pensions-gb,department-for-work-and-pensions-gb:national-archives,Review of the Default Retirement Age: Summary of the stakeholder evidence (RR675),RR675,,,,,,Department for Work and Pensions,England,The National Archives,Contains public sector information licensed under the Open Government Licence v3.0.,https://webarchive.nationalarchives.gov.uk/ukgwa/20160107144900/https://www.nationalarchives.gov.uk/doc/open-government-licence/version/3/,© Crown copyright,research|analysis,,,5/16/2024 1:26pm,,report,POCO,,,,,POCO_POGO|POCO_POGO_GB|POCO_POGO_GB_V1,en,United Kingdom (GB),,DWP Reports
https://webarchive.nationalarchives.gov.uk/ukgwa/20160115224110mp_/https:/www.gov.uk/government/publications/default-retirement-age-employer-qualitative-research-rr672,department-for-work-and-pensions-gb,department-for-work-and-pensions-gb:national-archives,Default Retirement Age: Employer qualitative research (RR672),RR672,,,,,,Department for Work and Pensions,England,The National Archives,Contains public sector information licensed under the Open Government Licence v3.0.,https://webarchive.nationalarchives.gov.uk/ukgwa/20160107144900/https://www.nationalarchives.gov.uk/doc/open-government-licence/version/3/,© Crown copyright,research|analysis,,,5/16/2024 1:26pm,,report,POCO,,,,,POCO_POGO|POCO_POGO_GB|POCO_POGO_GB_V1,en,United Kingdom (GB),,DWP Reports
https://webarchive.nationalarchives.gov.uk/ukgwa/20160115224110mp_/https:/www.gov.uk/government/publications/what-does-the-distribution-of-wealth-tell-us-about-future-retirement-resources-rr665,department-for-work-and-pensions-gb,department-for-work-and-pensions-gb:national-archives,What does the distribution of wealth tell us about future retirement resources (RR665)?,RR665?,,,,,,Department for Work and Pensions,England,The National Archives,Contains public sector information licensed under the Open Government Licence v3.0.,https://webarchive.nationalarchives.gov.uk/ukgwa/20160107144900/https://www.nationalarchives.gov.uk/doc/open-government-licence/version/3/,© Crown copyright,research|analysis,,,5/16/2024 1:26pm,,report,POCO,,,,,POCO_POGO|POCO_POGO_GB|POCO_POGO_GB_V1,en,United Kingdom (GB),,DWP Reports
https://webarchive.nationalarchives.gov.uk/ukgwa/20160115224110mp_/https:/www.gov.uk/government/publications/preparing-for-pension-reform-the-information-needs-of-small-and-micro-employers-at-auto-enrolment-rr676,department-for-work-and-pensions-gb,department-for-work-and-pensions-gb:national-archives,Preparing for pension reform: The information needs of small and micro employers at auto-enrolment (RR676),RR676,,,,,,Department for Work and Pensions,England,The National Archives,Contains public sector information licensed under the Open Government Licence v3.0.,https://webarchive.nationalarchives.gov.uk/ukgwa/20160107144900/https://www.nationalarchives.gov.uk/doc/open-government-licence/version/3/,© Crown copyright,research|analysis,,,5/16/2024 1:26pm,,report,POCO,,,,,POCO_POGO|POCO_POGO_GB|POCO_POGO_GB_V1,en,United Kingdom (GB),,DWP Reports
https://webarchive.nationalarchives.gov.uk/ukgwa/20160115224110mp_/https:/www.gov.uk/government/publications/consultation-on-workplace-pension-reforms-qualitative-research-with-smalland-medium-sized-companies-rr652,department-for-work-and-pensions-gb,department-for-work-and-pensions-gb:national-archives,Consultation on workplace pension reforms: Qualitative research with small and medium-sized companies (RR652),RR652,,,,,,Department for Work and Pensions,England,The National Archives,Contains public sector information licensed under the Open Government Licence v3.0.,https://webarchive.nationalarchives.gov.uk/ukgwa/20160107144900/https://www.nationalarchives.gov.uk/doc/open-government-licence/version/3/,© Crown copyright,research|analysis,,,5/16/2024 1:26pm,,report,POCO,,,,,POCO_POGO|POCO_POGO_GB|POCO_POGO_GB_V1,en,United Kingdom (GB),,DWP Reports
https://webarchive.nationalarchives.gov.uk/ukgwa/20160115224110mp_/https:/www.gov.uk/government/publications/review-of-international-pension-reform-rr663,department-for-work-and-pensions-gb,department-for-work-and-pensions-gb:national-archives,Review of international pension reform (RR663),RR663,,,,,,Department for Work and Pensions,England,The National Archives,Contains public sector information licensed under the Open Government Licence v3.0.,https://webarchive.nationalarchives.gov.uk/ukgwa/20160107144900/https://www.nationalarchives.gov.uk/doc/open-government-licence/version/3/,© Crown copyright,research|analysis,,,5/16/2024 1:26pm,,report,POCO,,,,,POCO_POGO|POCO_POGO_GB|POCO_POGO_GB_V1,en,United Kingdom (GB),,DWP Reports
https://webarchive.nationalarchives.gov.uk/ukgwa/20160115224110mp_/https:/www.gov.uk/government/publications/the-operation-of-choice-in-multiple-provider-employment-zones-rr650,department-for-work-and-pensions-gb,department-for-work-and-pensions-gb:national-archives,The operation of choice in Multiple Provider Employment Zones (RR650),RR650,,,,,,Department for Work and Pensions,England,The National Archives,Contains public sector information licensed under the Open Government Licence v3.0.,https://webarchive.nationalarchives.gov.uk/ukgwa/20160107144900/https://www.nationalarchives.gov.uk/doc/open-government-licence/version/3/,© Crown copyright,research|analysis,,,5/16/2024 1:26pm,,report,POCO,,,,,POCO_POGO|POCO_POGO_GB|POCO_POGO_GB_V1,en,United Kingdom (GB),,DWP Reports
https://webarchive.nationalarchives.gov.uk/ukgwa/20160115224110mp_/https:/www.gov.uk/government/publications/problem-drug-users-experiences-of-employment-and-the-benefit-system-rr640,department-for-work-and-pensions-gb,department-for-work-and-pensions-gb:national-archives,Problem drug users experiences of employment and the benefit system (RR640),RR640,,,,,,Department for Work and Pensions,England,The National Archives,Contains public sector information licensed under the Open Government Licence v3.0.,https://webarchive.nationalarchives.gov.uk/ukgwa/20160107144900/https://www.nationalarchives.gov.uk/doc/open-government-licence/version/3/,© Crown copyright,research|analysis,,,5/16/2024 1:26pm,,report,POCO,,,,,POCO_POGO|POCO_POGO_GB|POCO_POGO_GB_V1,en,United Kingdom (GB),,DWP Reports
https://webarchive.nationalarchives.gov.uk/ukgwa/20160115224110mp_/https:/www.gov.uk/government/publications/likely-treatment-of-different-types-of-worker-under-the-workplace-pension-reforms-qualitative-research-with-employers-rr662,department-for-work-and-pensions-gb,department-for-work-and-pensions-gb:national-archives,Likely treatment of different types of worker under the workplace pension reforms: Qualitative research with employers (RR662),RR662,,,,,,Department for Work and Pensions,England,The National Archives,Contains public sector information licensed under the Open Government Licence v3.0.,https://webarchive.nationalarchives.gov.uk/ukgwa/20160107144900/https://www.nationalarchives.gov.uk/doc/open-government-licence/version/3/,© Crown copyright,research|analysis,,,5/16/2024 1:26pm,,report,POCO,,,,,POCO_POGO|POCO_POGO_GB|POCO_POGO_GB_V1,en,United Kingdom (GB),,DWP Reports
https://webarchive.nationalarchives.gov.uk/ukgwa/20160115224110mp_/https:/www.gov.uk/government/publications/development-of-a-customer-experience-metric-for-contracted-employment-provision-rr655,department-for-work-and-pensions-gb,department-for-work-and-pensions-gb:national-archives,Development of a customer experience metric for contracted employment provision (RR655),RR655,,,,,,Department for Work and Pensions,England,The National Archives,Contains public sector information licensed under the Open Government Licence v3.0.,https://webarchive.nationalarchives.gov.uk/ukgwa/20160107144900/https://www.nationalarchives.gov.uk/doc/open-government-licence/version/3/,© Crown copyright,research|analysis,,,5/16/2024 1:26pm,,report,POCO,,,,,POCO_POGO|POCO_POGO_GB|POCO_POGO_GB_V1,en,United Kingdom (GB),,DWP Reports
https://webarchive.nationalarchives.gov.uk/ukgwa/20160115224110mp_/https:/www.gov.uk/government/publications/delivering-information-on-pensions-the-role-of-intermediaries-rr642,department-for-work-and-pensions-gb,department-for-work-and-pensions-gb:national-archives,Delivering information on pensions: The role of intermediaries (RR642),RR642,,,,,,Department for Work and Pensions,England,The National Archives,Contains public sector information licensed under the Open Government Licence v3.0.,https://webarchive.nationalarchives.gov.uk/ukgwa/20160107144900/https://www.nationalarchives.gov.uk/doc/open-government-licence/version/3/,© Crown copyright,research|analysis,,,5/16/2024 1:26pm,,report,POCO,,,,,POCO_POGO|POCO_POGO_GB|POCO_POGO_GB_V1,en,United Kingdom (GB),,DWP Reports
https://webarchive.nationalarchives.gov.uk/ukgwa/20160115224110mp_/https:/www.gov.uk/government/publications/family-values-parents-views-on-necessities-for-families-with-children-rr641,department-for-work-and-pensions-gb,department-for-work-and-pensions-gb:national-archives,Family values – parents’ views on necessities for families with children (RR641),RR641,,,,,,Department for Work and Pensions,England,The National Archives,Contains public sector information licensed under the Open Government Licence v3.0.,https://webarchive.nationalarchives.gov.uk/ukgwa/20160107144900/https://www.nationalarchives.gov.uk/doc/open-government-licence/version/3/,© Crown copyright,research|analysis,,,5/16/2024 1:26pm,,report,POCO,,,,,POCO_POGO|POCO_POGO_GB|POCO_POGO_GB_V1,en,United Kingdom (GB),,DWP Reports
https://webarchive.nationalarchives.gov.uk/ukgwa/20160115224110mp_/https:/www.gov.uk/government/publications/lone-parent-obligations-early-findings-of-implementation-as-well-as-experiences-of-the-income-support-and-jobseekers-allowance-regimes-rr645,department-for-work-and-pensions-gb,department-for-work-and-pensions-gb:national-archives,Lone Parent Obligations: early findings of implementation as well as experiences of the Income Support and Jobseeker’s Allowance regimes (RR645),RR645,,,,,,Department for Work and Pensions,England,The National Archives,Contains public sector information licensed under the Open Government Licence v3.0.,https://webarchive.nationalarchives.gov.uk/ukgwa/20160107144900/https://www.nationalarchives.gov.uk/doc/open-government-licence/version/3/,© Crown copyright,research|analysis,,,5/16/2024 1:26pm,,report,POCO,,,,,POCO_POGO|POCO_POGO_GB|POCO_POGO_GB_V1,en,United Kingdom (GB),,DWP Reports
https://webarchive.nationalarchives.gov.uk/ukgwa/20160115224110mp_/https:/www.gov.uk/government/publications/an-evaluation-of-european-social-fund-information-and-publicity-rr646,department-for-work-and-pensions-gb,department-for-work-and-pensions-gb:national-archives,An evaluation of European Social Fund information and publicity (RR646),RR646,,,,,,Department for Work and Pensions,England,The National Archives,Contains public sector information licensed under the Open Government Licence v3.0.,https://webarchive.nationalarchives.gov.uk/ukgwa/20160107144900/https://www.nationalarchives.gov.uk/doc/open-government-licence/version/3/,© Crown copyright,research|analysis,,,5/16/2024 1:26pm,,report,POCO,,,,,POCO_POGO|POCO_POGO_GB|POCO_POGO_GB_V1,en,United Kingdom (GB),,DWP Reports
https://webarchive.nationalarchives.gov.uk/ukgwa/20160115224110mp_/https:/www.gov.uk/government/publications/local-authority-omnibus-survey-wave-21-rr721,department-for-work-and-pensions-gb,department-for-work-and-pensions-gb:national-archives,Local Authority Omnibus Survey – Wave 21 (RR721),RR721,,,,,,Department for Work and Pensions,England,The National Archives,Contains public sector information licensed under the Open Government Licence v3.0.,https://webarchive.nationalarchives.gov.uk/ukgwa/20160107144900/https://www.nationalarchives.gov.uk/doc/open-government-licence/version/3/,© Crown copyright,research|analysis,,,5/16/2024 1:26pm,,report,POCO,,,,,POCO_POGO|POCO_POGO_GB|POCO_POGO_GB_V1,en,United Kingdom (GB),,DWP Reports
https://webarchive.nationalarchives.gov.uk/ukgwa/20160115224110mp_/https:/www.gov.uk/government/publications/support-for-mortgage-interest-rr740,department-for-work-and-pensions-gb,department-for-work-and-pensions-gb:national-archives,Support for Mortgage Interest (RR740),RR740,,,,,,Department for Work and Pensions,England,The National Archives,Contains public sector information licensed under the Open Government Licence v3.0.,https://webarchive.nationalarchives.gov.uk/ukgwa/20160107144900/https://www.nationalarchives.gov.uk/doc/open-government-licence/version/3/,© Crown copyright,research|analysis,,,5/16/2024 1:26pm,,report,POCO,,,,,POCO_POGO|POCO_POGO_GB|POCO_POGO_GB_V1,en,United Kingdom (GB),,DWP Reports
https://webarchive.nationalarchives.gov.uk/ukgwa/20091222172300mp_/http:/research.dwp.gov.uk/asd/asd5/rports2009-2010/rrep623.pdf,department-for-work-and-pensions-gb,department-for-work-and-pensions-gb:national-archives, Employer attitudes to collective defined contribution pension schemes ,RR623,2009,Elizabeth Jordan|Andrew Thomas,https://webarchive.nationalarchives.gov.uk/ukgwa/20091222172300mp_/http:/research.dwp.gov.uk/asd/asd5/rports2009-2010/rrep623.pdf,,,Department for Work and Pensions,England,The National Archives,Contains public sector information licensed under the Open Government Licence v3.0.,https://webarchive.nationalarchives.gov.uk/ukgwa/20160107144900/https://www.nationalarchives.gov.uk/doc/open-government-licence/version/3/,© Crown copyright,research|analysis,,,5/16/2024 1:19pm,,report,POCO,,,,,POCO_POGO|POCO_POGO_GB|POCO_POGO_GB_V1,en,United Kingdom (GB),,DWP Reports
https://webarchive.nationalarchives.gov.uk/ukgwa/20091222172300mp_/http:/research.dwp.gov.uk/asd/asd5/rports2009-2010/rrep621.pdf,department-for-work-and-pensions-gb,department-for-work-and-pensions-gb:national-archives, Evaluation of Access to Work: Ministerial Government Departments ,RR621,2009,Sara Dewson|Harriet Fearn|Ceri Williams,https://webarchive.nationalarchives.gov.uk/ukgwa/20091222172300mp_/http:/research.dwp.gov.uk/asd/asd5/rports2009-2010/rrep621.pdf,,,Department for Work and Pensions,England,The National Archives,Contains public sector information licensed under the Open Government Licence v3.0.,https://webarchive.nationalarchives.gov.uk/ukgwa/20160107144900/https://www.nationalarchives.gov.uk/doc/open-government-licence/version/3/,© Crown copyright,research|analysis,,,5/16/2024 1:19pm,,report,POCO,,,,,POCO_POGO|POCO_POGO_GB|POCO_POGO_GB_V1,en,United Kingdom (GB),,DWP Reports
https://webarchive.nationalarchives.gov.uk/ukgwa/20091222172300mp_/http:/research.dwp.gov.uk/asd/asd5/rports2009-2010/rrep620.pdf,department-for-work-and-pensions-gb,department-for-work-and-pensions-gb:national-archives, Evaluation of Access to Work: Individual Budget pilot strand ,RR620,2009,Jane Aston,https://webarchive.nationalarchives.gov.uk/ukgwa/20091222172300mp_/http:/research.dwp.gov.uk/asd/asd5/rports2009-2010/rrep620.pdf,,,Department for Work and Pensions,England,The National Archives,Contains public sector information licensed under the Open Government Licence v3.0.,https://webarchive.nationalarchives.gov.uk/ukgwa/20160107144900/https://www.nationalarchives.gov.uk/doc/open-government-licence/version/3/,© Crown copyright,research|analysis,,,5/16/2024 1:19pm,,report,POCO,,,,,POCO_POGO|POCO_POGO_GB|POCO_POGO_GB_V1,en,United Kingdom (GB),,DWP Reports
https://webarchive.nationalarchives.gov.uk/ukgwa/20091222172300mp_/http:/research.dwp.gov.uk/asd/asd5/rports2009-2010/rrep619.pdf,department-for-work-and-pensions-gb,department-for-work-and-pensions-gb:national-archives, Evaluation of Access to Work: Core evaluation ,RR619,2009,Sara Dewson|Darcy Hill|Nigel Meager|Rebecca Willison,https://webarchive.nationalarchives.gov.uk/ukgwa/20091222172300mp_/http:/research.dwp.gov.uk/asd/asd5/rports2009-2010/rrep619.pdf,,,Department for Work and Pensions,England,The National Archives,Contains public sector information licensed under the Open Government Licence v3.0.,https://webarchive.nationalarchives.gov.uk/ukgwa/20160107144900/https://www.nationalarchives.gov.uk/doc/open-government-licence/version/3/,© Crown copyright,research|analysis,,,5/16/2024 1:19pm,,report,POCO,,,,,POCO_POGO|POCO_POGO_GB|POCO_POGO_GB_V1,en,United Kingdom (GB),,DWP Reports
https://webarchive.nationalarchives.gov.uk/ukgwa/20091222172300mp_/http:/research.dwp.gov.uk/asd/asd5/rports2009-2010/rrep618.pdf,department-for-work-and-pensions-gb,department-for-work-and-pensions-gb:national-archives, Qualitative evaluation of integrated employment and skills trials: Implementation report ,RR618,2009,Tom Levesley|Paul Sissons|Ruth Francis|Joy Oakley|Claire Johnson|Jim Hillage,https://webarchive.nationalarchives.gov.uk/ukgwa/20091222172300mp_/http:/research.dwp.gov.uk/asd/asd5/rports2009-2010/rrep618.pdf,,,Department for Work and Pensions,England,The National Archives,Contains public sector information licensed under the Open Government Licence v3.0.,https://webarchive.nationalarchives.gov.uk/ukgwa/20160107144900/https://www.nationalarchives.gov.uk/doc/open-government-licence/version/3/,© Crown copyright,research|analysis,,,5/16/2024 1:19pm,,report,POCO,,,,,POCO_POGO|POCO_POGO_GB|POCO_POGO_GB_V1,en,United Kingdom (GB),,DWP Reports
https://webarchive.nationalarchives.gov.uk/ukgwa/20100208134511mp_/http://research.dwp.gov.uk/asd/asd5/rports2009-2010/rrep617.pdf,department-for-work-and-pensions-gb,department-for-work-and-pensions-gb:national-archives, Understanding small employers' likely responses to the 2012 workplace pension reforms: Report of a qualitative study ,RR617,2009,Andrew Thomas|Cassie Philpin,https://webarchive.nationalarchives.gov.uk/ukgwa/20100208134511mp_/http://research.dwp.gov.uk/asd/asd5/rports2009-2010/rrep617.pdf,,,Department for Work and Pensions,England,The National Archives,Contains public sector information licensed under the Open Government Licence v3.0.,https://webarchive.nationalarchives.gov.uk/ukgwa/20160107144900/https://www.nationalarchives.gov.uk/doc/open-government-licence/version/3/,© Crown copyright,research|analysis,,,5/16/2024 1:19pm,,report,POCO,,,,,POCO_POGO|POCO_POGO_GB|POCO_POGO_GB_V1,en,United Kingdom (GB),,DWP Reports
https://webarchive.nationalarchives.gov.uk/ukgwa/20091222172300mp_/http:/research.dwp.gov.uk/asd/asd5/rports2009-2010/rrep614.pdf,department-for-work-and-pensions-gb,department-for-work-and-pensions-gb:national-archives, Welfare to work in the United States: New York’s experience of the prime provider model ,RR614,2009,Dr David Armstrong|Yvonne Byrne|Lisa Patton|Sarah Horack,https://webarchive.nationalarchives.gov.uk/ukgwa/20091222172300mp_/http:/research.dwp.gov.uk/asd/asd5/rports2009-2010/rrep614.pdf,,,Department for Work and Pensions,England,The National Archives,Contains public sector information licensed under the Open Government Licence v3.0.,https://webarchive.nationalarchives.gov.uk/ukgwa/20160107144900/https://www.nationalarchives.gov.uk/doc/open-government-licence/version/3/,© Crown copyright,research|analysis,,,5/16/2024 1:19pm,,report,POCO,,,,,POCO_POGO|POCO_POGO_GB|POCO_POGO_GB_V1,en,United Kingdom (GB),,DWP Reports
https://webarchive.nationalarchives.gov.uk/ukgwa/20091222172300mp_/http://research.dwp.gov.uk/asd/asd5/rports2009-2010/rrep613.pdf,department-for-work-and-pensions-gb,department-for-work-and-pensions-gb:national-archives, Exploring the nature of unappointed face-to-face contacts in Jobcentre Plus offices ,RR613,2009,Trinh Tu|Claire Lister|Shreena Kotecha,https://webarchive.nationalarchives.gov.uk/ukgwa/20091222172300mp_/http://research.dwp.gov.uk/asd/asd5/rports2009-2010/rrep613.pdf,,,Department for Work and Pensions,England,The National Archives,Contains public sector information licensed under the Open Government Licence v3.0.,https://webarchive.nationalarchives.gov.uk/ukgwa/20160107144900/https://www.nationalarchives.gov.uk/doc/open-government-licence/version/3/,© Crown copyright,research|analysis,,,5/16/2024 1:19pm,,report,POCO,,,,,POCO_POGO|POCO_POGO_GB|POCO_POGO_GB_V1,en,United Kingdom (GB),,DWP Reports
https://webarchive.nationalarchives.gov.uk/ukgwa/20100208134507mp_/http://research.dwp.gov.uk/asd/asd5/rports2009-2010/rrep612.pdf,department-for-work-and-pensions-gb,department-for-work-and-pensions-gb:national-archives," A scoping study on the added value of a longitudinal survey of working age customers of Jobcentre Plus and the Pension, Disability and Carers Service ",RR612,2009,Gareth Morrell|Jon Hales|Matt Barnard|Clare Tait|Sarah Tipping,https://webarchive.nationalarchives.gov.uk/ukgwa/20100208134507mp_/http://research.dwp.gov.uk/asd/asd5/rports2009-2010/rrep612.pdf,,,Department for Work and Pensions,England,The National Archives,Contains public sector information licensed under the Open Government Licence v3.0.,https://webarchive.nationalarchives.gov.uk/ukgwa/20160107144900/https://www.nationalarchives.gov.uk/doc/open-government-licence/version/3/,© Crown copyright,research|analysis,,,5/16/2024 1:19pm,,report,POCO,,,,,POCO_POGO|POCO_POGO_GB|POCO_POGO_GB_V1,en,United Kingdom (GB),,DWP Reports
https://webarchive.nationalarchives.gov.uk/ukgwa/20091222172300mp_/http:/research.dwp.gov.uk/asd/asd5/rports2009-2010/rrep611.pdf,department-for-work-and-pensions-gb,department-for-work-and-pensions-gb:national-archives, Qualitative Evaluation of the Adult Learning Option ,RR611,2009,Ben Hewitson|Alice Coulter|Lucy Joyce,https://webarchive.nationalarchives.gov.uk/ukgwa/20091222172300mp_/http:/research.dwp.gov.uk/asd/asd5/rports2009-2010/rrep611.pdf,,,Department for Work and Pensions,England,The National Archives,Contains public sector information licensed under the Open Government Licence v3.0.,https://webarchive.nationalarchives.gov.uk/ukgwa/20160107144900/https://www.nationalarchives.gov.uk/doc/open-government-licence/version/3/,© Crown copyright,research|analysis,,,5/16/2024 1:19pm,,report,POCO,,,,,POCO_POGO|POCO_POGO_GB|POCO_POGO_GB_V1,en,United Kingdom (GB),,DWP Reports
https://webarchive.nationalarchives.gov.uk/ukgwa/20100105033347mp_/http://research.dwp.gov.uk/asd/asd5/rports2009-2010/rrep610.pdf,department-for-work-and-pensions-gb,department-for-work-and-pensions-gb:national-archives, Delivering better housing and employment outcomes for offenders on probation ,RR610,2009,Nicholas Pleace|Jon Minton,https://webarchive.nationalarchives.gov.uk/ukgwa/20100105033347mp_/http://research.dwp.gov.uk/asd/asd5/rports2009-2010/rrep610.pdf,,,Department for Work and Pensions,England,The National Archives,Contains public sector information licensed under the Open Government Licence v3.0.,https://webarchive.nationalarchives.gov.uk/ukgwa/20160107144900/https://www.nationalarchives.gov.uk/doc/open-government-licence/version/3/,© Crown copyright,research|analysis,,,5/16/2024 1:19pm,,report,POCO,,,,,POCO_POGO|POCO_POGO_GB|POCO_POGO_GB_V1,en,United Kingdom (GB),,DWP Reports
https://webarchive.nationalarchives.gov.uk/ukgwa/20100208135837mp_/http://research.dwp.gov.uk/asd/asd5/rports2009-2010/rrep608.pdf,department-for-work-and-pensions-gb,department-for-work-and-pensions-gb:national-archives, Defined contribution pension provision ,RR608,2009,Chris Dobson|Sarah Horsfield,https://webarchive.nationalarchives.gov.uk/ukgwa/20100208135837mp_/http://research.dwp.gov.uk/asd/asd5/rports2009-2010/rrep608.pdf,,,Department for Work and Pensions,England,The National Archives,Contains public sector information licensed under the Open Government Licence v3.0.,https://webarchive.nationalarchives.gov.uk/ukgwa/20160107144900/https://www.nationalarchives.gov.uk/doc/open-government-licence/version/3/,© Crown copyright,research|analysis,,,5/16/2024 1:19pm,,report,POCO,,,,,POCO_POGO|POCO_POGO_GB|POCO_POGO_GB_V1,en,United Kingdom (GB),,DWP Reports
https://webarchive.nationalarchives.gov.uk/ukgwa/20091205080510mp_/http://research.dwp.gov.uk/asd/asd5/rports2009-2010/rrep607.pdf,department-for-work-and-pensions-gb,department-for-work-and-pensions-gb:national-archives, A test for racial discrimination in recruitment practice in British cities ,RR607,2009,Martin Wood|Jon Hales|Susan Purdon|Tanja Sejersen|Oliver Hayllar,https://webarchive.nationalarchives.gov.uk/ukgwa/20091205080510mp_/http://research.dwp.gov.uk/asd/asd5/rports2009-2010/rrep607.pdf,,,Department for Work and Pensions,England,The National Archives,Contains public sector information licensed under the Open Government Licence v3.0.,https://webarchive.nationalarchives.gov.uk/ukgwa/20160107144900/https://www.nationalarchives.gov.uk/doc/open-government-licence/version/3/,© Crown copyright,research|analysis,,,5/16/2024 1:19pm,,report,POCO,,,,,POCO_POGO|POCO_POGO_GB|POCO_POGO_GB_V1,en,United Kingdom (GB),,DWP Reports
https://webarchive.nationalarchives.gov.uk/ukgwa/20100208134535mp_/http://research.dwp.gov.uk/asd/asd5/rports2009-2010/rrep606.pdf,department-for-work-and-pensions-gb,department-for-work-and-pensions-gb:national-archives," The lone parent pilots after 24 – 36 months: the final impact assessment of In-Work Credit, Work Search Premium, Extended Schools Childcare, Quarterly Work Focused Interviews and New Deal Plus for Lone Parentsread synopsis ",RR606,2009,Mike Brewer|James Browne|Haroon Chowdry|Claire Crawford,https://webarchive.nationalarchives.gov.uk/ukgwa/20100208134535mp_/http://research.dwp.gov.uk/asd/asd5/rports2009-2010/rrep606.pdf,,,Department for Work and Pensions,England,The National Archives,Contains public sector information licensed under the Open Government Licence v3.0.,https://webarchive.nationalarchives.gov.uk/ukgwa/20160107144900/https://www.nationalarchives.gov.uk/doc/open-government-licence/version/3/,© Crown copyright,research|analysis,,,5/16/2024 1:19pm,,report,POCO,,,,,POCO_POGO|POCO_POGO_GB|POCO_POGO_GB_V1,en,United Kingdom (GB),,DWP Reports
https://webarchive.nationalarchives.gov.uk/ukgwa/20100208141751mp_/http://research.dwp.gov.uk/asd/asd5/rports2009-2010/rrep604.pdf,department-for-work-and-pensions-gb,department-for-work-and-pensions-gb:national-archives," Pension, Disability and Carers Service partnerships research ",RR604,2009,Suzanne Hall|Stephen Bell|Paul Carroll|Jayesh Shah,https://webarchive.nationalarchives.gov.uk/ukgwa/20100208141751mp_/http://research.dwp.gov.uk/asd/asd5/rports2009-2010/rrep604.pdf,,,Department for Work and Pensions,England,The National Archives,Contains public sector information licensed under the Open Government Licence v3.0.,https://webarchive.nationalarchives.gov.uk/ukgwa/20160107144900/https://www.nationalarchives.gov.uk/doc/open-government-licence/version/3/,© Crown copyright,research|analysis,,,5/16/2024 1:19pm,,report,POCO,,,,,POCO_POGO|POCO_POGO_GB|POCO_POGO_GB_V1,en,United Kingdom (GB),,DWP Reports
https://webarchive.nationalarchives.gov.uk/ukgwa/20100208140818mp_/http://research.dwp.gov.uk/asd/asd5/rports2009-2010/rrep603.pdf,department-for-work-and-pensions-gb,department-for-work-and-pensions-gb:national-archives, The economic basis for the regulation of pensions ,RR603,2009,David McCarthy|Anthony Neuberger,https://webarchive.nationalarchives.gov.uk/ukgwa/20100208140818mp_/http://research.dwp.gov.uk/asd/asd5/rports2009-2010/rrep603.pdf,,,Department for Work and Pensions,England,The National Archives,Contains public sector information licensed under the Open Government Licence v3.0.,https://webarchive.nationalarchives.gov.uk/ukgwa/20160107144900/https://www.nationalarchives.gov.uk/doc/open-government-licence/version/3/,© Crown copyright,research|analysis,,,5/16/2024 1:19pm,,report,POCO,,,,,POCO_POGO|POCO_POGO_GB|POCO_POGO_GB_V1,en,United Kingdom (GB),,DWP Reports
https://webarchive.nationalarchives.gov.uk/ukgwa/20091112210834mp_/http://research.dwp.gov.uk/asd/asd5/rports2009-2010/rrep602.pdf,department-for-work-and-pensions-gb,department-for-work-and-pensions-gb:national-archives, Work-focused services in children's centres pilot: evaluation baseline report ,RR602,2009,Rachel Marangozov,https://webarchive.nationalarchives.gov.uk/ukgwa/20091112210834mp_/http://research.dwp.gov.uk/asd/asd5/rports2009-2010/rrep602.pdf,,,Department for Work and Pensions,England,The National Archives,Contains public sector information licensed under the Open Government Licence v3.0.,https://webarchive.nationalarchives.gov.uk/ukgwa/20160107144900/https://www.nationalarchives.gov.uk/doc/open-government-licence/version/3/,© Crown copyright,research|analysis,,,5/16/2024 1:19pm,,report,POCO,,,,,POCO_POGO|POCO_POGO_GB|POCO_POGO_GB_V1,en,United Kingdom (GB),,DWP Reports
https://webarchive.nationalarchives.gov.uk/ukgwa/20100208141205mp_/http://research.dwp.gov.uk/asd/asd5/rports2009-2010/rrep601.pdf,department-for-work-and-pensions-gb,department-for-work-and-pensions-gb:national-archives," The impact of Pathways to Work on work, earnings and self-reported health in the April 2006 expansion areas ",RR601,2009,Helen Bewley|Richard Dorsett|Sergio Salis,https://webarchive.nationalarchives.gov.uk/ukgwa/20100208141205mp_/http://research.dwp.gov.uk/asd/asd5/rports2009-2010/rrep601.pdf,,,Department for Work and Pensions,England,The National Archives,Contains public sector information licensed under the Open Government Licence v3.0.,https://webarchive.nationalarchives.gov.uk/ukgwa/20160107144900/https://www.nationalarchives.gov.uk/doc/open-government-licence/version/3/,© Crown copyright,research|analysis,,,5/16/2024 1:19pm,,report,POCO,,,,,POCO_POGO|POCO_POGO_GB|POCO_POGO_GB_V1,en,United Kingdom (GB),,DWP Reports
https://webarchive.nationalarchives.gov.uk/ukgwa/20091205003350mp_/http://research.dwp.gov.uk/asd/asd5/rports2009-2010/rrep600.pdf,department-for-work-and-pensions-gb,department-for-work-and-pensions-gb:national-archives, Evaluation of the Race Equality Procurement pilots ,RR600,2009,Nii Djan Tackey|Helen Barnes|Harriet Fearn|Rachel Pillai,https://webarchive.nationalarchives.gov.uk/ukgwa/20091205003350mp_/http://research.dwp.gov.uk/asd/asd5/rports2009-2010/rrep600.pdf,,,Department for Work and Pensions,England,The National Archives,Contains public sector information licensed under the Open Government Licence v3.0.,https://webarchive.nationalarchives.gov.uk/ukgwa/20160107144900/https://www.nationalarchives.gov.uk/doc/open-government-licence/version/3/,© Crown copyright,research|analysis,,,5/16/2024 1:19pm,,report,POCO,,,,,POCO_POGO|POCO_POGO_GB|POCO_POGO_GB_V1,en,United Kingdom (GB),,DWP Reports
https://webarchive.nationalarchives.gov.uk/ukgwa/20100208141151mp_/http://research.dwp.gov.uk/asd/asd5/rports2009-2010/rrep599.pdf,department-for-work-and-pensions-gb,department-for-work-and-pensions-gb:national-archives, Attitudes to age in Britain 2004-08 ,RR599,2009,Dominic Abrams|Tiina Eilola|Hannah Swift,https://webarchive.nationalarchives.gov.uk/ukgwa/20100208141151mp_/http://research.dwp.gov.uk/asd/asd5/rports2009-2010/rrep599.pdf,,,Department for Work and Pensions,England,The National Archives,Contains public sector information licensed under the Open Government Licence v3.0.,https://webarchive.nationalarchives.gov.uk/ukgwa/20160107144900/https://www.nationalarchives.gov.uk/doc/open-government-licence/version/3/,© Crown copyright,research|analysis,,,5/16/2024 1:19pm,,report,POCO,,,,,POCO_POGO|POCO_POGO_GB|POCO_POGO_GB_V1,en,United Kingdom (GB),,DWP Reports
https://webarchive.nationalarchives.gov.uk/ukgwa/20100208141932mp_/http://research.dwp.gov.uk/asd/asd5/rports2009-2010/rrep598.pdf,department-for-work-and-pensions-gb,department-for-work-and-pensions-gb:national-archives, Evaluation of Partners Outreach for Ethnic Minorities (POEM) ,RR598,2009,"Jane Aston|Anne Bellis|Miranda Munro|Rachel Pillai|
Rebecca Willison",https://webarchive.nationalarchives.gov.uk/ukgwa/20100208141932mp_/http://research.dwp.gov.uk/asd/asd5/rports2009-2010/rrep598.pdf,,,Department for Work and Pensions,England,The National Archives,Contains public sector information licensed under the Open Government Licence v3.0.,https://webarchive.nationalarchives.gov.uk/ukgwa/20160107144900/https://www.nationalarchives.gov.uk/doc/open-government-licence/version/3/,© Crown copyright,research|analysis,,,5/16/2024 1:19pm,,report,POCO,,,,,POCO_POGO|POCO_POGO_GB|POCO_POGO_GB_V1,en,United Kingdom (GB),,DWP Reports
https://webarchive.nationalarchives.gov.uk/ukgwa/20091112035030mp_/http://research.dwp.gov.uk/asd/asd5/rports2009-2010/rrep597.pdf,department-for-work-and-pensions-gb,department-for-work-and-pensions-gb:national-archives, Employment support for carers ,RR597,2009,Sarah Vickerstaff|Wendy Loretto|Alisoun Milne|Elaine Alden|Jenny Billings|Phil White,https://webarchive.nationalarchives.gov.uk/ukgwa/20091112035030mp_/http://research.dwp.gov.uk/asd/asd5/rports2009-2010/rrep597.pdf,,,Department for Work and Pensions,England,The National Archives,Contains public sector information licensed under the Open Government Licence v3.0.,https://webarchive.nationalarchives.gov.uk/ukgwa/20160107144900/https://www.nationalarchives.gov.uk/doc/open-government-licence/version/3/,© Crown copyright,research|analysis,,,5/16/2024 1:19pm,,report,POCO,,,,,POCO_POGO|POCO_POGO_GB|POCO_POGO_GB_V1,en,United Kingdom (GB),,DWP Reports
https://webarchive.nationalarchives.gov.uk/ukgwa/20091212063303mp_/http://research.dwp.gov.uk/asd/asd5/rports2009-2010/rrep596.pdf,department-for-work-and-pensions-gb,department-for-work-and-pensions-gb:national-archives, Regional European Social Fund Frameworks: A case study evaluation ,RR596,2009,,https://webarchive.nationalarchives.gov.uk/ukgwa/20091212063303mp_/http://research.dwp.gov.uk/asd/asd5/rports2009-2010/rrep596.pdf,,,Department for Work and Pensions,England,The National Archives,Contains public sector information licensed under the Open Government Licence v3.0.,https://webarchive.nationalarchives.gov.uk/ukgwa/20160107144900/https://www.nationalarchives.gov.uk/doc/open-government-licence/version/3/,© Crown copyright,research|analysis,,,5/16/2024 1:19pm,,report,POCO,,,,,POCO_POGO|POCO_POGO_GB|POCO_POGO_GB_V1,en,United Kingdom (GB),,DWP Reports
https://webarchive.nationalarchives.gov.uk/ukgwa/20100208135833mp_/http://research.dwp.gov.uk/asd/asd5/rports2009-2010/rrep595.pdf,department-for-work-and-pensions-gb,department-for-work-and-pensions-gb:national-archives, Provider-led Pathways: Experiences and views of early implementation ,RR595,2009,,https://webarchive.nationalarchives.gov.uk/ukgwa/20100208135833mp_/http://research.dwp.gov.uk/asd/asd5/rports2009-2010/rrep595.pdf,,,Department for Work and Pensions,England,The National Archives,Contains public sector information licensed under the Open Government Licence v3.0.,https://webarchive.nationalarchives.gov.uk/ukgwa/20160107144900/https://www.nationalarchives.gov.uk/doc/open-government-licence/version/3/,© Crown copyright,research|analysis,,,5/16/2024 1:19pm,,report,POCO,,,,,POCO_POGO|POCO_POGO_GB|POCO_POGO_GB_V1,en,United Kingdom (GB),,DWP Reports
https://webarchive.nationalarchives.gov.uk/ukgwa/20091112212710mp_/http://research.dwp.gov.uk/asd/asd5/rports2009-2010/rrep594.pdf,department-for-work-and-pensions-gb,department-for-work-and-pensions-gb:national-archives, Living with poverty: A review of the literature on children's and families' experiences of poverty ,RR594,2009,Tess Ridge,https://webarchive.nationalarchives.gov.uk/ukgwa/20091112212710mp_/http://research.dwp.gov.uk/asd/asd5/rports2009-2010/rrep594.pdf,,,Department for Work and Pensions,England,The National Archives,Contains public sector information licensed under the Open Government Licence v3.0.,https://webarchive.nationalarchives.gov.uk/ukgwa/20160107144900/https://www.nationalarchives.gov.uk/doc/open-government-licence/version/3/,© Crown copyright,research|analysis,,,5/16/2024 1:19pm,,report,POCO,,,,,POCO_POGO|POCO_POGO_GB|POCO_POGO_GB_V1,en,United Kingdom (GB),,DWP Reports
https://webarchive.nationalarchives.gov.uk/ukgwa/20091222172300mp_/http://research.dwp.gov.uk/asd/asd5/rports2009-2010/rrep593.pdf,department-for-work-and-pensions-gb,department-for-work-and-pensions-gb:national-archives, People with mental health conditions and Pathways to Work ,RR593,2009,Maria Hudson|Kathryn Ray|Sandra Vegeris|Sheere Brooks,https://webarchive.nationalarchives.gov.uk/ukgwa/20091222172300mp_/http://research.dwp.gov.uk/asd/asd5/rports2009-2010/rrep593.pdf,,,Department for Work and Pensions,England,The National Archives,Contains public sector information licensed under the Open Government Licence v3.0.,https://webarchive.nationalarchives.gov.uk/ukgwa/20160107144900/https://www.nationalarchives.gov.uk/doc/open-government-licence/version/3/,© Crown copyright,research|analysis,,,5/16/2024 1:19pm,,report,POCO,,,,,POCO_POGO|POCO_POGO_GB|POCO_POGO_GB_V1,en,United Kingdom (GB),,DWP Reports
https://webarchive.nationalarchives.gov.uk/ukgwa/20091222172300mp_/http://research.dwp.gov.uk/asd/asd5/rports2009-2010/rrep592.pdf,department-for-work-and-pensions-gb,department-for-work-and-pensions-gb:national-archives, Pensions industry responses to the workplace pension reforms: Qualitative research with pension providers and intermediaries ,RR592,2009,Andrew Wood|John Leston|Marisa Robertson,https://webarchive.nationalarchives.gov.uk/ukgwa/20091222172300mp_/http://research.dwp.gov.uk/asd/asd5/rports2009-2010/rrep592.pdf,,,Department for Work and Pensions,England,The National Archives,Contains public sector information licensed under the Open Government Licence v3.0.,https://webarchive.nationalarchives.gov.uk/ukgwa/20160107144900/https://www.nationalarchives.gov.uk/doc/open-government-licence/version/3/,© Crown copyright,research|analysis,,,5/16/2024 1:19pm,,report,POCO,,,,,POCO_POGO|POCO_POGO_GB|POCO_POGO_GB_V1,en,United Kingdom (GB),,DWP Reports
https://webarchive.nationalarchives.gov.uk/ukgwa/20091222172300mp_/http://research.dwp.gov.uk/asd/asd5/rports2009-2010/rrep591.pdf,department-for-work-and-pensions-gb,department-for-work-and-pensions-gb:national-archives, Current practices in the workplace personal pension market: Qualitative research with pension providers and intermediaries ,RR591,2009,Andrew Wood|John Leston|Marisa Robertson,https://webarchive.nationalarchives.gov.uk/ukgwa/20091222172300mp_/http://research.dwp.gov.uk/asd/asd5/rports2009-2010/rrep591.pdf,,,Department for Work and Pensions,England,The National Archives,Contains public sector information licensed under the Open Government Licence v3.0.,https://webarchive.nationalarchives.gov.uk/ukgwa/20160107144900/https://www.nationalarchives.gov.uk/doc/open-government-licence/version/3/,© Crown copyright,research|analysis,,,5/16/2024 1:19pm,,report,POCO,,,,,POCO_POGO|POCO_POGO_GB|POCO_POGO_GB_V1,en,United Kingdom (GB),,DWP Reports
https://webarchive.nationalarchives.gov.uk/ukgwa/20100208140042mp_/http://research.dwp.gov.uk/asd/asd5/rports2009-2010/rrep589.pdf,department-for-work-and-pensions-gb,department-for-work-and-pensions-gb:national-archives, Partnership Insight ,RR589,2009,Anthony Allen|Andrew Thomas|Barry Fong|Sinead Lawless|Rosie McLeod,https://webarchive.nationalarchives.gov.uk/ukgwa/20100208140042mp_/http://research.dwp.gov.uk/asd/asd5/rports2009-2010/rrep589.pdf,,,Department for Work and Pensions,England,The National Archives,Contains public sector information licensed under the Open Government Licence v3.0.,https://webarchive.nationalarchives.gov.uk/ukgwa/20160107144900/https://www.nationalarchives.gov.uk/doc/open-government-licence/version/3/,© Crown copyright,research|analysis,,,5/16/2024 1:19pm,,report,POCO,,,,,POCO_POGO|POCO_POGO_GB|POCO_POGO_GB_V1,en,United Kingdom (GB),,DWP Reports
https://webarchive.nationalarchives.gov.uk/ukgwa/20091222172300mp_/http:/research.dwp.gov.uk/asd/asd5/rports2009-2010/rrep588.pdf,department-for-work-and-pensions-gb,department-for-work-and-pensions-gb:national-archives, British Social Attitudes Survey – Attitudes towards the rights of disabled people ,RR588,2009,Michelle Gray|Hayley Cripps|Avneet Johal,https://webarchive.nationalarchives.gov.uk/ukgwa/20091222172300mp_/http:/research.dwp.gov.uk/asd/asd5/rports2009-2010/rrep588.pdf,,,Department for Work and Pensions,England,The National Archives,Contains public sector information licensed under the Open Government Licence v3.0.,https://webarchive.nationalarchives.gov.uk/ukgwa/20160107144900/https://www.nationalarchives.gov.uk/doc/open-government-licence/version/3/,© Crown copyright,research|analysis,,,5/16/2024 1:19pm,,report,POCO,,,,,POCO_POGO|POCO_POGO_GB|POCO_POGO_GB_V1,en,United Kingdom (GB),,DWP Reports
https://webarchive.nationalarchives.gov.uk/ukgwa/20100208140236mp_/http://research.dwp.gov.uk/asd/asd5/rports2009-2010/rrep587.pdf,department-for-work-and-pensions-gb,department-for-work-and-pensions-gb:national-archives, Housing Benefit – a literature review ,RR587,2009,Sylvia Karabiner|Camellia Raha,https://webarchive.nationalarchives.gov.uk/ukgwa/20100208140236mp_/http://research.dwp.gov.uk/asd/asd5/rports2009-2010/rrep587.pdf,,,Department for Work and Pensions,England,The National Archives,Contains public sector information licensed under the Open Government Licence v3.0.,https://webarchive.nationalarchives.gov.uk/ukgwa/20160107144900/https://www.nationalarchives.gov.uk/doc/open-government-licence/version/3/,© Crown copyright,research|analysis,,,5/16/2024 1:19pm,,report,POCO,,,,,POCO_POGO|POCO_POGO_GB|POCO_POGO_GB_V1,en,United Kingdom (GB),,DWP Reports
https://webarchive.nationalarchives.gov.uk/ukgwa/20100208134852mp_/http://research.dwp.gov.uk/asd/asd5/rports2009-2010/rrep586.pdf,department-for-work-and-pensions-gb,department-for-work-and-pensions-gb:national-archives, Pathways to Work: the experiences of longer term existing customers Findings from a survey of 4-7 year incapacity benefits customers in the first seven pilot areas ,RR586,2009,Tanja Sejersen|Oliver Hayllar|Martin Wood,https://webarchive.nationalarchives.gov.uk/ukgwa/20100208134852mp_/http://research.dwp.gov.uk/asd/asd5/rports2009-2010/rrep586.pdf,,,Department for Work and Pensions,England,The National Archives,Contains public sector information licensed under the Open Government Licence v3.0.,https://webarchive.nationalarchives.gov.uk/ukgwa/20160107144900/https://www.nationalarchives.gov.uk/doc/open-government-licence/version/3/,© Crown copyright,research|analysis,,,5/16/2024 1:19pm,,report,POCO,,,,,POCO_POGO|POCO_POGO_GB|POCO_POGO_GB_V1,en,United Kingdom (GB),,DWP Reports
https://webarchive.nationalarchives.gov.uk/ukgwa/20100208141238mp_/http://research.dwp.gov.uk/asd/asd5/rports2009-2010/rrep585.pdf,department-for-work-and-pensions-gb,department-for-work-and-pensions-gb:national-archives, DLA claimants – a new assessment: The characteristics and aspirations of the Incapacity Benefit claimants who receive Disability Living Allowance ,RR585,2009,Christina Beatty|Steve Fothergill|Deborah Platts-Fowler,https://webarchive.nationalarchives.gov.uk/ukgwa/20100208141238mp_/http://research.dwp.gov.uk/asd/asd5/rports2009-2010/rrep585.pdf,,,Department for Work and Pensions,England,The National Archives,Contains public sector information licensed under the Open Government Licence v3.0.,https://webarchive.nationalarchives.gov.uk/ukgwa/20160107144900/https://www.nationalarchives.gov.uk/doc/open-government-licence/version/3/,© Crown copyright,research|analysis,,,5/16/2024 1:19pm,,report,POCO,,,,,POCO_POGO|POCO_POGO_GB|POCO_POGO_GB_V1,en,United Kingdom (GB),,DWP Reports
https://webarchive.nationalarchives.gov.uk/ukgwa/20100208135418mp_/http://research.dwp.gov.uk/asd/asd5/rports2009-2010/rrep584.pdf,department-for-work-and-pensions-gb,department-for-work-and-pensions-gb:national-archives, Disability Living Allowance and Work Expectations Analysis of the NDDP Eligible Population Survey ,RR584,2009,Anne Conolly|Jon Hales,https://webarchive.nationalarchives.gov.uk/ukgwa/20100208135418mp_/http://research.dwp.gov.uk/asd/asd5/rports2009-2010/rrep584.pdf,,,Department for Work and Pensions,England,The National Archives,Contains public sector information licensed under the Open Government Licence v3.0.,https://webarchive.nationalarchives.gov.uk/ukgwa/20160107144900/https://www.nationalarchives.gov.uk/doc/open-government-licence/version/3/,© Crown copyright,research|analysis,,,5/16/2024 1:19pm,,report,POCO,,,,,POCO_POGO|POCO_POGO_GB|POCO_POGO_GB_V1,en,United Kingdom (GB),,DWP Reports
https://webarchive.nationalarchives.gov.uk/ukgwa/20100208140127mp_/http://research.dwp.gov.uk/asd/asd5/rports2009-2010/rrep583.pdf,department-for-work-and-pensions-gb,department-for-work-and-pensions-gb:national-archives, Disability and Carers Service Customer Service Survey 2008 ,RR583,2009,Andy Byrom|Sarah Knibbs|Antonia Dickman,https://webarchive.nationalarchives.gov.uk/ukgwa/20100208140127mp_/http://research.dwp.gov.uk/asd/asd5/rports2009-2010/rrep583.pdf,,,Department for Work and Pensions,England,The National Archives,Contains public sector information licensed under the Open Government Licence v3.0.,https://webarchive.nationalarchives.gov.uk/ukgwa/20160107144900/https://www.nationalarchives.gov.uk/doc/open-government-licence/version/3/,© Crown copyright,research|analysis,,,5/16/2024 1:19pm,,report,POCO,,,,,POCO_POGO|POCO_POGO_GB|POCO_POGO_GB_V1,en,United Kingdom (GB),,DWP Reports
https://webarchive.nationalarchives.gov.uk/ukgwa/20100208141459mp_/http://research.dwp.gov.uk/asd/asd5/rports2009-2010/rrep582.pdf,department-for-work-and-pensions-gb,department-for-work-and-pensions-gb:national-archives, A qualitative study of the customer views and experiences of the Condition Management Programme in Jobcentre Plus Pathways to Work ,RR582,2009,Martha Warrener|Jenny Graham|Sue Arthur,https://webarchive.nationalarchives.gov.uk/ukgwa/20100208141459mp_/http://research.dwp.gov.uk/asd/asd5/rports2009-2010/rrep582.pdf,,,Department for Work and Pensions,England,The National Archives,Contains public sector information licensed under the Open Government Licence v3.0.,https://webarchive.nationalarchives.gov.uk/ukgwa/20160107144900/https://www.nationalarchives.gov.uk/doc/open-government-licence/version/3/,© Crown copyright,research|analysis,,,5/16/2024 1:19pm,,report,POCO,,,,,POCO_POGO|POCO_POGO_GB|POCO_POGO_GB_V1,en,United Kingdom (GB),,DWP Reports
https://webarchive.nationalarchives.gov.uk/ukgwa/20091222172300mp_/http://research.dwp.gov.uk/asd/asd5/rports2009-2010/rrep581.pdf,department-for-work-and-pensions-gb,department-for-work-and-pensions-gb:national-archives, Research on the Pensions Education Fund in 2008/09 ,RR581,2009,Ian Dunbar|Helen Wilkinson|Lorna Adams|Mark Samuel|Anne Gammon,https://webarchive.nationalarchives.gov.uk/ukgwa/20091222172300mp_/http://research.dwp.gov.uk/asd/asd5/rports2009-2010/rrep581.pdf,,,Department for Work and Pensions,England,The National Archives,Contains public sector information licensed under the Open Government Licence v3.0.,https://webarchive.nationalarchives.gov.uk/ukgwa/20160107144900/https://www.nationalarchives.gov.uk/doc/open-government-licence/version/3/,© Crown copyright,research|analysis,,,5/16/2024 1:19pm,,report,POCO,,,,,POCO_POGO|POCO_POGO_GB|POCO_POGO_GB_V1,en,United Kingdom (GB),,DWP Reports
https://webarchive.nationalarchives.gov.uk/ukgwa/20091222172300mp_/http://research.dwp.gov.uk/asd/asd5/rports2009-2010/rrep580.pdf,department-for-work-and-pensions-gb,department-for-work-and-pensions-gb:national-archives, Jobseekers Regime test site evaluation: Qualitative research ,RR580,2009,Anne Bellis|Jane Aston|Sara Dewson,https://webarchive.nationalarchives.gov.uk/ukgwa/20091222172300mp_/http://research.dwp.gov.uk/asd/asd5/rports2009-2010/rrep580.pdf,,,Department for Work and Pensions,England,The National Archives,Contains public sector information licensed under the Open Government Licence v3.0.,https://webarchive.nationalarchives.gov.uk/ukgwa/20160107144900/https://www.nationalarchives.gov.uk/doc/open-government-licence/version/3/,© Crown copyright,research|analysis,,,5/16/2024 1:19pm,,report,POCO,,,,,POCO_POGO|POCO_POGO_GB|POCO_POGO_GB_V1,en,United Kingdom (GB),,DWP Reports
https://webarchive.nationalarchives.gov.uk/ukgwa/20100208142206mp_/http://research.dwp.gov.uk/asd/asd5/rports2009-2010/rrep579.pdf,department-for-work-and-pensions-gb,department-for-work-and-pensions-gb:national-archives, Older people’s attitudes to automatic awards of Pension Credit ,RR579,2009,Mehul Kotecha|Meg Callanan|Sue Arthur|Chris Creegan,https://webarchive.nationalarchives.gov.uk/ukgwa/20100208142206mp_/http://research.dwp.gov.uk/asd/asd5/rports2009-2010/rrep579.pdf,,,Department for Work and Pensions,England,The National Archives,Contains public sector information licensed under the Open Government Licence v3.0.,https://webarchive.nationalarchives.gov.uk/ukgwa/20160107144900/https://www.nationalarchives.gov.uk/doc/open-government-licence/version/3/,© Crown copyright,research|analysis,,,5/16/2024 1:19pm,,report,POCO,,,,,POCO_POGO|POCO_POGO_GB|POCO_POGO_GB_V1,en,United Kingdom (GB),,DWP Reports
https://webarchive.nationalarchives.gov.uk/ukgwa/20100208135208mp_/http://research.dwp.gov.uk/asd/asd5/rports2009-2010/rrep578.pdf,department-for-work-and-pensions-gb,department-for-work-and-pensions-gb:national-archives, Families with Children in Britain: findings from the 2007 Families and Children Study (FACS) ,RR578,2009,Dan Philo|Natalie Maplethorpe|Anne Conolly|Mari Toomse,https://webarchive.nationalarchives.gov.uk/ukgwa/20100208135208mp_/http://research.dwp.gov.uk/asd/asd5/rports2009-2010/rrep578.pdf,,,Department for Work and Pensions,England,The National Archives,Contains public sector information licensed under the Open Government Licence v3.0.,https://webarchive.nationalarchives.gov.uk/ukgwa/20160107144900/https://www.nationalarchives.gov.uk/doc/open-government-licence/version/3/,© Crown copyright,research|analysis,,,5/16/2024 1:19pm,,report,POCO,,,,,POCO_POGO|POCO_POGO_GB|POCO_POGO_GB_V1,en,United Kingdom (GB),,DWP Reports
https://webarchive.nationalarchives.gov.uk/ukgwa/20091222172300mp_/http://research.dwp.gov.uk/asd/asd5/rports2009-2010/rrep577.pdf,department-for-work-and-pensions-gb,department-for-work-and-pensions-gb:national-archives, The living standards of families with children reporting low incomes ,RR577,2009,Mike Brewer|Cormac O’Dea|Gillian Paull|Luke Sibieta,https://webarchive.nationalarchives.gov.uk/ukgwa/20091222172300mp_/http://research.dwp.gov.uk/asd/asd5/rports2009-2010/rrep577.pdf,,,Department for Work and Pensions,England,The National Archives,Contains public sector information licensed under the Open Government Licence v3.0.,https://webarchive.nationalarchives.gov.uk/ukgwa/20160107144900/https://www.nationalarchives.gov.uk/doc/open-government-licence/version/3/,© Crown copyright,research|analysis,,,5/16/2024 1:19pm,,report,POCO,,,,,POCO_POGO|POCO_POGO_GB|POCO_POGO_GB_V1,en,United Kingdom (GB),,DWP Reports
https://webarchive.nationalarchives.gov.uk/ukgwa/20091212062402mp_/http://research.dwp.gov.uk/asd/asd5/rports2009-2010/rrep576.pdf,department-for-work-and-pensions-gb,department-for-work-and-pensions-gb:national-archives, Ethnicity and child poverty ,RR576,2009,Lucinda Platt,https://webarchive.nationalarchives.gov.uk/ukgwa/20091212062402mp_/http://research.dwp.gov.uk/asd/asd5/rports2009-2010/rrep576.pdf,,,Department for Work and Pensions,England,The National Archives,Contains public sector information licensed under the Open Government Licence v3.0.,https://webarchive.nationalarchives.gov.uk/ukgwa/20160107144900/https://www.nationalarchives.gov.uk/doc/open-government-licence/version/3/,© Crown copyright,research|analysis,,,5/16/2024 1:19pm,,report,POCO,,,,,POCO_POGO|POCO_POGO_GB|POCO_POGO_GB_V1,en,United Kingdom (GB),,DWP Reports
https://webarchive.nationalarchives.gov.uk/ukgwa/20100208134547mp_/http://research.dwp.gov.uk/asd/asd5/rports2009-2010/rrep575.pdf,department-for-work-and-pensions-gb,department-for-work-and-pensions-gb:national-archives, A qualitative study of satisfaction and dissatisfaction with Jobcentre Plus an exploration of issues identified in the 2007 Customer Satisfaction Survey with a particular focus on those most likely to be dissatisfied ,RR575,2009,Dr Alex Nunn|Fiona Walton|Sukvinder Jassi,https://webarchive.nationalarchives.gov.uk/ukgwa/20100208134547mp_/http://research.dwp.gov.uk/asd/asd5/rports2009-2010/rrep575.pdf,,,Department for Work and Pensions,England,The National Archives,Contains public sector information licensed under the Open Government Licence v3.0.,https://webarchive.nationalarchives.gov.uk/ukgwa/20160107144900/https://www.nationalarchives.gov.uk/doc/open-government-licence/version/3/,© Crown copyright,research|analysis,,,5/16/2024 1:19pm,,report,POCO,,,,,POCO_POGO|POCO_POGO_GB|POCO_POGO_GB_V1,en,United Kingdom (GB),,DWP Reports
https://webarchive.nationalarchives.gov.uk/ukgwa/20100208140639mp_/http://research.dwp.gov.uk/asd/asd5/rports2009-2010/rrep574.pdf,department-for-work-and-pensions-gb,department-for-work-and-pensions-gb:national-archives, Cognitive testing: British Social Attitudes child poverty questions ,RR574,2009,Margaret Blake|Elizabeth Clery|Joanna d’Ardenne|Robin Legard,https://webarchive.nationalarchives.gov.uk/ukgwa/20100208140639mp_/http://research.dwp.gov.uk/asd/asd5/rports2009-2010/rrep574.pdf,,,Department for Work and Pensions,England,The National Archives,Contains public sector information licensed under the Open Government Licence v3.0.,https://webarchive.nationalarchives.gov.uk/ukgwa/20160107144900/https://www.nationalarchives.gov.uk/doc/open-government-licence/version/3/,© Crown copyright,research|analysis,,,5/16/2024 1:19pm,,report,POCO,,,,,POCO_POGO|POCO_POGO_GB|POCO_POGO_GB_V1,en,United Kingdom (GB),,DWP Reports
https://webarchive.nationalarchives.gov.uk/ukgwa/20091222172300mp_/http://research.dwp.gov.uk/asd/asd5/rports2009-2010/rrep573.pdf,department-for-work-and-pensions-gb,department-for-work-and-pensions-gb:national-archives, The business case for LinkAge Plus (minor typographical errors in tables 2.1 to 2.4 corrected on 30th July 2009),RR573,2009,,https://webarchive.nationalarchives.gov.uk/ukgwa/20091222172300mp_/http://research.dwp.gov.uk/asd/asd5/rports2009-2010/rrep573.pdf,,,Department for Work and Pensions,England,The National Archives,Contains public sector information licensed under the Open Government Licence v3.0.,https://webarchive.nationalarchives.gov.uk/ukgwa/20160107144900/https://www.nationalarchives.gov.uk/doc/open-government-licence/version/3/,© Crown copyright,research|analysis,,,5/16/2024 1:19pm,,report,POCO,,,,,POCO_POGO|POCO_POGO_GB|POCO_POGO_GB_V1,en,United Kingdom (GB),,DWP Reports
https://webarchive.nationalarchives.gov.uk/ukgwa/20100208140252mp_/http://research.dwp.gov.uk/asd/asd5/rports2009-2010/rrep572.pdf,department-for-work-and-pensions-gb,department-for-work-and-pensions-gb:national-archives, LinkAge Plus national evaluation: End of project report ,RR572,2009,Howard Davis|Katrina Ritters,https://webarchive.nationalarchives.gov.uk/ukgwa/20100208140252mp_/http://research.dwp.gov.uk/asd/asd5/rports2009-2010/rrep572.pdf,,,Department for Work and Pensions,England,The National Archives,Contains public sector information licensed under the Open Government Licence v3.0.,https://webarchive.nationalarchives.gov.uk/ukgwa/20160107144900/https://www.nationalarchives.gov.uk/doc/open-government-licence/version/3/,© Crown copyright,research|analysis,,,5/16/2024 1:19pm,,report,POCO,,,,,POCO_POGO|POCO_POGO_GB|POCO_POGO_GB_V1,en,United Kingdom (GB),,DWP Reports
https://webarchive.nationalarchives.gov.uk/ukgwa/20091116162117mp_/http://research.dwp.gov.uk/asd/asd5/rports2009-2010/rrep571.pdf,department-for-work-and-pensions-gb,department-for-work-and-pensions-gb:national-archives, LinkAge Plus: Capacity building – enabling and empowering older people as independent and active citizens ,RR571,2009,Martin Willis|Robert Dalziel,https://webarchive.nationalarchives.gov.uk/ukgwa/20091116162117mp_/http://research.dwp.gov.uk/asd/asd5/rports2009-2010/rrep571.pdf,,,Department for Work and Pensions,England,The National Archives,Contains public sector information licensed under the Open Government Licence v3.0.,https://webarchive.nationalarchives.gov.uk/ukgwa/20160107144900/https://www.nationalarchives.gov.uk/doc/open-government-licence/version/3/,© Crown copyright,research|analysis,,,5/16/2024 1:19pm,,report,POCO,,,,,POCO_POGO|POCO_POGO_GB|POCO_POGO_GB_V1,en,United Kingdom (GB),,DWP Reports
https://webarchive.nationalarchives.gov.uk/ukgwa/20100208142142mp_/http://research.dwp.gov.uk/asd/asd5/rports2009-2010/rrep570.pdf,department-for-work-and-pensions-gb,department-for-work-and-pensions-gb:national-archives, Understanding why some employees don't participate in employer pension schemes ,RR570,2009,Suzanne Hall|Wendy Floyd,https://webarchive.nationalarchives.gov.uk/ukgwa/20100208142142mp_/http://research.dwp.gov.uk/asd/asd5/rports2009-2010/rrep570.pdf,,,Department for Work and Pensions,England,The National Archives,Contains public sector information licensed under the Open Government Licence v3.0.,https://webarchive.nationalarchives.gov.uk/ukgwa/20160107144900/https://www.nationalarchives.gov.uk/doc/open-government-licence/version/3/,© Crown copyright,research|analysis,,,5/16/2024 1:19pm,,report,POCO,,,,,POCO_POGO|POCO_POGO_GB|POCO_POGO_GB_V1,en,United Kingdom (GB),,DWP Reports
https://webarchive.nationalarchives.gov.uk/ukgwa/20100208134816mp_/http://research.dwp.gov.uk/asd/asd5/rports2009-2010/rrep569.pdf,department-for-work-and-pensions-gb,department-for-work-and-pensions-gb:national-archives, The impact of financial incentives in welfare systems on family structure ,RR569,2009,Bruce Stafford|Simon Roberts,https://webarchive.nationalarchives.gov.uk/ukgwa/20100208134816mp_/http://research.dwp.gov.uk/asd/asd5/rports2009-2010/rrep569.pdf,,,Department for Work and Pensions,England,The National Archives,Contains public sector information licensed under the Open Government Licence v3.0.,https://webarchive.nationalarchives.gov.uk/ukgwa/20160107144900/https://www.nationalarchives.gov.uk/doc/open-government-licence/version/3/,© Crown copyright,research|analysis,,,5/16/2024 1:19pm,,report,POCO,,,,,POCO_POGO|POCO_POGO_GB|POCO_POGO_GB_V1,en,United Kingdom (GB),,DWP Reports
https://webarchive.nationalarchives.gov.uk/ukgwa/20100208140617mp_/http://research.dwp.gov.uk/asd/asd5/rports2009-2010/rrep567.pdf,department-for-work-and-pensions-gb,department-for-work-and-pensions-gb:national-archives, Explaining levels of customer satisfaction with first contact with Jobcentre Plus: results of qualitative research with Jobcentre Plus staff ,RR567,2009,Alex Nunn|Tim Bickerstaffe|Penny Wymer,https://webarchive.nationalarchives.gov.uk/ukgwa/20100208140617mp_/http://research.dwp.gov.uk/asd/asd5/rports2009-2010/rrep567.pdf,,,Department for Work and Pensions,England,The National Archives,Contains public sector information licensed under the Open Government Licence v3.0.,https://webarchive.nationalarchives.gov.uk/ukgwa/20160107144900/https://www.nationalarchives.gov.uk/doc/open-government-licence/version/3/,© Crown copyright,research|analysis,,,5/16/2024 1:19pm,,report,POCO,,,,,POCO_POGO|POCO_POGO_GB|POCO_POGO_GB_V1,en,United Kingdom (GB),,DWP Reports
https://webarchive.nationalarchives.gov.uk/ukgwa/20091222172300mp_/http://research.dwp.gov.uk/asd/asd5/rports2009-2010/rrep566.pdf,department-for-work-and-pensions-gb,department-for-work-and-pensions-gb:national-archives, Exploring a Distance Travelled approach to WORKSTEP development planning ,RR566,2009,Ann Purvis|James Lowrey|Rebecca Law,https://webarchive.nationalarchives.gov.uk/ukgwa/20091222172300mp_/http://research.dwp.gov.uk/asd/asd5/rports2009-2010/rrep566.pdf,,,Department for Work and Pensions,England,The National Archives,Contains public sector information licensed under the Open Government Licence v3.0.,https://webarchive.nationalarchives.gov.uk/ukgwa/20160107144900/https://www.nationalarchives.gov.uk/doc/open-government-licence/version/3/,© Crown copyright,research|analysis,,,5/16/2024 1:19pm,,report,POCO,,,,,POCO_POGO|POCO_POGO_GB|POCO_POGO_GB_V1,en,United Kingdom (GB),,DWP Reports
https://webarchive.nationalarchives.gov.uk/ukgwa/20100208141759mp_/http://research.dwp.gov.uk/asd/asd5/rports2009-2010/rrep565.pdf,department-for-work-and-pensions-gb,department-for-work-and-pensions-gb:national-archives, Attitudes towards investment choice and risk within the personal accounts scheme: Report of a qualitative study ,RR565,2009,Sharon Collard|Zoey Breuer,https://webarchive.nationalarchives.gov.uk/ukgwa/20100208141759mp_/http://research.dwp.gov.uk/asd/asd5/rports2009-2010/rrep565.pdf,,,Department for Work and Pensions,England,The National Archives,Contains public sector information licensed under the Open Government Licence v3.0.,https://webarchive.nationalarchives.gov.uk/ukgwa/20160107144900/https://www.nationalarchives.gov.uk/doc/open-government-licence/version/3/,© Crown copyright,research|analysis,,,5/16/2024 1:19pm,,report,POCO,,,,,POCO_POGO|POCO_POGO_GB|POCO_POGO_GB_V1,en,United Kingdom (GB),,DWP Reports
https://webarchive.nationalarchives.gov.uk/ukgwa/20100208140017mp_/http://research.dwp.gov.uk/asd/asd5/rports2009-2010/rrep564.pdf,department-for-work-and-pensions-gb,department-for-work-and-pensions-gb:national-archives, Differential pricing in contracted out employment programmes: Review of international evidence ,RR564,2009,Dan Finn,https://webarchive.nationalarchives.gov.uk/ukgwa/20100208140017mp_/http://research.dwp.gov.uk/asd/asd5/rports2009-2010/rrep564.pdf,,,Department for Work and Pensions,England,The National Archives,Contains public sector information licensed under the Open Government Licence v3.0.,https://webarchive.nationalarchives.gov.uk/ukgwa/20160107144900/https://www.nationalarchives.gov.uk/doc/open-government-licence/version/3/,© Crown copyright,research|analysis,,,5/16/2024 1:19pm,,report,POCO,,,,,POCO_POGO|POCO_POGO_GB|POCO_POGO_GB_V1,en,United Kingdom (GB),,DWP Reports
https://webarchive.nationalarchives.gov.uk/ukgwa/20100208135137mp_/http://research.dwp.gov.uk/asd/asd5/rports2009-2010/rrep563.pdf,department-for-work-and-pensions-gb,department-for-work-and-pensions-gb:national-archives, Money's Worth of Pension Annuities ,RR563,2009,Edmund Cannon|Ian Tonks,https://webarchive.nationalarchives.gov.uk/ukgwa/20100208135137mp_/http://research.dwp.gov.uk/asd/asd5/rports2009-2010/rrep563.pdf,,,Department for Work and Pensions,England,The National Archives,Contains public sector information licensed under the Open Government Licence v3.0.,https://webarchive.nationalarchives.gov.uk/ukgwa/20160107144900/https://www.nationalarchives.gov.uk/doc/open-government-licence/version/3/,© Crown copyright,research|analysis,,,5/16/2024 1:19pm,,report,POCO,,,,,POCO_POGO|POCO_POGO_GB|POCO_POGO_GB_V1,en,United Kingdom (GB),,DWP Reports
https://webarchive.nationalarchives.gov.uk/ukgwa/20100208141227mp_/http://research.dwp.gov.uk/asd/asd5/rports2009-2010/rrep562.pdf,department-for-work-and-pensions-gb,department-for-work-and-pensions-gb:national-archives," Incentives to save for retirement: understanding, perceptions and behaviour: A literature review ",RR562,2009,Roger Wicks|Sarah Horack,https://webarchive.nationalarchives.gov.uk/ukgwa/20100208141227mp_/http://research.dwp.gov.uk/asd/asd5/rports2009-2010/rrep562.pdf,,,Department for Work and Pensions,England,The National Archives,Contains public sector information licensed under the Open Government Licence v3.0.,https://webarchive.nationalarchives.gov.uk/ukgwa/20160107144900/https://www.nationalarchives.gov.uk/doc/open-government-licence/version/3/,© Crown copyright,research|analysis,,,5/16/2024 1:19pm,,report,POCO,,,,,POCO_POGO|POCO_POGO_GB|POCO_POGO_GB_V1,en,United Kingdom (GB),,DWP Reports
https://webarchive.nationalarchives.gov.uk/ukgwa/20091212062410mp_/http://research.dwp.gov.uk/asd/asd5/rports2009-2010/rrep561.pdf,department-for-work-and-pensions-gb,department-for-work-and-pensions-gb:national-archives, Evaluation of Partners Outreach for Ethnic Minorities (POEM): Interim report ,RR561,2009,Jane Aston|Anne Bellis|Miranda Munro|Rachel Pillai|Rebecca Willison,https://webarchive.nationalarchives.gov.uk/ukgwa/20091212062410mp_/http://research.dwp.gov.uk/asd/asd5/rports2009-2010/rrep561.pdf,,,Department for Work and Pensions,England,The National Archives,Contains public sector information licensed under the Open Government Licence v3.0.,https://webarchive.nationalarchives.gov.uk/ukgwa/20160107144900/https://www.nationalarchives.gov.uk/doc/open-government-licence/version/3/,© Crown copyright,research|analysis,,,5/16/2024 1:19pm,,report,POCO,,,,,POCO_POGO|POCO_POGO_GB|POCO_POGO_GB_V1,en,United Kingdom (GB),,DWP Reports
https://webarchive.nationalarchives.gov.uk/ukgwa/20100208135120mp_/http://research.dwp.gov.uk/asd/asd5/rports2009-2010/rrep560.pdf,department-for-work-and-pensions-gb,department-for-work-and-pensions-gb:national-archives, Making decisions about work in one-earner couple households ,RR560,2009,Sharon Collard|Adele Atkinson,https://webarchive.nationalarchives.gov.uk/ukgwa/20100208135120mp_/http://research.dwp.gov.uk/asd/asd5/rports2009-2010/rrep560.pdf,,,Department for Work and Pensions,England,The National Archives,Contains public sector information licensed under the Open Government Licence v3.0.,https://webarchive.nationalarchives.gov.uk/ukgwa/20160107144900/https://www.nationalarchives.gov.uk/doc/open-government-licence/version/3/,© Crown copyright,research|analysis,,,5/16/2024 1:19pm,,report,POCO,,,,,POCO_POGO|POCO_POGO_GB|POCO_POGO_GB_V1,en,United Kingdom (GB),,DWP Reports
https://webarchive.nationalarchives.gov.uk/ukgwa/20091222172300mp_/http://research.dwp.gov.uk/asd/asd5/rports2009-2010/rrep559.pdf,department-for-work-and-pensions-gb,department-for-work-and-pensions-gb:national-archives, Spending priorities in the benefits system: Deliberative research with the public ,RR559,2009,Suzanne Hall,https://webarchive.nationalarchives.gov.uk/ukgwa/20091222172300mp_/http://research.dwp.gov.uk/asd/asd5/rports2009-2010/rrep559.pdf,,,Department for Work and Pensions,England,The National Archives,Contains public sector information licensed under the Open Government Licence v3.0.,https://webarchive.nationalarchives.gov.uk/ukgwa/20160107144900/https://www.nationalarchives.gov.uk/doc/open-government-licence/version/3/,© Crown copyright,research|analysis,,,5/16/2024 1:19pm,,report,POCO,,,,,POCO_POGO|POCO_POGO_GB|POCO_POGO_GB_V1,en,United Kingdom (GB),,DWP Reports
https://webarchive.nationalarchives.gov.uk/ukgwa/20100208142038mp_/http://research.dwp.gov.uk/asd/asd5/rports2009-2010/rrep558.pdf,department-for-work-and-pensions-gb,department-for-work-and-pensions-gb:national-archives, Saving for retirement: Implications of pensions reforms on financial incentives to save for retirement ,RR558,2009,,https://webarchive.nationalarchives.gov.uk/ukgwa/20100208142038mp_/http://research.dwp.gov.uk/asd/asd5/rports2009-2010/rrep558.pdf,,,Department for Work and Pensions,England,The National Archives,Contains public sector information licensed under the Open Government Licence v3.0.,https://webarchive.nationalarchives.gov.uk/ukgwa/20160107144900/https://www.nationalarchives.gov.uk/doc/open-government-licence/version/3/,© Crown copyright,research|analysis,,,5/16/2024 1:19pm,,report,POCO,,,,,POCO_POGO|POCO_POGO_GB|POCO_POGO_GB_V1,en,United Kingdom (GB),,DWP Reports
https://webarchive.nationalarchives.gov.uk/ukgwa/20091222172300mp_/http://research.dwp.gov.uk/asd/asd5/rports2009-2010/rrep557.pdf,department-for-work-and-pensions-gb,department-for-work-and-pensions-gb:national-archives, Extending working life: changing the culture – qualitative research into effective messages ,RR557,2009,,https://webarchive.nationalarchives.gov.uk/ukgwa/20091222172300mp_/http://research.dwp.gov.uk/asd/asd5/rports2009-2010/rrep557.pdf,,,Department for Work and Pensions,England,The National Archives,Contains public sector information licensed under the Open Government Licence v3.0.,https://webarchive.nationalarchives.gov.uk/ukgwa/20160107144900/https://www.nationalarchives.gov.uk/doc/open-government-licence/version/3/,© Crown copyright,research|analysis,,,5/16/2024 1:19pm,,report,POCO,,,,,POCO_POGO|POCO_POGO_GB|POCO_POGO_GB_V1,en,United Kingdom (GB),,DWP Reports
https://webarchive.nationalarchives.gov.uk/ukgwa/20091222172300mp_/http://research.dwp.gov.uk/asd/asd5/rports2009-2010/rrep555.pdf,department-for-work-and-pensions-gb,department-for-work-and-pensions-gb:national-archives, Pathways to Work from incapacity benefits: A study of referral practices and liaison between Jobcentre Plus advisers and service providers ,RR555,2009,Katharine Nice|Annie Irvine|Roy Sainsbury,https://webarchive.nationalarchives.gov.uk/ukgwa/20091222172300mp_/http://research.dwp.gov.uk/asd/asd5/rports2009-2010/rrep555.pdf,,,Department for Work and Pensions,England,The National Archives,Contains public sector information licensed under the Open Government Licence v3.0.,https://webarchive.nationalarchives.gov.uk/ukgwa/20160107144900/https://www.nationalarchives.gov.uk/doc/open-government-licence/version/3/,© Crown copyright,research|analysis,,,5/16/2024 1:19pm,,report,POCO,,,,,POCO_POGO|POCO_POGO_GB|POCO_POGO_GB_V1,en,United Kingdom (GB),,DWP Reports
https://webarchive.nationalarchives.gov.uk/ukgwa/20100208135649mp_/http://research.dwp.gov.uk/asd/asd5/rports2009-2010/rrep554.pdf,department-for-work-and-pensions-gb,department-for-work-and-pensions-gb:national-archives, LinkAge Plus: Benefits for older people ,RR554,2009,Guy Daly,https://webarchive.nationalarchives.gov.uk/ukgwa/20100208135649mp_/http://research.dwp.gov.uk/asd/asd5/rports2009-2010/rrep554.pdf,,,Department for Work and Pensions,England,The National Archives,Contains public sector information licensed under the Open Government Licence v3.0.,https://webarchive.nationalarchives.gov.uk/ukgwa/20160107144900/https://www.nationalarchives.gov.uk/doc/open-government-licence/version/3/,© Crown copyright,research|analysis,,,5/16/2024 1:19pm,,report,POCO,,,,,POCO_POGO|POCO_POGO_GB|POCO_POGO_GB_V1,en,United Kingdom (GB),,DWP Reports
https://webarchive.nationalarchives.gov.uk/ukgwa/20100208141808mp_/http://research.dwp.gov.uk/asd/asd5/rports2009-2010/rrep553.pdf,department-for-work-and-pensions-gb,department-for-work-and-pensions-gb:national-archives, Qualitative evaluation of the Jobseeker Mandatory Activity (JMA) ,RR553,2009,Del Roy Fletcher|Tony Gore|Rob Macmillan|Elaine Batty|Sarah Pearson,https://webarchive.nationalarchives.gov.uk/ukgwa/20100208141808mp_/http://research.dwp.gov.uk/asd/asd5/rports2009-2010/rrep553.pdf,,,Department for Work and Pensions,England,The National Archives,Contains public sector information licensed under the Open Government Licence v3.0.,https://webarchive.nationalarchives.gov.uk/ukgwa/20160107144900/https://www.nationalarchives.gov.uk/doc/open-government-licence/version/3/,© Crown copyright,research|analysis,,,5/16/2024 1:19pm,,report,POCO,,,,,POCO_POGO|POCO_POGO_GB|POCO_POGO_GB_V1,en,United Kingdom (GB),,DWP Reports
https://webarchive.nationalarchives.gov.uk/ukgwa/20100208140453mp_/http://research.dwp.gov.uk/asd/asd5/rports2009-2010/rrep549.pdf,department-for-work-and-pensions-gb,department-for-work-and-pensions-gb:national-archives, In-work poverty: a systematic review ,RR549,2009,Janice Tripney|Mark Newman|Mukdarut Bangpan|Amelia Hempel-Jorgensen|Marian Mackintosh|Helen Tucker|Jennifer Sinclair,https://webarchive.nationalarchives.gov.uk/ukgwa/20100208140453mp_/http://research.dwp.gov.uk/asd/asd5/rports2009-2010/rrep549.pdf,,,Department for Work and Pensions,England,The National Archives,Contains public sector information licensed under the Open Government Licence v3.0.,https://webarchive.nationalarchives.gov.uk/ukgwa/20160107144900/https://www.nationalarchives.gov.uk/doc/open-government-licence/version/3/,© Crown copyright,research|analysis,,,5/16/2024 1:19pm,,report,POCO,,,,,POCO_POGO|POCO_POGO_GB|POCO_POGO_GB_V1,en,United Kingdom (GB),,DWP Reports
https://webarchive.nationalarchives.gov.uk/ukgwa/20100208141350mp_/http://research.dwp.gov.uk/asd/asd5/rports2009-2010/rrep544.pdf,department-for-work-and-pensions-gb,department-for-work-and-pensions-gb:national-archives, Reporting changes in circumstances: factors affecting the behaviours of benefit claimants ,RR544,2009,Geoff Fimister|John Harvey|William Lovell|David Sands|Ryszard Zaluski-Zaluczkowski|Figen Deviren,https://webarchive.nationalarchives.gov.uk/ukgwa/20100208141350mp_/http://research.dwp.gov.uk/asd/asd5/rports2009-2010/rrep544.pdf,,,Department for Work and Pensions,England,The National Archives,Contains public sector information licensed under the Open Government Licence v3.0.,https://webarchive.nationalarchives.gov.uk/ukgwa/20160107144900/https://www.nationalarchives.gov.uk/doc/open-government-licence/version/3/,© Crown copyright,research|analysis,,,5/16/2024 1:19pm,,report,POCO,,,,,POCO_POGO|POCO_POGO_GB|POCO_POGO_GB_V1,en,United Kingdom (GB),,DWP Reports
https://webarchive.nationalarchives.gov.uk/ukgwa/20100208141556mp_/http://research.dwp.gov.uk/asd/asd5/rports2009-2010/rrep542.pdf,department-for-work-and-pensions-gb,department-for-work-and-pensions-gb:national-archives, Review of international evidence on the cost of disability ,RR542,2009,David Stapleton|Ali Protik|Christal Stone,https://webarchive.nationalarchives.gov.uk/ukgwa/20100208141556mp_/http://research.dwp.gov.uk/asd/asd5/rports2009-2010/rrep542.pdf,,,Department for Work and Pensions,England,The National Archives,Contains public sector information licensed under the Open Government Licence v3.0.,https://webarchive.nationalarchives.gov.uk/ukgwa/20160107144900/https://www.nationalarchives.gov.uk/doc/open-government-licence/version/3/,© Crown copyright,research|analysis,,,5/16/2024 1:19pm,,report,POCO,,,,,POCO_POGO|POCO_POGO_GB|POCO_POGO_GB_V1,en,United Kingdom (GB),,DWP Reports
https://webarchive.nationalarchives.gov.uk/ukgwa/20100208140723mp_/http://research.dwp.gov.uk/asd/asd5/rports2007-2008/rrep552.pdf,department-for-work-and-pensions-gb,department-for-work-and-pensions-gb:national-archives, The impact of Pathways on benefit receipt in the expansion areas ,RR552,2008,Helen Bewley|Richard Dorsett|Sergio Salis,https://webarchive.nationalarchives.gov.uk/ukgwa/20100208140723mp_/http://research.dwp.gov.uk/asd/asd5/rports2007-2008/rrep552.pdf,,,Department for Work and Pensions,England,The National Archives,Contains public sector information licensed under the Open Government Licence v3.0.,https://webarchive.nationalarchives.gov.uk/ukgwa/20160107144900/https://www.nationalarchives.gov.uk/doc/open-government-licence/version/3/,© Crown copyright,research|analysis,,,5/16/2024 1:19pm,,report,POCO,,,,,POCO_POGO|POCO_POGO_GB|POCO_POGO_GB_V1,en,United Kingdom (GB),,DWP Reports
https://webarchive.nationalarchives.gov.uk/ukgwa/20100208135339mp_/http://research.dwp.gov.uk/asd/asd5/rports2007-2008/rrep551.pdf,department-for-work-and-pensions-gb,department-for-work-and-pensions-gb:national-archives, Why people may decide to remain in or opt out of personal accounts: Report of a qualitative study ,RR551,2008,Emily Gray|Paul Harvey|Joe Lancaster,https://webarchive.nationalarchives.gov.uk/ukgwa/20100208135339mp_/http://research.dwp.gov.uk/asd/asd5/rports2007-2008/rrep551.pdf,,,Department for Work and Pensions,England,The National Archives,Contains public sector information licensed under the Open Government Licence v3.0.,https://webarchive.nationalarchives.gov.uk/ukgwa/20160107144900/https://www.nationalarchives.gov.uk/doc/open-government-licence/version/3/,© Crown copyright,research|analysis,,,5/16/2024 1:19pm,,report,POCO,,,,,POCO_POGO|POCO_POGO_GB|POCO_POGO_GB_V1,en,United Kingdom (GB),,DWP Reports
https://webarchive.nationalarchives.gov.uk/ukgwa/20100208135232mp_/http://research.dwp.gov.uk/asd/asd5/rports2007-2008/rrep550.pdf,department-for-work-and-pensions-gb,department-for-work-and-pensions-gb:national-archives, Individuals' attitudes and likely reactions to the workplace pension reforms 2007: Report of a quantitative survey ,RR550,2008,Caroline Webb|Julia Pye|David Jeans|Rea Robey|Patten Smith,https://webarchive.nationalarchives.gov.uk/ukgwa/20100208135232mp_/http://research.dwp.gov.uk/asd/asd5/rports2007-2008/rrep550.pdf,,,Department for Work and Pensions,England,The National Archives,Contains public sector information licensed under the Open Government Licence v3.0.,https://webarchive.nationalarchives.gov.uk/ukgwa/20160107144900/https://www.nationalarchives.gov.uk/doc/open-government-licence/version/3/,© Crown copyright,research|analysis,,,5/16/2024 1:19pm,,report,POCO,,,,,POCO_POGO|POCO_POGO_GB|POCO_POGO_GB_V1,en,United Kingdom (GB),,DWP Reports
https://webarchive.nationalarchives.gov.uk/ukgwa/20091222172300mp_/http://research.dwp.gov.uk/asd/asd5/rports2007-2008/rrep548.pdf,department-for-work-and-pensions-gb,department-for-work-and-pensions-gb:national-archives, Programmes to promote employment for disabled people: Lessons from the United States ,RR548,2008,Anu Rangarajan|David Wittenburg|Todd Honeycutt|Debra Brucker,https://webarchive.nationalarchives.gov.uk/ukgwa/20091222172300mp_/http://research.dwp.gov.uk/asd/asd5/rports2007-2008/rrep548.pdf,,,Department for Work and Pensions,England,The National Archives,Contains public sector information licensed under the Open Government Licence v3.0.,https://webarchive.nationalarchives.gov.uk/ukgwa/20160107144900/https://www.nationalarchives.gov.uk/doc/open-government-licence/version/3/,© Crown copyright,research|analysis,,,5/16/2024 1:19pm,,report,POCO,,,,,POCO_POGO|POCO_POGO_GB|POCO_POGO_GB_V1,en,United Kingdom (GB),,DWP Reports
https://webarchive.nationalarchives.gov.uk/ukgwa/20100208134824mp_/http://research.dwp.gov.uk/asd/asd5/rports2007-2008/rrep547.pdf,department-for-work-and-pensions-gb,department-for-work-and-pensions-gb:national-archives, Understanding employers’ likely responses to the workplace pension reforms 2007: Report of a qualitative study ,RR547,2008,Laura Tredwell|Andrew Thomas,https://webarchive.nationalarchives.gov.uk/ukgwa/20100208134824mp_/http://research.dwp.gov.uk/asd/asd5/rports2007-2008/rrep547.pdf,,,Department for Work and Pensions,England,The National Archives,Contains public sector information licensed under the Open Government Licence v3.0.,https://webarchive.nationalarchives.gov.uk/ukgwa/20160107144900/https://www.nationalarchives.gov.uk/doc/open-government-licence/version/3/,© Crown copyright,research|analysis,,,5/16/2024 1:19pm,,report,POCO,,,,,POCO_POGO|POCO_POGO_GB|POCO_POGO_GB_V1,en,United Kingdom (GB),,DWP Reports
https://webarchive.nationalarchives.gov.uk/ukgwa/20091222172300mp_/http://research.dwp.gov.uk/asd/asd5/rports2007-2008/rrep546.pdf,department-for-work-and-pensions-gb,department-for-work-and-pensions-gb:national-archives, Employers’ attitudes and likely reactions to the workplace pension reforms 2007: Report of a quantitative survey ,RR546,2008,Catherine Grant|Alice Fitzpatrick|Polly Sinclair|Jeri-lee Donovan ,https://webarchive.nationalarchives.gov.uk/ukgwa/20091222172300mp_/http://research.dwp.gov.uk/asd/asd5/rports2007-2008/rrep546.pdf,,,Department for Work and Pensions,England,The National Archives,Contains public sector information licensed under the Open Government Licence v3.0.,https://webarchive.nationalarchives.gov.uk/ukgwa/20160107144900/https://www.nationalarchives.gov.uk/doc/open-government-licence/version/3/,© Crown copyright,research|analysis,,,5/16/2024 1:19pm,,report,POCO,,,,,POCO_POGO|POCO_POGO_GB|POCO_POGO_GB_V1,en,United Kingdom (GB),,DWP Reports
https://webarchive.nationalarchives.gov.uk/ukgwa/20100208140257mp_/http://research.dwp.gov.uk/asd/asd5/rports2007-2008/rrep545.pdf,department-for-work-and-pensions-gb,department-for-work-and-pensions-gb:national-archives, Employers’ Pension Provision Survey 2007 Forth and Stokes ,RR545,2008,John Forth|Lucy Stokes,https://webarchive.nationalarchives.gov.uk/ukgwa/20100208140257mp_/http://research.dwp.gov.uk/asd/asd5/rports2007-2008/rrep545.pdf,,,Department for Work and Pensions,England,The National Archives,Contains public sector information licensed under the Open Government Licence v3.0.,https://webarchive.nationalarchives.gov.uk/ukgwa/20160107144900/https://www.nationalarchives.gov.uk/doc/open-government-licence/version/3/,© Crown copyright,research|analysis,,,5/16/2024 1:19pm,,report,POCO,,,,,POCO_POGO|POCO_POGO_GB|POCO_POGO_GB_V1,en,United Kingdom (GB),,DWP Reports
https://webarchive.nationalarchives.gov.uk/ukgwa/20100208140557mp_/http://research.dwp.gov.uk/asd/asd5/rports2007-2008/rrep543.pdf,department-for-work-and-pensions-gb,department-for-work-and-pensions-gb:national-archives, International review of effective governance arrangements for employment-related initiatives ,RR543,2008,Bruce Walker|Sian Sankey,https://webarchive.nationalarchives.gov.uk/ukgwa/20100208140557mp_/http://research.dwp.gov.uk/asd/asd5/rports2007-2008/rrep543.pdf,,,Department for Work and Pensions,England,The National Archives,Contains public sector information licensed under the Open Government Licence v3.0.,https://webarchive.nationalarchives.gov.uk/ukgwa/20160107144900/https://www.nationalarchives.gov.uk/doc/open-government-licence/version/3/,© Crown copyright,research|analysis,,,5/16/2024 1:19pm,,report,POCO,,,,,POCO_POGO|POCO_POGO_GB|POCO_POGO_GB_V1,en,United Kingdom (GB),,DWP Reports
https://webarchive.nationalarchives.gov.uk/ukgwa/20100208135548mp_/http://research.dwp.gov.uk/asd/asd5/rports2007-2008/rrep541.pdf,department-for-work-and-pensions-gb,department-for-work-and-pensions-gb:national-archives, Jobcentre Plus Annual Employer Survey 2007/08 ,RR541,2008,Lorna Adams|Alistair Kuechel,https://webarchive.nationalarchives.gov.uk/ukgwa/20100208135548mp_/http://research.dwp.gov.uk/asd/asd5/rports2007-2008/rrep541.pdf,,,Department for Work and Pensions,England,The National Archives,Contains public sector information licensed under the Open Government Licence v3.0.,https://webarchive.nationalarchives.gov.uk/ukgwa/20160107144900/https://www.nationalarchives.gov.uk/doc/open-government-licence/version/3/,© Crown copyright,research|analysis,,,5/16/2024 1:19pm,,report,POCO,,,,,POCO_POGO|POCO_POGO_GB|POCO_POGO_GB_V1,en,United Kingdom (GB),,DWP Reports
https://webarchive.nationalarchives.gov.uk/ukgwa/20100208141757mp_/http://research.dwp.gov.uk/asd/asd5/rports2007-2008/rrep540.pdf,department-for-work-and-pensions-gb,department-for-work-and-pensions-gb:national-archives," The information people may require to support their decision to remain in, or opt out of, a workplace pension ",RR540,2008,Claire McAlpine|Helen Marshall|Andrew Thomas,https://webarchive.nationalarchives.gov.uk/ukgwa/20100208141757mp_/http://research.dwp.gov.uk/asd/asd5/rports2007-2008/rrep540.pdf,,,Department for Work and Pensions,England,The National Archives,Contains public sector information licensed under the Open Government Licence v3.0.,https://webarchive.nationalarchives.gov.uk/ukgwa/20160107144900/https://www.nationalarchives.gov.uk/doc/open-government-licence/version/3/,© Crown copyright,research|analysis,,,5/16/2024 1:19pm,,report,POCO,,,,,POCO_POGO|POCO_POGO_GB|POCO_POGO_GB_V1,en,United Kingdom (GB),,DWP Reports
https://webarchive.nationalarchives.gov.uk/ukgwa/20091222172300mp_/http://research.dwp.gov.uk/asd/asd5/rports2007-2008/rrep539.pdf,department-for-work-and-pensions-gb,department-for-work-and-pensions-gb:national-archives, Disability Employment Adviser (DEA) Organisation in Jobcentre Plus ,RR539,2008,Carol Goldstone Associates,https://webarchive.nationalarchives.gov.uk/ukgwa/20091222172300mp_/http://research.dwp.gov.uk/asd/asd5/rports2007-2008/rrep539.pdf,,,Department for Work and Pensions,England,The National Archives,Contains public sector information licensed under the Open Government Licence v3.0.,https://webarchive.nationalarchives.gov.uk/ukgwa/20160107144900/https://www.nationalarchives.gov.uk/doc/open-government-licence/version/3/,© Crown copyright,research|analysis,,,5/16/2024 1:19pm,,report,POCO,,,,,POCO_POGO|POCO_POGO_GB|POCO_POGO_GB_V1,en,United Kingdom (GB),,DWP Reports
https://webarchive.nationalarchives.gov.uk/ukgwa/20100208135453mp_/http://research.dwp.gov.uk/asd/asd5/rports2007-2008/rrep538.pdf,department-for-work-and-pensions-gb,department-for-work-and-pensions-gb:national-archives, JOT Tracking Customer Survey ,RR538,2008,Lorna Adams|Katie Oldfield|Sarah Fish,https://webarchive.nationalarchives.gov.uk/ukgwa/20100208135453mp_/http://research.dwp.gov.uk/asd/asd5/rports2007-2008/rrep538.pdf,,,Department for Work and Pensions,England,The National Archives,Contains public sector information licensed under the Open Government Licence v3.0.,https://webarchive.nationalarchives.gov.uk/ukgwa/20160107144900/https://www.nationalarchives.gov.uk/doc/open-government-licence/version/3/,© Crown copyright,research|analysis,,,5/16/2024 1:19pm,,report,POCO,,,,,POCO_POGO|POCO_POGO_GB|POCO_POGO_GB_V1,en,United Kingdom (GB),,DWP Reports
https://webarchive.nationalarchives.gov.uk/ukgwa/20100208141928mp_/http://research.dwp.gov.uk/asd/asd5/rports2007-2008/rrep537.pdf,department-for-work-and-pensions-gb,department-for-work-and-pensions-gb:national-archives, Managing mental health and employment ,RR537,2008,Annie Irvine,https://webarchive.nationalarchives.gov.uk/ukgwa/20100208141928mp_/http://research.dwp.gov.uk/asd/asd5/rports2007-2008/rrep537.pdf,,,Department for Work and Pensions,England,The National Archives,Contains public sector information licensed under the Open Government Licence v3.0.,https://webarchive.nationalarchives.gov.uk/ukgwa/20160107144900/https://www.nationalarchives.gov.uk/doc/open-government-licence/version/3/,© Crown copyright,research|analysis,,,5/16/2024 1:19pm,,report,POCO,,,,,POCO_POGO|POCO_POGO_GB|POCO_POGO_GB_V1,en,United Kingdom (GB),,DWP Reports
https://webarchive.nationalarchives.gov.uk/ukgwa/20100208140608mp_/http://research.dwp.gov.uk/asd/asd5/rports2007-2008/rrep536.pdf,department-for-work-and-pensions-gb,department-for-work-and-pensions-gb:national-archives, Work and well-being over time: lone mothers and their children ,RR536,2008,Tess Ridge|Jane Millar,https://webarchive.nationalarchives.gov.uk/ukgwa/20100208140608mp_/http://research.dwp.gov.uk/asd/asd5/rports2007-2008/rrep536.pdf,,,Department for Work and Pensions,England,The National Archives,Contains public sector information licensed under the Open Government Licence v3.0.,https://webarchive.nationalarchives.gov.uk/ukgwa/20160107144900/https://www.nationalarchives.gov.uk/doc/open-government-licence/version/3/,© Crown copyright,research|analysis,,,5/16/2024 1:19pm,,report,POCO,,,,,POCO_POGO|POCO_POGO_GB|POCO_POGO_GB_V1,en,United Kingdom (GB),,DWP Reports
https://webarchive.nationalarchives.gov.uk/ukgwa/20100208141332mp_/http://research.dwp.gov.uk/asd/asd5/rports2007-2008/rrep535.pdf,department-for-work-and-pensions-gb,department-for-work-and-pensions-gb:national-archives, Costs of running pension schemes: findings of a feasibility study ,RR535,2008,John Leston|Margaret Watmough|Jennifer Ross,https://webarchive.nationalarchives.gov.uk/ukgwa/20100208141332mp_/http://research.dwp.gov.uk/asd/asd5/rports2007-2008/rrep535.pdf,,,Department for Work and Pensions,England,The National Archives,Contains public sector information licensed under the Open Government Licence v3.0.,https://webarchive.nationalarchives.gov.uk/ukgwa/20160107144900/https://www.nationalarchives.gov.uk/doc/open-government-licence/version/3/,© Crown copyright,research|analysis,,,5/16/2024 1:19pm,,report,POCO,,,,,POCO_POGO|POCO_POGO_GB|POCO_POGO_GB_V1,en,United Kingdom (GB),,DWP Reports
https://webarchive.nationalarchives.gov.uk/ukgwa/20091222172300mp_/http://research.dwp.gov.uk/asd/asd5/rports2007-2008/rrep534.pdf,department-for-work-and-pensions-gb,department-for-work-and-pensions-gb:national-archives, Streamlining the assessment of Attendance Allowance applications with social care assessment: an evaluation of two London pilots ,RR534,2008,John Hilton,https://webarchive.nationalarchives.gov.uk/ukgwa/20091222172300mp_/http://research.dwp.gov.uk/asd/asd5/rports2007-2008/rrep534.pdf,,,Department for Work and Pensions,England,The National Archives,Contains public sector information licensed under the Open Government Licence v3.0.,https://webarchive.nationalarchives.gov.uk/ukgwa/20160107144900/https://www.nationalarchives.gov.uk/doc/open-government-licence/version/3/,© Crown copyright,research|analysis,,,5/16/2024 1:19pm,,report,POCO,,,,,POCO_POGO|POCO_POGO_GB|POCO_POGO_GB_V1,en,United Kingdom (GB),,DWP Reports
https://webarchive.nationalarchives.gov.uk/ukgwa/20100208135145mp_/http://research.dwp.gov.uk/asd/asd5/rports2007-2008/rrep533.pdf,department-for-work-and-pensions-gb,department-for-work-and-pensions-gb:national-archives," A comparative review of workfare programmes in the United States, Canada and Australia ",RR533,2008,Richard Crisp|Del Roy Fletcher,https://webarchive.nationalarchives.gov.uk/ukgwa/20100208135145mp_/http://research.dwp.gov.uk/asd/asd5/rports2007-2008/rrep533.pdf,,,Department for Work and Pensions,England,The National Archives,Contains public sector information licensed under the Open Government Licence v3.0.,https://webarchive.nationalarchives.gov.uk/ukgwa/20160107144900/https://www.nationalarchives.gov.uk/doc/open-government-licence/version/3/,© Crown copyright,research|analysis,,,5/16/2024 1:19pm,,report,POCO,,,,,POCO_POGO|POCO_POGO_GB|POCO_POGO_GB_V1,en,United Kingdom (GB),,DWP Reports
https://webarchive.nationalarchives.gov.uk/ukgwa/20091222172300mp_/http://research.dwp.gov.uk/asd/asd5/rports2007-2008/rrep532.pdf,department-for-work-and-pensions-gb,department-for-work-and-pensions-gb:national-archives, The Pension Service Customer Survey 2007 ,RR532,2008,Nicholas Howat|Oliver Norden|Erica Garnett,https://webarchive.nationalarchives.gov.uk/ukgwa/20091222172300mp_/http://research.dwp.gov.uk/asd/asd5/rports2007-2008/rrep532.pdf,,,Department for Work and Pensions,England,The National Archives,Contains public sector information licensed under the Open Government Licence v3.0.,https://webarchive.nationalarchives.gov.uk/ukgwa/20160107144900/https://www.nationalarchives.gov.uk/doc/open-government-licence/version/3/,© Crown copyright,research|analysis,,,5/16/2024 1:19pm,,report,POCO,,,,,POCO_POGO|POCO_POGO_GB|POCO_POGO_GB_V1,en,United Kingdom (GB),,DWP Reports
https://webarchive.nationalarchives.gov.uk/ukgwa/20091222172300mp_/http://research.dwp.gov.uk/asd/asd5/rports2007-2008/rrep531.pdf,department-for-work-and-pensions-gb,department-for-work-and-pensions-gb:national-archives, Encouraging labour market activity among 60-64 year olds ,RR531,2008,Sarah Vickerstaff|Wendy Loretto|Jenny Billings|Patrick Brown|Lavinia Mitton|Tina Parkin|Phil White,https://webarchive.nationalarchives.gov.uk/ukgwa/20091222172300mp_/http://research.dwp.gov.uk/asd/asd5/rports2007-2008/rrep531.pdf,,,Department for Work and Pensions,England,The National Archives,Contains public sector information licensed under the Open Government Licence v3.0.,https://webarchive.nationalarchives.gov.uk/ukgwa/20160107144900/https://www.nationalarchives.gov.uk/doc/open-government-licence/version/3/,© Crown copyright,research|analysis,,,5/16/2024 1:19pm,,report,POCO,,,,,POCO_POGO|POCO_POGO_GB|POCO_POGO_GB_V1,en,United Kingdom (GB),,DWP Reports
https://webarchive.nationalarchives.gov.uk/ukgwa/20100208140442mp_/http://research.dwp.gov.uk/asd/asd5/rports2007-2008/rrep530.pdf,department-for-work-and-pensions-gb,department-for-work-and-pensions-gb:national-archives, Informing the piloting of Deduction from Earnings Orders as the primary method of collecting child maintenance ,RR530,2008,Ashfa Slater|Kate McPhillips,https://webarchive.nationalarchives.gov.uk/ukgwa/20100208140442mp_/http://research.dwp.gov.uk/asd/asd5/rports2007-2008/rrep530.pdf,,,Department for Work and Pensions,England,The National Archives,Contains public sector information licensed under the Open Government Licence v3.0.,https://webarchive.nationalarchives.gov.uk/ukgwa/20160107144900/https://www.nationalarchives.gov.uk/doc/open-government-licence/version/3/,© Crown copyright,research|analysis,,,5/16/2024 1:19pm,,report,POCO,,,,,POCO_POGO|POCO_POGO_GB|POCO_POGO_GB_V1,en,United Kingdom (GB),,DWP Reports
https://webarchive.nationalarchives.gov.uk/ukgwa/20091222172300mp_/http://research.dwp.gov.uk/asd/asd5/rports2007-2008/rrep529.pdf,department-for-work-and-pensions-gb,department-for-work-and-pensions-gb:national-archives, Child Support Agency – employers' views on setting up and processing Deduction from Earnings Orders ,RR529,2008,Ashfa Slater|Kate McPhillips,https://webarchive.nationalarchives.gov.uk/ukgwa/20091222172300mp_/http://research.dwp.gov.uk/asd/asd5/rports2007-2008/rrep529.pdf,,,Department for Work and Pensions,England,The National Archives,Contains public sector information licensed under the Open Government Licence v3.0.,https://webarchive.nationalarchives.gov.uk/ukgwa/20160107144900/https://www.nationalarchives.gov.uk/doc/open-government-licence/version/3/,© Crown copyright,research|analysis,,,5/16/2024 1:19pm,,report,POCO,,,,,POCO_POGO|POCO_POGO_GB|POCO_POGO_GB_V1,en,United Kingdom (GB),,DWP Reports
https://webarchive.nationalarchives.gov.uk/ukgwa/20100208135910mp_/http://research.dwp.gov.uk/asd/asd5/rports2007-2008/rrep528.pdf,department-for-work-and-pensions-gb,department-for-work-and-pensions-gb:national-archives, Employer attitudes to risk sharing in pension schemes: a qualitative study ,RR528,2008,Andrew Thomas|Anthony Allen,https://webarchive.nationalarchives.gov.uk/ukgwa/20100208135910mp_/http://research.dwp.gov.uk/asd/asd5/rports2007-2008/rrep528.pdf,,,Department for Work and Pensions,England,The National Archives,Contains public sector information licensed under the Open Government Licence v3.0.,https://webarchive.nationalarchives.gov.uk/ukgwa/20160107144900/https://www.nationalarchives.gov.uk/doc/open-government-licence/version/3/,© Crown copyright,research|analysis,,,5/16/2024 1:19pm,,report,POCO,,,,,POCO_POGO|POCO_POGO_GB|POCO_POGO_GB_V1,en,United Kingdom (GB),,DWP Reports
https://webarchive.nationalarchives.gov.uk/ukgwa/20091222172300mp_/http://research.dwp.gov.uk/asd/asd5/rports2007-2008/rrep527.pdf,department-for-work-and-pensions-gb,department-for-work-and-pensions-gb:national-archives, Pathways to Work: the experiences of existing customers Findings from a survey of existing incapacity benefits customers in the first seven pilot areas ,RR527,2008,Jon Hales|Oliver Hayllar|Christianah Iyaniwura|Martin Wood,https://webarchive.nationalarchives.gov.uk/ukgwa/20091222172300mp_/http://research.dwp.gov.uk/asd/asd5/rports2007-2008/rrep527.pdf,,,Department for Work and Pensions,England,The National Archives,Contains public sector information licensed under the Open Government Licence v3.0.,https://webarchive.nationalarchives.gov.uk/ukgwa/20160107144900/https://www.nationalarchives.gov.uk/doc/open-government-licence/version/3/,© Crown copyright,research|analysis,,,5/16/2024 1:19pm,,report,POCO,,,,,POCO_POGO|POCO_POGO_GB|POCO_POGO_GB_V1,en,United Kingdom (GB),,DWP Reports
https://webarchive.nationalarchives.gov.uk/ukgwa/20100208135722mp_/http://research.dwp.gov.uk/asd/asd5/rports2007-2008/rrep526.pdf,department-for-work-and-pensions-gb,department-for-work-and-pensions-gb:national-archives, State Pension deferral: public awareness and attitudes ,RR526,2008,Nick Coleman|Rosie McLeod|Oliver Norden|Alice Coulter,https://webarchive.nationalarchives.gov.uk/ukgwa/20100208135722mp_/http://research.dwp.gov.uk/asd/asd5/rports2007-2008/rrep526.pdf,,,Department for Work and Pensions,England,The National Archives,Contains public sector information licensed under the Open Government Licence v3.0.,https://webarchive.nationalarchives.gov.uk/ukgwa/20160107144900/https://www.nationalarchives.gov.uk/doc/open-government-licence/version/3/,© Crown copyright,research|analysis,,,5/16/2024 1:19pm,,report,POCO,,,,,POCO_POGO|POCO_POGO_GB|POCO_POGO_GB_V1,en,United Kingdom (GB),,DWP Reports
https://webarchive.nationalarchives.gov.uk/ukgwa/20100208135753mp_/http://research.dwp.gov.uk/asd/asd5/rports2007-2008/rrep525.pdf,department-for-work-and-pensions-gb,department-for-work-and-pensions-gb:national-archives, Pathways to Work for new and repeat incapacity benefits claimants: Evaluation synthesis report ,RR525,2008,Richard Dorsett,https://webarchive.nationalarchives.gov.uk/ukgwa/20100208135753mp_/http://research.dwp.gov.uk/asd/asd5/rports2007-2008/rrep525.pdf,,,Department for Work and Pensions,England,The National Archives,Contains public sector information licensed under the Open Government Licence v3.0.,https://webarchive.nationalarchives.gov.uk/ukgwa/20160107144900/https://www.nationalarchives.gov.uk/doc/open-government-licence/version/3/,© Crown copyright,research|analysis,,,5/16/2024 1:19pm,,report,POCO,,,,,POCO_POGO|POCO_POGO_GB|POCO_POGO_GB_V1,en,United Kingdom (GB),,DWP Reports
https://webarchive.nationalarchives.gov.uk/ukgwa/20091222172300mp_/http://research.dwp.gov.uk/asd/asd5/rports2007-2008/rrep524.pdf,department-for-work-and-pensions-gb,department-for-work-and-pensions-gb:national-archives, Options and Choices Events: testing implementation and delivery in Trailblazer districts ,RR524,2008,Dr. Sarah Jenkins|Richard Lloyd,https://webarchive.nationalarchives.gov.uk/ukgwa/20091222172300mp_/http://research.dwp.gov.uk/asd/asd5/rports2007-2008/rrep524.pdf,,,Department for Work and Pensions,England,The National Archives,Contains public sector information licensed under the Open Government Licence v3.0.,https://webarchive.nationalarchives.gov.uk/ukgwa/20160107144900/https://www.nationalarchives.gov.uk/doc/open-government-licence/version/3/,© Crown copyright,research|analysis,,,5/16/2024 1:19pm,,report,POCO,,,,,POCO_POGO|POCO_POGO_GB|POCO_POGO_GB_V1,en,United Kingdom (GB),,DWP Reports
https://webarchive.nationalarchives.gov.uk/ukgwa/20091222172300mp_/http://research.dwp.gov.uk/asd/asd5/rports2007-2008/rrep523.pdf,department-for-work-and-pensions-gb,department-for-work-and-pensions-gb:national-archives, Reporting changes in circumstances: tackling error in the Housing Benefit system - Standard Housing Benefit cases ,RR523,2008,Jacqueline Davidson|Roy Sainsbury,https://webarchive.nationalarchives.gov.uk/ukgwa/20091222172300mp_/http://research.dwp.gov.uk/asd/asd5/rports2007-2008/rrep523.pdf,,,Department for Work and Pensions,England,The National Archives,Contains public sector information licensed under the Open Government Licence v3.0.,https://webarchive.nationalarchives.gov.uk/ukgwa/20160107144900/https://www.nationalarchives.gov.uk/doc/open-government-licence/version/3/,© Crown copyright,research|analysis,,,5/16/2024 1:19pm,,report,POCO,,,,,POCO_POGO|POCO_POGO_GB|POCO_POGO_GB_V1,en,United Kingdom (GB),,DWP Reports
https://webarchive.nationalarchives.gov.uk/ukgwa/20100208140829mp_/http://research.dwp.gov.uk/asd/asd5/rports2007-2008/rrep522.pdf,department-for-work-and-pensions-gb,department-for-work-and-pensions-gb:national-archives, Focus groups with New Deal and Employment Zone customers: Research to inform Flexible New Deal ,RR522,2008,Lorna Adams|Katie Carter,https://webarchive.nationalarchives.gov.uk/ukgwa/20100208140829mp_/http://research.dwp.gov.uk/asd/asd5/rports2007-2008/rrep522.pdf,,,Department for Work and Pensions,England,The National Archives,Contains public sector information licensed under the Open Government Licence v3.0.,https://webarchive.nationalarchives.gov.uk/ukgwa/20160107144900/https://www.nationalarchives.gov.uk/doc/open-government-licence/version/3/,© Crown copyright,research|analysis,,,5/16/2024 1:19pm,,report,POCO,,,,,POCO_POGO|POCO_POGO_GB|POCO_POGO_GB_V1,en,United Kingdom (GB),,DWP Reports
https://webarchive.nationalarchives.gov.uk/ukgwa/20100208141929mp_/http://research.dwp.gov.uk/asd/asd5/rports2007-2008/rrep521.pdf,department-for-work-and-pensions-gb,department-for-work-and-pensions-gb:national-archives, Social housing and worklessness: Qualitative research findings ,RR521,2008,Del Roy Fletcher|Tony Gore|Kesia Reeve\David Robinson,https://webarchive.nationalarchives.gov.uk/ukgwa/20100208141929mp_/http://research.dwp.gov.uk/asd/asd5/rports2007-2008/rrep521.pdf,,,Department for Work and Pensions,England,The National Archives,Contains public sector information licensed under the Open Government Licence v3.0.,https://webarchive.nationalarchives.gov.uk/ukgwa/20160107144900/https://www.nationalarchives.gov.uk/doc/open-government-licence/version/3/,© Crown copyright,research|analysis,,,5/16/2024 1:19pm,,report,POCO,,,,,POCO_POGO|POCO_POGO_GB|POCO_POGO_GB_V1,en,United Kingdom (GB),,DWP Reports
https://webarchive.nationalarchives.gov.uk/ukgwa/20100208141246mp_/http://research.dwp.gov.uk/asd/asd5/rports2007-2008/rrep520.pdf,department-for-work-and-pensions-gb,department-for-work-and-pensions-gb:national-archives, Implementation and second-year impacts for New Deal 25 Plus customers in the UK Employment Retention and Advancement (ERA) demonstration ,RR520,2008,Cynthia Miller|Helen Bewley|Verity Campbell-Barr|Richard Dorsett|Gayle Hamilton|Lesley Hoggart|Tatiana Homonoff|Alan Marsh|Kathryn Ray|James A. Riccio|Sandra Vegeris,https://webarchive.nationalarchives.gov.uk/ukgwa/20100208141246mp_/http://research.dwp.gov.uk/asd/asd5/rports2007-2008/rrep520.pdf,,,Department for Work and Pensions,England,The National Archives,Contains public sector information licensed under the Open Government Licence v3.0.,https://webarchive.nationalarchives.gov.uk/ukgwa/20160107144900/https://www.nationalarchives.gov.uk/doc/open-government-licence/version/3/,© Crown copyright,research|analysis,,,5/16/2024 1:19pm,,report,POCO,,,,,POCO_POGO|POCO_POGO_GB|POCO_POGO_GB_V1,en,United Kingdom (GB),,DWP Reports
https://webarchive.nationalarchives.gov.uk/ukgwa/20100208134811mp_/http://research.dwp.gov.uk/asd/asd5/rports2007-2008/rrep519.pdf,department-for-work-and-pensions-gb,department-for-work-and-pensions-gb:national-archives, A ‘User Voice’ study: Jobcentre Plus customers’ perspective on DWP/DIUS strategy for skills ,RR519,2008,Carol Goldstone,https://webarchive.nationalarchives.gov.uk/ukgwa/20100208134811mp_/http://research.dwp.gov.uk/asd/asd5/rports2007-2008/rrep519.pdf,,,Department for Work and Pensions,England,The National Archives,Contains public sector information licensed under the Open Government Licence v3.0.,https://webarchive.nationalarchives.gov.uk/ukgwa/20160107144900/https://www.nationalarchives.gov.uk/doc/open-government-licence/version/3/,© Crown copyright,research|analysis,,,5/16/2024 1:19pm,,report,POCO,,,,,POCO_POGO|POCO_POGO_GB|POCO_POGO_GB_V1,en,United Kingdom (GB),,DWP Reports
https://webarchive.nationalarchives.gov.uk/ukgwa/20100208140653mp_/http://research.dwp.gov.uk/asd/asd5/rports2007-2008/rrep518.pdf,department-for-work-and-pensions-gb,department-for-work-and-pensions-gb:national-archives, Evaluation of the trial of Back to Work group sessions ,RR518,2008,Dr. Sarah Jenkins|Richard Lloyd,https://webarchive.nationalarchives.gov.uk/ukgwa/20100208140653mp_/http://research.dwp.gov.uk/asd/asd5/rports2007-2008/rrep518.pdf,,,Department for Work and Pensions,England,The National Archives,Contains public sector information licensed under the Open Government Licence v3.0.,https://webarchive.nationalarchives.gov.uk/ukgwa/20160107144900/https://www.nationalarchives.gov.uk/doc/open-government-licence/version/3/,© Crown copyright,research|analysis,,,5/16/2024 1:19pm,,report,POCO,,,,,POCO_POGO|POCO_POGO_GB|POCO_POGO_GB_V1,en,United Kingdom (GB),,DWP Reports
https://webarchive.nationalarchives.gov.uk/ukgwa/20100208140419mp_/http://research.dwp.gov.uk/asd/asd5/rports2007-2008/rrep517.pdf,department-for-work-and-pensions-gb,department-for-work-and-pensions-gb:national-archives, DWP Able to Work: Realising Potential evaluation ,RR517,2008,Jennifer Hurstfield|Meera Prabhakar|Kate Hills|Robert Turner|Lucy Sterne,https://webarchive.nationalarchives.gov.uk/ukgwa/20100208140419mp_/http://research.dwp.gov.uk/asd/asd5/rports2007-2008/rrep517.pdf,,,Department for Work and Pensions,England,The National Archives,Contains public sector information licensed under the Open Government Licence v3.0.,https://webarchive.nationalarchives.gov.uk/ukgwa/20160107144900/https://www.nationalarchives.gov.uk/doc/open-government-licence/version/3/,© Crown copyright,research|analysis,,,5/16/2024 1:19pm,,report,POCO,,,,,POCO_POGO|POCO_POGO_GB|POCO_POGO_GB_V1,en,United Kingdom (GB),,DWP Reports
https://webarchive.nationalarchives.gov.uk/ukgwa/20100208142036mp_/http://research.dwp.gov.uk/asd/asd5/rports2007-2008/rrep516.pdf,department-for-work-and-pensions-gb,department-for-work-and-pensions-gb:national-archives, Routes onto Incapacity Benefit: Findings from a follow-up survey of recent claimants ,RR516,2008,Peter A. Kemp|Jacqueline Davidson,https://webarchive.nationalarchives.gov.uk/ukgwa/20100208142036mp_/http://research.dwp.gov.uk/asd/asd5/rports2007-2008/rrep516.pdf,,,Department for Work and Pensions,England,The National Archives,Contains public sector information licensed under the Open Government Licence v3.0.,https://webarchive.nationalarchives.gov.uk/ukgwa/20160107144900/https://www.nationalarchives.gov.uk/doc/open-government-licence/version/3/,© Crown copyright,research|analysis,,,5/16/2024 1:19pm,,report,POCO,,,,,POCO_POGO|POCO_POGO_GB|POCO_POGO_GB_V1,en,United Kingdom (GB),,DWP Reports
https://webarchive.nationalarchives.gov.uk/ukgwa/20100208141724mp_/http://research.dwp.gov.uk/asd/asd5/rports2007-2008/rrep515.pdf,department-for-work-and-pensions-gb,department-for-work-and-pensions-gb:national-archives, Information needs at retirement: Qualitative research focusing on annuitisation decisions ,RR515,2008,Sarah Horack|Margaret Watmough|Andrew Wood|Kate Downer,https://webarchive.nationalarchives.gov.uk/ukgwa/20100208141724mp_/http://research.dwp.gov.uk/asd/asd5/rports2007-2008/rrep515.pdf,,,Department for Work and Pensions,England,The National Archives,Contains public sector information licensed under the Open Government Licence v3.0.,https://webarchive.nationalarchives.gov.uk/ukgwa/20160107144900/https://www.nationalarchives.gov.uk/doc/open-government-licence/version/3/,© Crown copyright,research|analysis,,,5/16/2024 1:19pm,,report,POCO,,,,,POCO_POGO|POCO_POGO_GB|POCO_POGO_GB_V1,en,United Kingdom (GB),,DWP Reports
https://webarchive.nationalarchives.gov.uk/ukgwa/20100208135733mp_/http://research.dwp.gov.uk/asd/asd5/rports2007-2008/rrep514.pdf,department-for-work-and-pensions-gb,department-for-work-and-pensions-gb:national-archives," Exploring disability, family formation and break-up: Reviewing the evidence ",RR514,2008,Harriet Clarke|Stephen McKay,https://webarchive.nationalarchives.gov.uk/ukgwa/20100208135733mp_/http://research.dwp.gov.uk/asd/asd5/rports2007-2008/rrep514.pdf,,,Department for Work and Pensions,England,The National Archives,Contains public sector information licensed under the Open Government Licence v3.0.,https://webarchive.nationalarchives.gov.uk/ukgwa/20160107144900/https://www.nationalarchives.gov.uk/doc/open-government-licence/version/3/,© Crown copyright,research|analysis,,,5/16/2024 1:19pm,,report,POCO,,,,,POCO_POGO|POCO_POGO_GB|POCO_POGO_GB_V1,en,United Kingdom (GB),,DWP Reports
https://webarchive.nationalarchives.gov.uk/ukgwa/20100208140332mp_/http://research.dwp.gov.uk/asd/asd5/rports2007-2008/rrep513.pdf,department-for-work-and-pensions-gb,department-for-work-and-pensions-gb:national-archives, Mental health and employment ,RR513,2008,Roy Sainsbury|Annie Irvine|Jane Aston|Sally Wilson|Ceri Williams|Alice Sinclair,https://webarchive.nationalarchives.gov.uk/ukgwa/20100208140332mp_/http://research.dwp.gov.uk/asd/asd5/rports2007-2008/rrep513.pdf,,,Department for Work and Pensions,England,The National Archives,Contains public sector information licensed under the Open Government Licence v3.0.,https://webarchive.nationalarchives.gov.uk/ukgwa/20160107144900/https://www.nationalarchives.gov.uk/doc/open-government-licence/version/3/,© Crown copyright,research|analysis,,,5/16/2024 1:19pm,,report,POCO,,,,,POCO_POGO|POCO_POGO_GB|POCO_POGO_GB_V1,en,United Kingdom (GB),,DWP Reports
https://webarchive.nationalarchives.gov.uk/ukgwa/20100208140234mp_/http://research.dwp.gov.uk/asd/asd5/rports2007-2008/rrep512.pdf,department-for-work-and-pensions-gb,department-for-work-and-pensions-gb:national-archives, Recruitment of Under-Represented Groups into the Senior Civil Service ,RR512,2008,Hülya Hooker|Nick Jagger|Susanna Baldwin,https://webarchive.nationalarchives.gov.uk/ukgwa/20100208140234mp_/http://research.dwp.gov.uk/asd/asd5/rports2007-2008/rrep512.pdf,,,Department for Work and Pensions,England,The National Archives,Contains public sector information licensed under the Open Government Licence v3.0.,https://webarchive.nationalarchives.gov.uk/ukgwa/20160107144900/https://www.nationalarchives.gov.uk/doc/open-government-licence/version/3/,© Crown copyright,research|analysis,,,5/16/2024 1:19pm,,report,POCO,,,,,POCO_POGO|POCO_POGO_GB|POCO_POGO_GB_V1,en,United Kingdom (GB),,DWP Reports
https://webarchive.nationalarchives.gov.uk/ukgwa/20100208134940mp_/http://research.dwp.gov.uk/asd/asd5/rports2007-2008/rrep511.pdf,department-for-work-and-pensions-gb,department-for-work-and-pensions-gb:national-archives, The effects of benefit sanctions on lone parents' employment decisions and moves into employment ,RR511,2008,Vicki Goodwin,https://webarchive.nationalarchives.gov.uk/ukgwa/20100208134940mp_/http://research.dwp.gov.uk/asd/asd5/rports2007-2008/rrep511.pdf,,,Department for Work and Pensions,England,The National Archives,Contains public sector information licensed under the Open Government Licence v3.0.,https://webarchive.nationalarchives.gov.uk/ukgwa/20160107144900/https://www.nationalarchives.gov.uk/doc/open-government-licence/version/3/,© Crown copyright,research|analysis,,,5/16/2024 1:19pm,,report,POCO,,,,,POCO_POGO|POCO_POGO_GB|POCO_POGO_GB_V1,en,United Kingdom (GB),,DWP Reports
https://webarchive.nationalarchives.gov.uk/ukgwa/20100208140058mp_/http://research.dwp.gov.uk/asd/asd5/rports2007-2008/rrep510.pdf,department-for-work-and-pensions-gb,department-for-work-and-pensions-gb:national-archives," Talking like a manager: promotion interviews, language and ethnicity ",RR510,2008,Celia Roberts|Sarah Campbell|Yvonne Robinson,https://webarchive.nationalarchives.gov.uk/ukgwa/20100208140058mp_/http://research.dwp.gov.uk/asd/asd5/rports2007-2008/rrep510.pdf,,,Department for Work and Pensions,England,The National Archives,Contains public sector information licensed under the Open Government Licence v3.0.,https://webarchive.nationalarchives.gov.uk/ukgwa/20160107144900/https://www.nationalarchives.gov.uk/doc/open-government-licence/version/3/,© Crown copyright,research|analysis,,,5/16/2024 1:19pm,,report,POCO,,,,,POCO_POGO|POCO_POGO_GB|POCO_POGO_GB_V1,en,United Kingdom (GB),,DWP Reports
https://webarchive.nationalarchives.gov.uk/ukgwa/20100208134923mp_/http://research.dwp.gov.uk/asd/asd5/rports2007-2008/rrep509.pdf,department-for-work-and-pensions-gb,department-for-work-and-pensions-gb:national-archives, High hopes: Supporting ex-prisoners in their lives after prison ,RR509,2008,Yvette Hartfree|Chris Dearden|Elspeth Pound,https://webarchive.nationalarchives.gov.uk/ukgwa/20100208134923mp_/http://research.dwp.gov.uk/asd/asd5/rports2007-2008/rrep509.pdf,,,Department for Work and Pensions,England,The National Archives,Contains public sector information licensed under the Open Government Licence v3.0.,https://webarchive.nationalarchives.gov.uk/ukgwa/20160107144900/https://www.nationalarchives.gov.uk/doc/open-government-licence/version/3/,© Crown copyright,research|analysis,,,5/16/2024 1:19pm,,report,POCO,,,,,POCO_POGO|POCO_POGO_GB|POCO_POGO_GB_V1,en,United Kingdom (GB),,DWP Reports
https://webarchive.nationalarchives.gov.uk/ukgwa/20100208140243mp_/http://research.dwp.gov.uk/asd/asd5/rports2007-2008/rrep508.pdf,department-for-work-and-pensions-gb,department-for-work-and-pensions-gb:national-archives, In and Out of Work pilot evaluation: Findings from staff and customer research ,RR508,2008,Lorna Adams|Jen Kelly|Sarah Fish,https://webarchive.nationalarchives.gov.uk/ukgwa/20100208140243mp_/http://research.dwp.gov.uk/asd/asd5/rports2007-2008/rrep508.pdf,,,Department for Work and Pensions,England,The National Archives,Contains public sector information licensed under the Open Government Licence v3.0.,https://webarchive.nationalarchives.gov.uk/ukgwa/20160107144900/https://www.nationalarchives.gov.uk/doc/open-government-licence/version/3/,© Crown copyright,research|analysis,,,5/16/2024 1:19pm,,report,POCO,,,,,POCO_POGO|POCO_POGO_GB|POCO_POGO_GB_V1,en,United Kingdom (GB),,DWP Reports
https://webarchive.nationalarchives.gov.uk/ukgwa/20100208140619mp_/http://research.dwp.gov.uk/asd/asd5/rports2007-2008/rrep507.pdf,department-for-work-and-pensions-gb,department-for-work-and-pensions-gb:national-archives, Evaluation of the Pensions Education Fund ,RR507,2008,Lorna Adams|Karen Bunt|Katie Carter|Arwenna Davies,https://webarchive.nationalarchives.gov.uk/ukgwa/20100208140619mp_/http://research.dwp.gov.uk/asd/asd5/rports2007-2008/rrep507.pdf,,,Department for Work and Pensions,England,The National Archives,Contains public sector information licensed under the Open Government Licence v3.0.,https://webarchive.nationalarchives.gov.uk/ukgwa/20160107144900/https://www.nationalarchives.gov.uk/doc/open-government-licence/version/3/,© Crown copyright,research|analysis,,,5/16/2024 1:19pm,,report,POCO,,,,,POCO_POGO|POCO_POGO_GB|POCO_POGO_GB_V1,en,United Kingdom (GB),,DWP Reports
https://webarchive.nationalarchives.gov.uk/ukgwa/20100203004401mp_/http://research.dwp.gov.uk/asd/asd5/rports2007-2008/rrep506.pdf,department-for-work-and-pensions-gb,department-for-work-and-pensions-gb:national-archives, Employment transitions and the changes in economic circumstances of families with children: Evidence from the Families and Children Study (FACS) ,RR506,2008,Matt Barnes|Nick Lyon|Jane Millar,https://webarchive.nationalarchives.gov.uk/ukgwa/20100203004401mp_/http://research.dwp.gov.uk/asd/asd5/rports2007-2008/rrep506.pdf,,,Department for Work and Pensions,England,The National Archives,Contains public sector information licensed under the Open Government Licence v3.0.,https://webarchive.nationalarchives.gov.uk/ukgwa/20160107144900/https://www.nationalarchives.gov.uk/doc/open-government-licence/version/3/,© Crown copyright,research|analysis,,,5/16/2024 1:19pm,,report,POCO,,,,,POCO_POGO|POCO_POGO_GB|POCO_POGO_GB_V1,en,United Kingdom (GB),,DWP Reports
https://webarchive.nationalarchives.gov.uk/ukgwa/20100208140258mp_/http://research.dwp.gov.uk/asd/asd5/rports2007-2008/rrep505.pdf,department-for-work-and-pensions-gb,department-for-work-and-pensions-gb:national-archives, Review of the Interventions Delivery Target ,RR505,2008,Ann Purvis|James Lowrey,https://webarchive.nationalarchives.gov.uk/ukgwa/20100208140258mp_/http://research.dwp.gov.uk/asd/asd5/rports2007-2008/rrep505.pdf,,,Department for Work and Pensions,England,The National Archives,Contains public sector information licensed under the Open Government Licence v3.0.,https://webarchive.nationalarchives.gov.uk/ukgwa/20160107144900/https://www.nationalarchives.gov.uk/doc/open-government-licence/version/3/,© Crown copyright,research|analysis,,,5/16/2024 1:19pm,,report,POCO,,,,,POCO_POGO|POCO_POGO_GB|POCO_POGO_GB_V1,en,United Kingdom (GB),,DWP Reports
https://webarchive.nationalarchives.gov.uk/ukgwa/20100208140843mp_/http://research.dwp.gov.uk/asd/asd5/rports2007-2008/rrep504.pdf,department-for-work-and-pensions-gb,department-for-work-and-pensions-gb:national-archives, Customers’ experiences of first contact with Jobcentre Plus: Findings from the quantitative survey ,RR504,2008,Alex Nunn|Yvette Fidler|Penny Wymer|Sarah Kelsey,https://webarchive.nationalarchives.gov.uk/ukgwa/20100208140843mp_/http://research.dwp.gov.uk/asd/asd5/rports2007-2008/rrep504.pdf,,,Department for Work and Pensions,England,The National Archives,Contains public sector information licensed under the Open Government Licence v3.0.,https://webarchive.nationalarchives.gov.uk/ukgwa/20160107144900/https://www.nationalarchives.gov.uk/doc/open-government-licence/version/3/,© Crown copyright,research|analysis,,,5/16/2024 1:19pm,,report,POCO,,,,,POCO_POGO|POCO_POGO_GB|POCO_POGO_GB_V1,en,United Kingdom (GB),,DWP Reports
https://webarchive.nationalarchives.gov.uk/ukgwa/20100208135153mp_/http://research.dwp.gov.uk/asd/asd5/rports2007-2008/rrep503.pdf,department-for-work-and-pensions-gb,department-for-work-and-pensions-gb:national-archives, Relationship separation and child support study ,RR503,2008,Nick Wikeley|Eleanor Ireland|Caroline Bryson|Ruth Smith,https://webarchive.nationalarchives.gov.uk/ukgwa/20100208135153mp_/http://research.dwp.gov.uk/asd/asd5/rports2007-2008/rrep503.pdf,,,Department for Work and Pensions,England,The National Archives,Contains public sector information licensed under the Open Government Licence v3.0.,https://webarchive.nationalarchives.gov.uk/ukgwa/20160107144900/https://www.nationalarchives.gov.uk/doc/open-government-licence/version/3/,© Crown copyright,research|analysis,,,5/16/2024 1:19pm,,report,POCO,,,,,POCO_POGO|POCO_POGO_GB|POCO_POGO_GB_V1,en,United Kingdom (GB),,DWP Reports
https://webarchive.nationalarchives.gov.uk/ukgwa/20100208140546mp_/http://research.dwp.gov.uk/asd/asd5/rports2007-2008/rrep502.pdf,department-for-work-and-pensions-gb,department-for-work-and-pensions-gb:national-archives, Life-course events and later-life employment ,RR502,2008,Morten Blekesaune|Mark Bryan|Mark Taylor,https://webarchive.nationalarchives.gov.uk/ukgwa/20100208140546mp_/http://research.dwp.gov.uk/asd/asd5/rports2007-2008/rrep502.pdf,,,Department for Work and Pensions,England,The National Archives,Contains public sector information licensed under the Open Government Licence v3.0.,https://webarchive.nationalarchives.gov.uk/ukgwa/20160107144900/https://www.nationalarchives.gov.uk/doc/open-government-licence/version/3/,© Crown copyright,research|analysis,,,5/16/2024 1:19pm,,report,POCO,,,,,POCO_POGO|POCO_POGO_GB|POCO_POGO_GB_V1,en,United Kingdom (GB),,DWP Reports
https://webarchive.nationalarchives.gov.uk/ukgwa/20100208140914mp_/http://research.dwp.gov.uk/asd/asd5/rports2007-2008/rrep500.pdf,department-for-work-and-pensions-gb,department-for-work-and-pensions-gb:national-archives, Mandating Intensive Activity Period for jobseekers aged 50+: final report of the quantitative evaluation ,RR500,2008,Richard Dorsett|Deborah Smeaton,https://webarchive.nationalarchives.gov.uk/ukgwa/20100208140914mp_/http://research.dwp.gov.uk/asd/asd5/rports2007-2008/rrep500.pdf,,,Department for Work and Pensions,England,The National Archives,Contains public sector information licensed under the Open Government Licence v3.0.,https://webarchive.nationalarchives.gov.uk/ukgwa/20160107144900/https://www.nationalarchives.gov.uk/doc/open-government-licence/version/3/,© Crown copyright,research|analysis,,,5/16/2024 1:19pm,,report,POCO,,,,,POCO_POGO|POCO_POGO_GB|POCO_POGO_GB_V1,en,United Kingdom (GB),,DWP Reports
https://webarchive.nationalarchives.gov.uk/ukgwa/20100208140259mp_/http://research.dwp.gov.uk/asd/asd5/rports2007-2008/rrep499.pdf,department-for-work-and-pensions-gb,department-for-work-and-pensions-gb:national-archives, Extension of the New Deal Plus for Lone Parents pilot to Scotland and Wales: Qualitative evaluation ,RR499,2008,,https://webarchive.nationalarchives.gov.uk/ukgwa/20100208140259mp_/http://research.dwp.gov.uk/asd/asd5/rports2007-2008/rrep499.pdf,,,Department for Work and Pensions,England,The National Archives,Contains public sector information licensed under the Open Government Licence v3.0.,https://webarchive.nationalarchives.gov.uk/ukgwa/20160107144900/https://www.nationalarchives.gov.uk/doc/open-government-licence/version/3/,© Crown copyright,research|analysis,,,5/16/2024 1:19pm,,report,POCO,,,,,POCO_POGO|POCO_POGO_GB|POCO_POGO_GB_V1,en,United Kingdom (GB),,DWP Reports
https://webarchive.nationalarchives.gov.uk/ukgwa/20091222172300mp_/http://research.dwp.gov.uk/asd/asd5/rports2007-2008/rrep498.pdf,department-for-work-and-pensions-gb,department-for-work-and-pensions-gb:national-archives, A cost-benefit analysis of Pathways to Work for new and repeat incapacity benefits claimants ,RR498,2008,,https://webarchive.nationalarchives.gov.uk/ukgwa/20091222172300mp_/http://research.dwp.gov.uk/asd/asd5/rports2007-2008/rrep498.pdf,,,Department for Work and Pensions,England,The National Archives,Contains public sector information licensed under the Open Government Licence v3.0.,https://webarchive.nationalarchives.gov.uk/ukgwa/20160107144900/https://www.nationalarchives.gov.uk/doc/open-government-licence/version/3/,© Crown copyright,research|analysis,,,5/16/2024 1:19pm,,report,POCO,,,,,POCO_POGO|POCO_POGO_GB|POCO_POGO_GB_V1,en,United Kingdom (GB),,DWP Reports
https://webarchive.nationalarchives.gov.uk/ukgwa/20100208140455mp_/http://research.dwp.gov.uk/asd/asd5/rports2007-2008/rrep497.pdf,department-for-work-and-pensions-gb,department-for-work-and-pensions-gb:national-archives, Reporting changes in circumstances: Tackling error in the benefit system ,RR497,2008,,https://webarchive.nationalarchives.gov.uk/ukgwa/20100208140455mp_/http://research.dwp.gov.uk/asd/asd5/rports2007-2008/rrep497.pdf,,,Department for Work and Pensions,England,The National Archives,Contains public sector information licensed under the Open Government Licence v3.0.,https://webarchive.nationalarchives.gov.uk/ukgwa/20160107144900/https://www.nationalarchives.gov.uk/doc/open-government-licence/version/3/,© Crown copyright,research|analysis,,,5/16/2024 1:19pm,,report,POCO,,,,,POCO_POGO|POCO_POGO_GB|POCO_POGO_GB_V1,en,United Kingdom (GB),,DWP Reports
https://webarchive.nationalarchives.gov.uk/ukgwa/20100208135926mp_/http://research.dwp.gov.uk/asd/asd5/rports2007-2008/rrep496.pdf,department-for-work-and-pensions-gb,department-for-work-and-pensions-gb:national-archives, Maternity rights and mothers' employment decisions ,RR496,2008,,https://webarchive.nationalarchives.gov.uk/ukgwa/20100208135926mp_/http://research.dwp.gov.uk/asd/asd5/rports2007-2008/rrep496.pdf,,,Department for Work and Pensions,England,The National Archives,Contains public sector information licensed under the Open Government Licence v3.0.,https://webarchive.nationalarchives.gov.uk/ukgwa/20160107144900/https://www.nationalarchives.gov.uk/doc/open-government-licence/version/3/,© Crown copyright,research|analysis,,,5/16/2024 1:19pm,,report,POCO,,,,,POCO_POGO|POCO_POGO_GB|POCO_POGO_GB_V1,en,United Kingdom (GB),,DWP Reports
https://webarchive.nationalarchives.gov.uk/ukgwa/20091212062405mp_/http://research.dwp.gov.uk/asd/asd5/rports2007-2008/rrep495.pdf,department-for-work-and-pensions-gb,department-for-work-and-pensions-gb:national-archives, Evaluation of the Fair Cities Pilots 2007 ,RR495,2008,,https://webarchive.nationalarchives.gov.uk/ukgwa/20091212062405mp_/http://research.dwp.gov.uk/asd/asd5/rports2007-2008/rrep495.pdf,,,Department for Work and Pensions,England,The National Archives,Contains public sector information licensed under the Open Government Licence v3.0.,https://webarchive.nationalarchives.gov.uk/ukgwa/20160107144900/https://www.nationalarchives.gov.uk/doc/open-government-licence/version/3/,© Crown copyright,research|analysis,,,5/16/2024 1:19pm,,report,POCO,,,,,POCO_POGO|POCO_POGO_GB|POCO_POGO_GB_V1,en,United Kingdom (GB),,DWP Reports
https://webarchive.nationalarchives.gov.uk/ukgwa/20100208135735mp_/http://research.dwp.gov.uk/asd/asd5/rports2007-2008/rrep494.pdf,department-for-work-and-pensions-gb,department-for-work-and-pensions-gb:national-archives, The Pathways Advisory Service: Placing employment advisers in GP surgeries ,RR494,2008,,https://webarchive.nationalarchives.gov.uk/ukgwa/20100208135735mp_/http://research.dwp.gov.uk/asd/asd5/rports2007-2008/rrep494.pdf,,,Department for Work and Pensions,England,The National Archives,Contains public sector information licensed under the Open Government Licence v3.0.,https://webarchive.nationalarchives.gov.uk/ukgwa/20160107144900/https://www.nationalarchives.gov.uk/doc/open-government-licence/version/3/,© Crown copyright,research|analysis,,,5/16/2024 1:19pm,,report,POCO,,,,,POCO_POGO|POCO_POGO_GB|POCO_POGO_GB_V1,en,United Kingdom (GB),,DWP Reports
https://webarchive.nationalarchives.gov.uk/ukgwa/20100208135427mp_/http://research.dwp.gov.uk/asd/asd5/rports2007-2008/rrep493.pdf,department-for-work-and-pensions-gb,department-for-work-and-pensions-gb:national-archives, Child support and work incentives: Prospective effects of a larger disregard in the Income Support system ,RR493,2008,,https://webarchive.nationalarchives.gov.uk/ukgwa/20100208135427mp_/http://research.dwp.gov.uk/asd/asd5/rports2007-2008/rrep493.pdf,,,Department for Work and Pensions,England,The National Archives,Contains public sector information licensed under the Open Government Licence v3.0.,https://webarchive.nationalarchives.gov.uk/ukgwa/20160107144900/https://www.nationalarchives.gov.uk/doc/open-government-licence/version/3/,© Crown copyright,research|analysis,,,5/16/2024 1:19pm,,report,POCO,,,,,POCO_POGO|POCO_POGO_GB|POCO_POGO_GB_V1,en,United Kingdom (GB),,DWP Reports
https://webarchive.nationalarchives.gov.uk/ukgwa/20100208141508mp_/http://research.dwp.gov.uk/asd/asd5/rports2007-2008/rrep492.pdf,department-for-work-and-pensions-gb,department-for-work-and-pensions-gb:national-archives, Understanding reponses to pension forecasts: Qualitative research ,RR492,2008,,https://webarchive.nationalarchives.gov.uk/ukgwa/20100208141508mp_/http://research.dwp.gov.uk/asd/asd5/rports2007-2008/rrep492.pdf,,,Department for Work and Pensions,England,The National Archives,Contains public sector information licensed under the Open Government Licence v3.0.,https://webarchive.nationalarchives.gov.uk/ukgwa/20160107144900/https://www.nationalarchives.gov.uk/doc/open-government-licence/version/3/,© Crown copyright,research|analysis,,,5/16/2024 1:19pm,,report,POCO,,,,,POCO_POGO|POCO_POGO_GB|POCO_POGO_GB_V1,en,United Kingdom (GB),,DWP Reports
https://webarchive.nationalarchives.gov.uk/ukgwa/20091212062416mp_/http://research.dwp.gov.uk/asd/asd5/rports2007-2008/rrep491.pdf,department-for-work-and-pensions-gb,department-for-work-and-pensions-gb:national-archives, Estimating ethnic parity in Jobcentre Plus programmes: A quantitative analysis using the Work and Pensions Longitudinal Study (WPLS) ,RR491,2008,,https://webarchive.nationalarchives.gov.uk/ukgwa/20091212062416mp_/http://research.dwp.gov.uk/asd/asd5/rports2007-2008/rrep491.pdf,,,Department for Work and Pensions,England,The National Archives,Contains public sector information licensed under the Open Government Licence v3.0.,https://webarchive.nationalarchives.gov.uk/ukgwa/20160107144900/https://www.nationalarchives.gov.uk/doc/open-government-licence/version/3/,© Crown copyright,research|analysis,,,5/16/2024 1:19pm,,report,POCO,,,,,POCO_POGO|POCO_POGO_GB|POCO_POGO_GB_V1,en,United Kingdom (GB),,DWP Reports
https://webarchive.nationalarchives.gov.uk/ukgwa/20091222172231mp_/http://research.dwp.gov.uk/asd/asd5/rports2007-2008/rrep490.pdf,department-for-work-and-pensions-gb,department-for-work-and-pensions-gb:national-archives, Disability Living Allowance: Disallowed claims ,RR490,2008,,https://webarchive.nationalarchives.gov.uk/ukgwa/20091222172231mp_/http://research.dwp.gov.uk/asd/asd5/rports2007-2008/rrep490.pdf,,,Department for Work and Pensions,England,The National Archives,Contains public sector information licensed under the Open Government Licence v3.0.,https://webarchive.nationalarchives.gov.uk/ukgwa/20160107144900/https://www.nationalarchives.gov.uk/doc/open-government-licence/version/3/,© Crown copyright,research|analysis,,,5/16/2024 1:19pm,,report,POCO,,,,,POCO_POGO|POCO_POGO_GB|POCO_POGO_GB_V1,en,United Kingdom (GB),,DWP Reports
https://webarchive.nationalarchives.gov.uk/ukgwa/20100208135834mp_/http://research.dwp.gov.uk/asd/asd5/rports2007-2008/rrep489.pdf,department-for-work-and-pensions-gb,department-for-work-and-pensions-gb:national-archives, Implementation and second-year impacts for lone parents in the UK Employment Retention and Advancement (ERA) demonstration ,RR489,2008,,https://webarchive.nationalarchives.gov.uk/ukgwa/20100208135834mp_/http://research.dwp.gov.uk/asd/asd5/rports2007-2008/rrep489.pdf,,,Department for Work and Pensions,England,The National Archives,Contains public sector information licensed under the Open Government Licence v3.0.,https://webarchive.nationalarchives.gov.uk/ukgwa/20160107144900/https://www.nationalarchives.gov.uk/doc/open-government-licence/version/3/,© Crown copyright,research|analysis,,,5/16/2024 1:19pm,,report,POCO,,,,,POCO_POGO|POCO_POGO_GB|POCO_POGO_GB_V1,en,United Kingdom (GB),,DWP Reports
https://webarchive.nationalarchives.gov.uk/ukgwa/20091222172300mp_/http://research.dwp.gov.uk/asd/asd5/rports2007-2008/rrep488.pdf,department-for-work-and-pensions-gb,department-for-work-and-pensions-gb:national-archives, Evidence on the effect of Pathways to Work on existing claimants ,RR488,2008,,https://webarchive.nationalarchives.gov.uk/ukgwa/20091222172300mp_/http://research.dwp.gov.uk/asd/asd5/rports2007-2008/rrep488.pdf,,,Department for Work and Pensions,England,The National Archives,Contains public sector information licensed under the Open Government Licence v3.0.,https://webarchive.nationalarchives.gov.uk/ukgwa/20160107144900/https://www.nationalarchives.gov.uk/doc/open-government-licence/version/3/,© Crown copyright,research|analysis,,,5/16/2024 1:19pm,,report,POCO,,,,,POCO_POGO|POCO_POGO_GB|POCO_POGO_GB_V1,en,United Kingdom (GB),,DWP Reports
https://webarchive.nationalarchives.gov.uk/ukgwa/20100208135749mp_/http://research.dwp.gov.uk/asd/asd5/rports2007-2008/rrep487.pdf,department-for-work-and-pensions-gb,department-for-work-and-pensions-gb:national-archives, The circumstances of persistently poor families with children: Evidence from the Families and Children Study (FACS) ,RR487,2008,,https://webarchive.nationalarchives.gov.uk/ukgwa/20100208135749mp_/http://research.dwp.gov.uk/asd/asd5/rports2007-2008/rrep487.pdf,,,Department for Work and Pensions,England,The National Archives,Contains public sector information licensed under the Open Government Licence v3.0.,https://webarchive.nationalarchives.gov.uk/ukgwa/20160107144900/https://www.nationalarchives.gov.uk/doc/open-government-licence/version/3/,© Crown copyright,research|analysis,,,5/16/2024 1:19pm,,report,POCO,,,,,POCO_POGO|POCO_POGO_GB|POCO_POGO_GB_V1,en,United Kingdom (GB),,DWP Reports
https://webarchive.nationalarchives.gov.uk/ukgwa/20100208140140mp_/http://research.dwp.gov.uk/asd/asd5/rports2007-2008/rrep486.pdf,department-for-work-and-pensions-gb,department-for-work-and-pensions-gb:national-archives, Families with children in Britain: findings from the 2006 Families and Children Study (FACS) ,RR486,2008,,https://webarchive.nationalarchives.gov.uk/ukgwa/20100208140140mp_/http://research.dwp.gov.uk/asd/asd5/rports2007-2008/rrep486.pdf,,,Department for Work and Pensions,England,The National Archives,Contains public sector information licensed under the Open Government Licence v3.0.,https://webarchive.nationalarchives.gov.uk/ukgwa/20160107144900/https://www.nationalarchives.gov.uk/doc/open-government-licence/version/3/,© Crown copyright,research|analysis,,,5/16/2024 1:19pm,,report,POCO,,,,,POCO_POGO|POCO_POGO_GB|POCO_POGO_GB_V1,en,United Kingdom (GB),,DWP Reports
https://webarchive.nationalarchives.gov.uk/ukgwa/20100208141927mp_/http://research.dwp.gov.uk/asd/asd5/rports2007-2008/rrep485.pdf,department-for-work-and-pensions-gb,department-for-work-and-pensions-gb:national-archives, Jobcentre Plus and Children‘s Centres ,RR485,2008,,https://webarchive.nationalarchives.gov.uk/ukgwa/20100208141927mp_/http://research.dwp.gov.uk/asd/asd5/rports2007-2008/rrep485.pdf,,,Department for Work and Pensions,England,The National Archives,Contains public sector information licensed under the Open Government Licence v3.0.,https://webarchive.nationalarchives.gov.uk/ukgwa/20160107144900/https://www.nationalarchives.gov.uk/doc/open-government-licence/version/3/,© Crown copyright,research|analysis,,,5/16/2024 1:19pm,,report,POCO,,,,,POCO_POGO|POCO_POGO_GB|POCO_POGO_GB_V1,en,United Kingdom (GB),,DWP Reports
https://webarchive.nationalarchives.gov.uk/ukgwa/20100208140237mp_/http://research.dwp.gov.uk/asd/asd5/rports2007-2008/rrep484.pdf,department-for-work-and-pensions-gb,department-for-work-and-pensions-gb:national-archives," The New Deal for Lone Parents, Lone Parent Work Focused Interviews and Working Families‘ Tax Credit: A review of impacts ",RR484,2008,,https://webarchive.nationalarchives.gov.uk/ukgwa/20100208140237mp_/http://research.dwp.gov.uk/asd/asd5/rports2007-2008/rrep484.pdf,,,Department for Work and Pensions,England,The National Archives,Contains public sector information licensed under the Open Government Licence v3.0.,https://webarchive.nationalarchives.gov.uk/ukgwa/20160107144900/https://www.nationalarchives.gov.uk/doc/open-government-licence/version/3/,© Crown copyright,research|analysis,,,5/16/2024 1:19pm,,report,POCO,,,,,POCO_POGO|POCO_POGO_GB|POCO_POGO_GB_V1,en,United Kingdom (GB),,DWP Reports
https://webarchive.nationalarchives.gov.uk/ukgwa/20091212062418mp_/http://research.dwp.gov.uk/asd/asd5/rports2007-2008/rrep483.pdf,department-for-work-and-pensions-gb,department-for-work-and-pensions-gb:national-archives, The business case for Equal Opportunities: An econometric investigation ,RR483,2008,,https://webarchive.nationalarchives.gov.uk/ukgwa/20091212062418mp_/http://research.dwp.gov.uk/asd/asd5/rports2007-2008/rrep483.pdf,,,Department for Work and Pensions,England,The National Archives,Contains public sector information licensed under the Open Government Licence v3.0.,https://webarchive.nationalarchives.gov.uk/ukgwa/20160107144900/https://www.nationalarchives.gov.uk/doc/open-government-licence/version/3/,© Crown copyright,research|analysis,,,5/16/2024 1:19pm,,report,POCO,,,,,POCO_POGO|POCO_POGO_GB|POCO_POGO_GB_V1,en,United Kingdom (GB),,DWP Reports
https://webarchive.nationalarchives.gov.uk/ukgwa/20100208141355mp_/http://research.dwp.gov.uk/asd/asd5/rports2007-2008/rrep482.pdf,department-for-work-and-pensions-gb,department-for-work-and-pensions-gb:national-archives, Social housing and worklessness: Key policy messages ,RR482,2008,,https://webarchive.nationalarchives.gov.uk/ukgwa/20100208141355mp_/http://research.dwp.gov.uk/asd/asd5/rports2007-2008/rrep482.pdf,,,Department for Work and Pensions,England,The National Archives,Contains public sector information licensed under the Open Government Licence v3.0.,https://webarchive.nationalarchives.gov.uk/ukgwa/20160107144900/https://www.nationalarchives.gov.uk/doc/open-government-licence/version/3/,© Crown copyright,research|analysis,,,5/16/2024 1:19pm,,report,POCO,,,,,POCO_POGO|POCO_POGO_GB|POCO_POGO_GB_V1,en,United Kingdom (GB),,DWP Reports
https://webarchive.nationalarchives.gov.uk/ukgwa/20100208134937mp_/http://research.dwp.gov.uk/asd/asd5/rports2007-2008/rrep481.pdf,department-for-work-and-pensions-gb,department-for-work-and-pensions-gb:national-archives, Analysis of the choices and constraints questions on the Families and Children Study ,RR481,2008,,https://webarchive.nationalarchives.gov.uk/ukgwa/20100208134937mp_/http://research.dwp.gov.uk/asd/asd5/rports2007-2008/rrep481.pdf,,,Department for Work and Pensions,England,The National Archives,Contains public sector information licensed under the Open Government Licence v3.0.,https://webarchive.nationalarchives.gov.uk/ukgwa/20160107144900/https://www.nationalarchives.gov.uk/doc/open-government-licence/version/3/,© Crown copyright,research|analysis,,,5/16/2024 1:19pm,,report,POCO,,,,,POCO_POGO|POCO_POGO_GB|POCO_POGO_GB_V1,en,United Kingdom (GB),,DWP Reports
https://webarchive.nationalarchives.gov.uk/ukgwa/20100208141525mp_/http://research.dwp.gov.uk/asd/asd5/rports2007-2008/rrep480.pdf,department-for-work-and-pensions-gb,department-for-work-and-pensions-gb:national-archives, Jobcentre Plus Customer Satisfaction Survey 2007 ,RR480,2008,,https://webarchive.nationalarchives.gov.uk/ukgwa/20100208141525mp_/http://research.dwp.gov.uk/asd/asd5/rports2007-2008/rrep480.pdf,,,Department for Work and Pensions,England,The National Archives,Contains public sector information licensed under the Open Government Licence v3.0.,https://webarchive.nationalarchives.gov.uk/ukgwa/20160107144900/https://www.nationalarchives.gov.uk/doc/open-government-licence/version/3/,© Crown copyright,research|analysis,,,5/16/2024 1:19pm,,report,POCO,,,,,POCO_POGO|POCO_POGO_GB|POCO_POGO_GB_V1,en,United Kingdom (GB),,DWP Reports
https://webarchive.nationalarchives.gov.uk/ukgwa/20100208135209mp_/http://research.dwp.gov.uk/asd/asd5/rports2007-2008/rrep479.pdf,department-for-work-and-pensions-gb,department-for-work-and-pensions-gb:national-archives, Evaluation of the GP Education Pilot: Health and Work in General Practice ,RR479,2008,,https://webarchive.nationalarchives.gov.uk/ukgwa/20100208135209mp_/http://research.dwp.gov.uk/asd/asd5/rports2007-2008/rrep479.pdf,,,Department for Work and Pensions,England,The National Archives,Contains public sector information licensed under the Open Government Licence v3.0.,https://webarchive.nationalarchives.gov.uk/ukgwa/20160107144900/https://www.nationalarchives.gov.uk/doc/open-government-licence/version/3/,© Crown copyright,research|analysis,,,5/16/2024 1:19pm,,report,POCO,,,,,POCO_POGO|POCO_POGO_GB|POCO_POGO_GB_V1,en,United Kingdom (GB),,DWP Reports
https://webarchive.nationalarchives.gov.uk/ukgwa/20091222174639mp_/http://research.dwp.gov.uk/asd/asd5/rports2007-2008/rrep478.pdf,department-for-work-and-pensions-gb,department-for-work-and-pensions-gb:national-archives, Pathways to Work: Qualitative study of in-work support ,RR478,2008,,https://webarchive.nationalarchives.gov.uk/ukgwa/20091222174639mp_/http://research.dwp.gov.uk/asd/asd5/rports2007-2008/rrep478.pdf,,,Department for Work and Pensions,England,The National Archives,Contains public sector information licensed under the Open Government Licence v3.0.,https://webarchive.nationalarchives.gov.uk/ukgwa/20160107144900/https://www.nationalarchives.gov.uk/doc/open-government-licence/version/3/,© Crown copyright,research|analysis,,,5/16/2024 1:19pm,,report,POCO,,,,,POCO_POGO|POCO_POGO_GB|POCO_POGO_GB_V1,en,United Kingdom (GB),,DWP Reports
https://webarchive.nationalarchives.gov.uk/ukgwa/20100208140928mp_/http://research.dwp.gov.uk/asd/asd5/rports2007-2008/rrep477.pdf,department-for-work-and-pensions-gb,department-for-work-and-pensions-gb:national-archives, Building a coherent strategy for engagement: Deliberative research with employers ,RR477,2008,,https://webarchive.nationalarchives.gov.uk/ukgwa/20100208140928mp_/http://research.dwp.gov.uk/asd/asd5/rports2007-2008/rrep477.pdf,,,Department for Work and Pensions,England,The National Archives,Contains public sector information licensed under the Open Government Licence v3.0.,https://webarchive.nationalarchives.gov.uk/ukgwa/20160107144900/https://www.nationalarchives.gov.uk/doc/open-government-licence/version/3/,© Crown copyright,research|analysis,,,5/16/2024 1:19pm,,report,POCO,,,,,POCO_POGO|POCO_POGO_GB|POCO_POGO_GB_V1,en,United Kingdom (GB),,DWP Reports
https://webarchive.nationalarchives.gov.uk/ukgwa/20100208140104mp_/http://research.dwp.gov.uk/asd/asd5/rports2007-2008/rrep475.pdf,department-for-work-and-pensions-gb,department-for-work-and-pensions-gb:national-archives, Qualitative research exploring the Pathways to Work sanctions regime ,RR475,2008,,https://webarchive.nationalarchives.gov.uk/ukgwa/20100208140104mp_/http://research.dwp.gov.uk/asd/asd5/rports2007-2008/rrep475.pdf,,,Department for Work and Pensions,England,The National Archives,Contains public sector information licensed under the Open Government Licence v3.0.,https://webarchive.nationalarchives.gov.uk/ukgwa/20160107144900/https://www.nationalarchives.gov.uk/doc/open-government-licence/version/3/,© Crown copyright,research|analysis,,,5/16/2024 1:19pm,,report,POCO,,,,,POCO_POGO|POCO_POGO_GB|POCO_POGO_GB_V1,en,United Kingdom (GB),,DWP Reports
https://webarchive.nationalarchives.gov.uk/ukgwa/20100208140621mp_/http://research.dwp.gov.uk/asd/asd5/rports2007-2008/rrep474.pdf,department-for-work-and-pensions-gb,department-for-work-and-pensions-gb:national-archives, Pathways to Work from incapacity benefits: A study of experience and use of the Job Preparation Premium ,RR474,2008,,https://webarchive.nationalarchives.gov.uk/ukgwa/20100208140621mp_/http://research.dwp.gov.uk/asd/asd5/rports2007-2008/rrep474.pdf,,,Department for Work and Pensions,England,The National Archives,Contains public sector information licensed under the Open Government Licence v3.0.,https://webarchive.nationalarchives.gov.uk/ukgwa/20160107144900/https://www.nationalarchives.gov.uk/doc/open-government-licence/version/3/,© Crown copyright,research|analysis,,,5/16/2024 1:19pm,,report,POCO,,,,,POCO_POGO|POCO_POGO_GB|POCO_POGO_GB_V1,en,United Kingdom (GB),,DWP Reports
https://webarchive.nationalarchives.gov.uk/ukgwa/20100208135406mp_/http://research.dwp.gov.uk/asd/asd5/rports2007-2008/rrep473.pdf,department-for-work-and-pensions-gb,department-for-work-and-pensions-gb:national-archives, The effectiveness of European Social Fund Objective 3 Global Grants in increasing the employability of the most disadvantaged ,RR473,2008,,https://webarchive.nationalarchives.gov.uk/ukgwa/20100208135406mp_/http://research.dwp.gov.uk/asd/asd5/rports2007-2008/rrep473.pdf,,,Department for Work and Pensions,England,The National Archives,Contains public sector information licensed under the Open Government Licence v3.0.,https://webarchive.nationalarchives.gov.uk/ukgwa/20160107144900/https://www.nationalarchives.gov.uk/doc/open-government-licence/version/3/,© Crown copyright,research|analysis,,,5/16/2024 1:19pm,,report,POCO,,,,,POCO_POGO|POCO_POGO_GB|POCO_POGO_GB_V1,en,United Kingdom (GB),,DWP Reports
https://webarchive.nationalarchives.gov.uk/ukgwa/20100208135647mp_/http://research.dwp.gov.uk/asd/asd5/rports2007-2008/rrep472.pdf,department-for-work-and-pensions-gb,department-for-work-and-pensions-gb:national-archives, Factors influencing the inter- and intra-class mobility of Jobcentre Plus customers: a case study approach ,RR472,2008,,https://webarchive.nationalarchives.gov.uk/ukgwa/20100208135647mp_/http://research.dwp.gov.uk/asd/asd5/rports2007-2008/rrep472.pdf,,,Department for Work and Pensions,England,The National Archives,Contains public sector information licensed under the Open Government Licence v3.0.,https://webarchive.nationalarchives.gov.uk/ukgwa/20160107144900/https://www.nationalarchives.gov.uk/doc/open-government-licence/version/3/,© Crown copyright,research|analysis,,,5/16/2024 1:19pm,,report,POCO,,,,,POCO_POGO|POCO_POGO_GB|POCO_POGO_GB_V1,en,United Kingdom (GB),,DWP Reports
https://webarchive.nationalarchives.gov.uk/ukgwa/20100208140034mp_/http://research.dwp.gov.uk/asd/asd5/rports2007-2008/rrep471.pdf,department-for-work-and-pensions-gb,department-for-work-and-pensions-gb:national-archives, Child Support Agency client insight research ,RR471,2008,,https://webarchive.nationalarchives.gov.uk/ukgwa/20100208140034mp_/http://research.dwp.gov.uk/asd/asd5/rports2007-2008/rrep471.pdf,,,Department for Work and Pensions,England,The National Archives,Contains public sector information licensed under the Open Government Licence v3.0.,https://webarchive.nationalarchives.gov.uk/ukgwa/20160107144900/https://www.nationalarchives.gov.uk/doc/open-government-licence/version/3/,© Crown copyright,research|analysis,,,5/16/2024 1:19pm,,report,POCO,,,,,POCO_POGO|POCO_POGO_GB|POCO_POGO_GB_V1,en,United Kingdom (GB),,DWP Reports
https://webarchive.nationalarchives.gov.uk/ukgwa/20100208135131mp_/http://research.dwp.gov.uk/asd/asd5/rports2007-2008/rrep470.pdf,department-for-work-and-pensions-gb,department-for-work-and-pensions-gb:national-archives, Local Authority Omnibus Wave Fifteen ,RR470,2008,,https://webarchive.nationalarchives.gov.uk/ukgwa/20100208135131mp_/http://research.dwp.gov.uk/asd/asd5/rports2007-2008/rrep470.pdf,,,Department for Work and Pensions,England,The National Archives,Contains public sector information licensed under the Open Government Licence v3.0.,https://webarchive.nationalarchives.gov.uk/ukgwa/20160107144900/https://www.nationalarchives.gov.uk/doc/open-government-licence/version/3/,© Crown copyright,research|analysis,,,5/16/2024 1:19pm,,report,POCO,,,,,POCO_POGO|POCO_POGO_GB|POCO_POGO_GB_V1,en,United Kingdom (GB),,DWP Reports
https://webarchive.nationalarchives.gov.uk/ukgwa/20100208141550mp_/http://research.dwp.gov.uk/asd/asd5/rports2007-2008/rrep469.pdf,department-for-work-and-pensions-gb,department-for-work-and-pensions-gb:national-archives, Routes onto Incapacity Benefit: Findings from a survey of recent claimants ,RR469,2008,,https://webarchive.nationalarchives.gov.uk/ukgwa/20100208141550mp_/http://research.dwp.gov.uk/asd/asd5/rports2007-2008/rrep469.pdf,,,Department for Work and Pensions,England,The National Archives,Contains public sector information licensed under the Open Government Licence v3.0.,https://webarchive.nationalarchives.gov.uk/ukgwa/20160107144900/https://www.nationalarchives.gov.uk/doc/open-government-licence/version/3/,© Crown copyright,research|analysis,,,5/16/2024 1:19pm,,report,POCO,,,,,POCO_POGO|POCO_POGO_GB|POCO_POGO_GB_V1,en,United Kingdom (GB),,DWP Reports
https://webarchive.nationalarchives.gov.uk/ukgwa/20100208141027mp_/http://research.dwp.gov.uk/asd/asd5/rports2007-2008/rrep467.pdf,department-for-work-and-pensions-gb,department-for-work-and-pensions-gb:national-archives, Mothers participation in paid work: the role of mini-jobs ,RR467,2008,,https://webarchive.nationalarchives.gov.uk/ukgwa/20100208141027mp_/http://research.dwp.gov.uk/asd/asd5/rports2007-2008/rrep467.pdf,,,Department for Work and Pensions,England,The National Archives,Contains public sector information licensed under the Open Government Licence v3.0.,https://webarchive.nationalarchives.gov.uk/ukgwa/20160107144900/https://www.nationalarchives.gov.uk/doc/open-government-licence/version/3/,© Crown copyright,research|analysis,,,5/16/2024 1:19pm,,report,POCO,,,,,POCO_POGO|POCO_POGO_GB|POCO_POGO_GB_V1,en,United Kingdom (GB),,DWP Reports
https://webarchive.nationalarchives.gov.uk/ukgwa/20100208141139mp_/http://research.dwp.gov.uk/asd/asd5/rports2007-2008/LifeChancesReport.pdf,department-for-work-and-pensions-gb,department-for-work-and-pensions-gb:national-archives,Life Chances: Supporting people to get on in the labour market ,,2008,,https://webarchive.nationalarchives.gov.uk/ukgwa/20100208141139mp_/http://research.dwp.gov.uk/asd/asd5/rports2007-2008/LifeChancesReport.pdf,,,Department for Work and Pensions,England,The National Archives,Contains public sector information licensed under the Open Government Licence v3.0.,https://webarchive.nationalarchives.gov.uk/ukgwa/20160107144900/https://www.nationalarchives.gov.uk/doc/open-government-licence/version/3/,© Crown copyright,research|analysis,,,5/16/2024 1:19pm,,report,POCO,,,,,POCO_POGO|POCO_POGO_GB|POCO_POGO_GB_V1,en,United Kingdom (GB),,DWP Reports
https://webarchive.nationalarchives.gov.uk/ukgwa/20100208140408mp_/http://research.dwp.gov.uk/asd/asd5/rports2007-2008/rrep468.pdf,department-for-work-and-pensions-gb,department-for-work-and-pensions-gb:national-archives, Survey of relationship breakdown and child maintenance: Interim report ,RR468,2007,,https://webarchive.nationalarchives.gov.uk/ukgwa/20100208140408mp_/http://research.dwp.gov.uk/asd/asd5/rports2007-2008/rrep468.pdf,,,Department for Work and Pensions,England,The National Archives,Contains public sector information licensed under the Open Government Licence v3.0.,https://webarchive.nationalarchives.gov.uk/ukgwa/20160107144900/https://www.nationalarchives.gov.uk/doc/open-government-licence/version/3/,© Crown copyright,research|analysis,,,5/16/2024 1:19pm,,report,POCO,,,,,POCO_POGO|POCO_POGO_GB|POCO_POGO_GB_V1,en,United Kingdom (GB),,DWP Reports
https://webarchive.nationalarchives.gov.uk/ukgwa/20100208141047mp_/http://research.dwp.gov.uk/asd/asd5/rports2007-2008/rrep466.pdf,department-for-work-and-pensions-gb,department-for-work-and-pensions-gb:national-archives, Contracting out welfare to work in the USA: delivery lessons ,RR466,2007,,https://webarchive.nationalarchives.gov.uk/ukgwa/20100208141047mp_/http://research.dwp.gov.uk/asd/asd5/rports2007-2008/rrep466.pdf,,,Department for Work and Pensions,England,The National Archives,Contains public sector information licensed under the Open Government Licence v3.0.,https://webarchive.nationalarchives.gov.uk/ukgwa/20160107144900/https://www.nationalarchives.gov.uk/doc/open-government-licence/version/3/,© Crown copyright,research|analysis,,,5/16/2024 1:19pm,,report,POCO,,,,,POCO_POGO|POCO_POGO_GB|POCO_POGO_GB_V1,en,United Kingdom (GB),,DWP Reports
https://webarchive.nationalarchives.gov.uk/ukgwa/20100208135200mp_/http://research.dwp.gov.uk/asd/asd5/rports2007-2008/rrep465.pdf,department-for-work-and-pensions-gb,department-for-work-and-pensions-gb:national-archives, Benefits administration performance ,RR465,2007,,https://webarchive.nationalarchives.gov.uk/ukgwa/20100208135200mp_/http://research.dwp.gov.uk/asd/asd5/rports2007-2008/rrep465.pdf,,,Department for Work and Pensions,England,The National Archives,Contains public sector information licensed under the Open Government Licence v3.0.,https://webarchive.nationalarchives.gov.uk/ukgwa/20160107144900/https://www.nationalarchives.gov.uk/doc/open-government-licence/version/3/,© Crown copyright,research|analysis,,,5/16/2024 1:19pm,,report,POCO,,,,,POCO_POGO|POCO_POGO_GB|POCO_POGO_GB_V1,en,United Kingdom (GB),,DWP Reports
https://webarchive.nationalarchives.gov.uk/ukgwa/20100208140901mp_/http://research.dwp.gov.uk/asd/asd5/rports2007-2008/rrep464.pdf,department-for-work-and-pensions-gb,department-for-work-and-pensions-gb:national-archives, progress2work and progress2work- LinkUP: an exploratory study to assess evaluation possibilities ,RR464,2007,,https://webarchive.nationalarchives.gov.uk/ukgwa/20100208140901mp_/http://research.dwp.gov.uk/asd/asd5/rports2007-2008/rrep464.pdf,,,Department for Work and Pensions,England,The National Archives,Contains public sector information licensed under the Open Government Licence v3.0.,https://webarchive.nationalarchives.gov.uk/ukgwa/20160107144900/https://www.nationalarchives.gov.uk/doc/open-government-licence/version/3/,© Crown copyright,research|analysis,,,5/16/2024 1:19pm,,report,POCO,,,,,POCO_POGO|POCO_POGO_GB|POCO_POGO_GB_V1,en,United Kingdom (GB),,DWP Reports
https://webarchive.nationalarchives.gov.uk/ukgwa/20100208140905mp_/http://research.dwp.gov.uk/asd/asd5/rports2007-2008/rrep463.pdf,department-for-work-and-pensions-gb,department-for-work-and-pensions-gb:national-archives," Sole and joint birth registration: Exploring the circumstances, choices and motivations of unmarried parents ",RR463,2007,,https://webarchive.nationalarchives.gov.uk/ukgwa/20100208140905mp_/http://research.dwp.gov.uk/asd/asd5/rports2007-2008/rrep463.pdf,,,Department for Work and Pensions,England,The National Archives,Contains public sector information licensed under the Open Government Licence v3.0.,https://webarchive.nationalarchives.gov.uk/ukgwa/20160107144900/https://www.nationalarchives.gov.uk/doc/open-government-licence/version/3/,© Crown copyright,research|analysis,,,5/16/2024 1:19pm,,report,POCO,,,,,POCO_POGO|POCO_POGO_GB|POCO_POGO_GB_V1,en,United Kingdom (GB),,DWP Reports
https://webarchive.nationalarchives.gov.uk/ukgwa/20100208141745mp_/http://research.dwp.gov.uk/asd/asd5/rports2007-2008/rrep462.pdf,department-for-work-and-pensions-gb,department-for-work-and-pensions-gb:national-archives, Job Outcome Target National Evaluation ,RR462,2007,,https://webarchive.nationalarchives.gov.uk/ukgwa/20100208141745mp_/http://research.dwp.gov.uk/asd/asd5/rports2007-2008/rrep462.pdf,,,Department for Work and Pensions,England,The National Archives,Contains public sector information licensed under the Open Government Licence v3.0.,https://webarchive.nationalarchives.gov.uk/ukgwa/20160107144900/https://www.nationalarchives.gov.uk/doc/open-government-licence/version/3/,© Crown copyright,research|analysis,,,5/16/2024 1:19pm,,report,POCO,,,,,POCO_POGO|POCO_POGO_GB|POCO_POGO_GB_V1,en,United Kingdom (GB),,DWP Reports
https://webarchive.nationalarchives.gov.uk/ukgwa/20100208141339mp_/http://research.dwp.gov.uk/asd/asd5/rports2007-2008/rrep461.pdf,department-for-work-and-pensions-gb,department-for-work-and-pensions-gb:national-archives," Health, disability, caring and employment ",RR461,2007,,https://webarchive.nationalarchives.gov.uk/ukgwa/20100208141339mp_/http://research.dwp.gov.uk/asd/asd5/rports2007-2008/rrep461.pdf,,,Department for Work and Pensions,England,The National Archives,Contains public sector information licensed under the Open Government Licence v3.0.,https://webarchive.nationalarchives.gov.uk/ukgwa/20160107144900/https://www.nationalarchives.gov.uk/doc/open-government-licence/version/3/,© Crown copyright,research|analysis,,,5/16/2024 1:19pm,,report,POCO,,,,,POCO_POGO|POCO_POGO_GB|POCO_POGO_GB_V1,en,United Kingdom (GB),,DWP Reports
https://webarchive.nationalarchives.gov.uk/ukgwa/20100208135652mp_/http://research.dwp.gov.uk/asd/asd5/rports2007-2008/rrep460.pdf,department-for-work-and-pensions-gb,department-for-work-and-pensions-gb:national-archives, Disability and caring among families with children ,RR460,2007,,https://webarchive.nationalarchives.gov.uk/ukgwa/20100208135652mp_/http://research.dwp.gov.uk/asd/asd5/rports2007-2008/rrep460.pdf,,,Department for Work and Pensions,England,The National Archives,Contains public sector information licensed under the Open Government Licence v3.0.,https://webarchive.nationalarchives.gov.uk/ukgwa/20160107144900/https://www.nationalarchives.gov.uk/doc/open-government-licence/version/3/,© Crown copyright,research|analysis,,,5/16/2024 1:19pm,,report,POCO,,,,,POCO_POGO|POCO_POGO_GB|POCO_POGO_GB_V1,en,United Kingdom (GB),,DWP Reports
https://webarchive.nationalarchives.gov.uk/ukgwa/20100208141743mp_/http://research.dwp.gov.uk/asd/asd5/rports2007-2008/rrep459.pdf,department-for-work-and-pensions-gb,department-for-work-and-pensions-gb:national-archives, Skills diagnostics and screening tools: A literature review ,RR459,2007,,https://webarchive.nationalarchives.gov.uk/ukgwa/20100208141743mp_/http://research.dwp.gov.uk/asd/asd5/rports2007-2008/rrep459.pdf,,,Department for Work and Pensions,England,The National Archives,Contains public sector information licensed under the Open Government Licence v3.0.,https://webarchive.nationalarchives.gov.uk/ukgwa/20160107144900/https://www.nationalarchives.gov.uk/doc/open-government-licence/version/3/,© Crown copyright,research|analysis,,,5/16/2024 1:19pm,,report,POCO,,,,,POCO_POGO|POCO_POGO_GB|POCO_POGO_GB_V1,en,United Kingdom (GB),,DWP Reports
https://webarchive.nationalarchives.gov.uk/ukgwa/20091212062415mp_/http://research.dwp.gov.uk/asd/asd5/rports2007-2008/rrep458.pdf,department-for-work-and-pensions-gb,department-for-work-and-pensions-gb:national-archives, Pakistani and Bangladeshi women’s attitudes to work and family ,RR458,2007,,https://webarchive.nationalarchives.gov.uk/ukgwa/20091212062415mp_/http://research.dwp.gov.uk/asd/asd5/rports2007-2008/rrep458.pdf,,,Department for Work and Pensions,England,The National Archives,Contains public sector information licensed under the Open Government Licence v3.0.,https://webarchive.nationalarchives.gov.uk/ukgwa/20160107144900/https://www.nationalarchives.gov.uk/doc/open-government-licence/version/3/,© Crown copyright,research|analysis,,,5/16/2024 1:19pm,,report,POCO,,,,,POCO_POGO|POCO_POGO_GB|POCO_POGO_GB_V1,en,United Kingdom (GB),,DWP Reports
https://webarchive.nationalarchives.gov.uk/ukgwa/20100208140405mp_/http://research.dwp.gov.uk/asd/asd5/rports2007-2008/rrep457.pdf,department-for-work-and-pensions-gb,department-for-work-and-pensions-gb:national-archives, Achieving good reporting of changes in circumstances ,RR457,2007,,https://webarchive.nationalarchives.gov.uk/ukgwa/20100208140405mp_/http://research.dwp.gov.uk/asd/asd5/rports2007-2008/rrep457.pdf,,,Department for Work and Pensions,England,The National Archives,Contains public sector information licensed under the Open Government Licence v3.0.,https://webarchive.nationalarchives.gov.uk/ukgwa/20160107144900/https://www.nationalarchives.gov.uk/doc/open-government-licence/version/3/,© Crown copyright,research|analysis,,,5/16/2024 1:19pm,,report,POCO,,,,,POCO_POGO|POCO_POGO_GB|POCO_POGO_GB_V1,en,United Kingdom (GB),,DWP Reports
https://webarchive.nationalarchives.gov.uk/ukgwa/20100208135757mp_/http://research.dwp.gov.uk/asd/asd5/rports2007-2008/rrep456.pdf,department-for-work-and-pensions-gb,department-for-work-and-pensions-gb:national-archives, Pathways to Work: customer experience and outcomes ,RR456,2007,,https://webarchive.nationalarchives.gov.uk/ukgwa/20100208135757mp_/http://research.dwp.gov.uk/asd/asd5/rports2007-2008/rrep456.pdf,,,Department for Work and Pensions,England,The National Archives,Contains public sector information licensed under the Open Government Licence v3.0.,https://webarchive.nationalarchives.gov.uk/ukgwa/20160107144900/https://www.nationalarchives.gov.uk/doc/open-government-licence/version/3/,© Crown copyright,research|analysis,,,5/16/2024 1:19pm,,report,POCO,,,,,POCO_POGO|POCO_POGO_GB|POCO_POGO_GB_V1,en,United Kingdom (GB),,DWP Reports
https://webarchive.nationalarchives.gov.uk/ukgwa/20091222172300mp_/http://research.dwp.gov.uk/asd/asd5/rports2007-2008/rrep455.pdf,department-for-work-and-pensions-gb,department-for-work-and-pensions-gb:national-archives, Employer responses to an ageing workforce: a qualitative study ,RR455,2007,,https://webarchive.nationalarchives.gov.uk/ukgwa/20091222172300mp_/http://research.dwp.gov.uk/asd/asd5/rports2007-2008/rrep455.pdf,,,Department for Work and Pensions,England,The National Archives,Contains public sector information licensed under the Open Government Licence v3.0.,https://webarchive.nationalarchives.gov.uk/ukgwa/20160107144900/https://www.nationalarchives.gov.uk/doc/open-government-licence/version/3/,© Crown copyright,research|analysis,,,5/16/2024 1:19pm,,report,POCO,,,,,POCO_POGO|POCO_POGO_GB|POCO_POGO_GB_V1,en,United Kingdom (GB),,DWP Reports
https://webarchive.nationalarchives.gov.uk/ukgwa/20100208134942mp_/http://research.dwp.gov.uk/asd/asd5/rports2007-2008/rrep454.pdf,department-for-work-and-pensions-gb,department-for-work-and-pensions-gb:national-archives, Review of the Advisory Services Model ,RR454,2007,,https://webarchive.nationalarchives.gov.uk/ukgwa/20100208134942mp_/http://research.dwp.gov.uk/asd/asd5/rports2007-2008/rrep454.pdf,,,Department for Work and Pensions,England,The National Archives,Contains public sector information licensed under the Open Government Licence v3.0.,https://webarchive.nationalarchives.gov.uk/ukgwa/20160107144900/https://www.nationalarchives.gov.uk/doc/open-government-licence/version/3/,© Crown copyright,research|analysis,,,5/16/2024 1:19pm,,report,POCO,,,,,POCO_POGO|POCO_POGO_GB|POCO_POGO_GB_V1,en,United Kingdom (GB),,DWP Reports
https://webarchive.nationalarchives.gov.uk/ukgwa/20100208135503mp_/http://research.dwp.gov.uk/asd/asd5/rports2007-2008/rrep453.pdf,department-for-work-and-pensions-gb,department-for-work-and-pensions-gb:national-archives, Review of the Adviser Achievement Tool ,RR453,2007,,https://webarchive.nationalarchives.gov.uk/ukgwa/20100208135503mp_/http://research.dwp.gov.uk/asd/asd5/rports2007-2008/rrep453.pdf,,,Department for Work and Pensions,England,The National Archives,Contains public sector information licensed under the Open Government Licence v3.0.,https://webarchive.nationalarchives.gov.uk/ukgwa/20160107144900/https://www.nationalarchives.gov.uk/doc/open-government-licence/version/3/,© Crown copyright,research|analysis,,,5/16/2024 1:19pm,,report,POCO,,,,,POCO_POGO|POCO_POGO_GB|POCO_POGO_GB_V1,en,United Kingdom (GB),,DWP Reports
https://webarchive.nationalarchives.gov.uk/ukgwa/20100208135518mp_/http://research.dwp.gov.uk/asd/asd5/rports2007-2008/rrep452.pdf,department-for-work-and-pensions-gb,department-for-work-and-pensions-gb:national-archives, Partnership transitions and mothers’ employment ,RR452,2007,,https://webarchive.nationalarchives.gov.uk/ukgwa/20100208135518mp_/http://research.dwp.gov.uk/asd/asd5/rports2007-2008/rrep452.pdf,,,Department for Work and Pensions,England,The National Archives,Contains public sector information licensed under the Open Government Licence v3.0.,https://webarchive.nationalarchives.gov.uk/ukgwa/20160107144900/https://www.nationalarchives.gov.uk/doc/open-government-licence/version/3/,© Crown copyright,research|analysis,,,5/16/2024 1:19pm,,report,POCO,,,,,POCO_POGO|POCO_POGO_GB|POCO_POGO_GB_V1,en,United Kingdom (GB),,DWP Reports
https://webarchive.nationalarchives.gov.uk/ukgwa/20100208140728mp_/http://research.dwp.gov.uk/asd/asd5/rports2007-2008/rrep451.pdf,department-for-work-and-pensions-gb,department-for-work-and-pensions-gb:national-archives, Disadvantage Marker Study ,RR451,2007,,https://webarchive.nationalarchives.gov.uk/ukgwa/20100208140728mp_/http://research.dwp.gov.uk/asd/asd5/rports2007-2008/rrep451.pdf,,,Department for Work and Pensions,England,The National Archives,Contains public sector information licensed under the Open Government Licence v3.0.,https://webarchive.nationalarchives.gov.uk/ukgwa/20160107144900/https://www.nationalarchives.gov.uk/doc/open-government-licence/version/3/,© Crown copyright,research|analysis,,,5/16/2024 1:19pm,,report,POCO,,,,,POCO_POGO|POCO_POGO_GB|POCO_POGO_GB_V1,en,United Kingdom (GB),,DWP Reports
https://webarchive.nationalarchives.gov.uk/ukgwa/20100208141324mp_/http://research.dwp.gov.uk/asd/asd5/rports2007-2008/rrep450.pdf,department-for-work-and-pensions-gb,department-for-work-and-pensions-gb:national-archives, Factors influencing social mobility ,RR450,2007,,https://webarchive.nationalarchives.gov.uk/ukgwa/20100208141324mp_/http://research.dwp.gov.uk/asd/asd5/rports2007-2008/rrep450.pdf,,,Department for Work and Pensions,England,The National Archives,Contains public sector information licensed under the Open Government Licence v3.0.,https://webarchive.nationalarchives.gov.uk/ukgwa/20160107144900/https://www.nationalarchives.gov.uk/doc/open-government-licence/version/3/,© Crown copyright,research|analysis,,,5/16/2024 1:19pm,,report,POCO,,,,,POCO_POGO|POCO_POGO_GB|POCO_POGO_GB_V1,en,United Kingdom (GB),,DWP Reports
https://webarchive.nationalarchives.gov.uk/ukgwa/20100208140454mp_/http://research.dwp.gov.uk/asd/asd5/rports2007-2008/rrep449.pdf,department-for-work-and-pensions-gb,department-for-work-and-pensions-gb:national-archives, Synthesising the evidence on Employment Zones ,RR449,2007,,https://webarchive.nationalarchives.gov.uk/ukgwa/20100208140454mp_/http://research.dwp.gov.uk/asd/asd5/rports2007-2008/rrep449.pdf,,,Department for Work and Pensions,England,The National Archives,Contains public sector information licensed under the Open Government Licence v3.0.,https://webarchive.nationalarchives.gov.uk/ukgwa/20160107144900/https://www.nationalarchives.gov.uk/doc/open-government-licence/version/3/,© Crown copyright,research|analysis,,,5/16/2024 1:19pm,,report,POCO,,,,,POCO_POGO|POCO_POGO_GB|POCO_POGO_GB_V1,en,United Kingdom (GB),,DWP Reports
https://webarchive.nationalarchives.gov.uk/ukgwa/20100208134956mp_/http://research.dwp.gov.uk/asd/asd5/rports2007-2008/rrep448.pdf,department-for-work-and-pensions-gb,department-for-work-and-pensions-gb:national-archives, Evaluation of Residential Training provision ,RR448,2007,,https://webarchive.nationalarchives.gov.uk/ukgwa/20100208134956mp_/http://research.dwp.gov.uk/asd/asd5/rports2007-2008/rrep448.pdf,,,Department for Work and Pensions,England,The National Archives,Contains public sector information licensed under the Open Government Licence v3.0.,https://webarchive.nationalarchives.gov.uk/ukgwa/20160107144900/https://www.nationalarchives.gov.uk/doc/open-government-licence/version/3/,© Crown copyright,research|analysis,,,5/16/2024 1:19pm,,report,POCO,,,,,POCO_POGO|POCO_POGO_GB|POCO_POGO_GB_V1,en,United Kingdom (GB),,DWP Reports
https://webarchive.nationalarchives.gov.uk/ukgwa/20100208135609mp_/http://research.dwp.gov.uk/asd/asd5/rports2007-2008/rrep447.pdf,department-for-work-and-pensions-gb,department-for-work-and-pensions-gb:national-archives, Evaluation of Automatic State Pension Forecasts ,RR447,2007,,https://webarchive.nationalarchives.gov.uk/ukgwa/20100208135609mp_/http://research.dwp.gov.uk/asd/asd5/rports2007-2008/rrep447.pdf,,,Department for Work and Pensions,England,The National Archives,Contains public sector information licensed under the Open Government Licence v3.0.,https://webarchive.nationalarchives.gov.uk/ukgwa/20160107144900/https://www.nationalarchives.gov.uk/doc/open-government-licence/version/3/,© Crown copyright,research|analysis,,,5/16/2024 1:19pm,,report,POCO,,,,,POCO_POGO|POCO_POGO_GB|POCO_POGO_GB_V1,en,United Kingdom (GB),,DWP Reports
https://webarchive.nationalarchives.gov.uk/ukgwa/20100208140302mp_/http://research.dwp.gov.uk/asd/asd5/rports2007-2008/rrep446.pdf,department-for-work-and-pensions-gb,department-for-work-and-pensions-gb:national-archives, The use of Jobcentre Plus telephony and face-to-face first contact services by customers with specific communication barriers ,RR446,2007,,https://webarchive.nationalarchives.gov.uk/ukgwa/20100208140302mp_/http://research.dwp.gov.uk/asd/asd5/rports2007-2008/rrep446.pdf,,,Department for Work and Pensions,England,The National Archives,Contains public sector information licensed under the Open Government Licence v3.0.,https://webarchive.nationalarchives.gov.uk/ukgwa/20160107144900/https://www.nationalarchives.gov.uk/doc/open-government-licence/version/3/,© Crown copyright,research|analysis,,,5/16/2024 1:19pm,,report,POCO,,,,,POCO_POGO|POCO_POGO_GB|POCO_POGO_GB_V1,en,United Kingdom (GB),,DWP Reports
https://webarchive.nationalarchives.gov.uk/ukgwa/20100208140222mp_/http://research.dwp.gov.uk/asd/asd5/rports2007-2008/rrep445.pdf,department-for-work-and-pensions-gb,department-for-work-and-pensions-gb:national-archives, Qualitative assessment of Jobcentre Plus delivery of Jobseeker’s Allowance and New Deal interventions ,RR445,2007,,https://webarchive.nationalarchives.gov.uk/ukgwa/20100208140222mp_/http://research.dwp.gov.uk/asd/asd5/rports2007-2008/rrep445.pdf,,,Department for Work and Pensions,England,The National Archives,Contains public sector information licensed under the Open Government Licence v3.0.,https://webarchive.nationalarchives.gov.uk/ukgwa/20160107144900/https://www.nationalarchives.gov.uk/doc/open-government-licence/version/3/,© Crown copyright,research|analysis,,,5/16/2024 1:19pm,,report,POCO,,,,,POCO_POGO|POCO_POGO_GB|POCO_POGO_GB_V1,en,United Kingdom (GB),,DWP Reports
https://webarchive.nationalarchives.gov.uk/ukgwa/20100208135502mp_/http://research.dwp.gov.uk/asd/asd5/rports2007-2008/rrep444.pdf,department-for-work-and-pensions-gb,department-for-work-and-pensions-gb:national-archives, Child Maintenance Redesign Survey: Indications of future behaviours and choices ,RR444,2007,,https://webarchive.nationalarchives.gov.uk/ukgwa/20100208135502mp_/http://research.dwp.gov.uk/asd/asd5/rports2007-2008/rrep444.pdf,,,Department for Work and Pensions,England,The National Archives,Contains public sector information licensed under the Open Government Licence v3.0.,https://webarchive.nationalarchives.gov.uk/ukgwa/20160107144900/https://www.nationalarchives.gov.uk/doc/open-government-licence/version/3/,© Crown copyright,research|analysis,,,5/16/2024 1:19pm,,report,POCO,,,,,POCO_POGO|POCO_POGO_GB|POCO_POGO_GB_V1,en,United Kingdom (GB),,DWP Reports
https://webarchive.nationalarchives.gov.uk/ukgwa/20100208134750mp_/http://research.dwp.gov.uk/asd/asd5/rports2007-2008/rrep443.pdf,department-for-work-and-pensions-gb,department-for-work-and-pensions-gb:national-archives, Lone Parent Work Focused Interviews: Synthesis of findings ,RR443,2007,,https://webarchive.nationalarchives.gov.uk/ukgwa/20100208134750mp_/http://research.dwp.gov.uk/asd/asd5/rports2007-2008/rrep443.pdf,,,Department for Work and Pensions,England,The National Archives,Contains public sector information licensed under the Open Government Licence v3.0.,https://webarchive.nationalarchives.gov.uk/ukgwa/20160107144900/https://www.nationalarchives.gov.uk/doc/open-government-licence/version/3/,© Crown copyright,research|analysis,,,5/16/2024 1:19pm,,report,POCO,,,,,POCO_POGO|POCO_POGO_GB|POCO_POGO_GB_V1,en,United Kingdom (GB),,DWP Reports
https://webarchive.nationalarchives.gov.uk/ukgwa/20100208135210mp_/http://research.dwp.gov.uk/asd/asd5/rports2007-2008/rrep442.pdf,department-for-work-and-pensions-gb,department-for-work-and-pensions-gb:national-archives, The take-up rate of Disability Living Allowance and Attendance Allowance: Feasibility study ,RR442,2007,,https://webarchive.nationalarchives.gov.uk/ukgwa/20100208135210mp_/http://research.dwp.gov.uk/asd/asd5/rports2007-2008/rrep442.pdf,,,Department for Work and Pensions,England,The National Archives,Contains public sector information licensed under the Open Government Licence v3.0.,https://webarchive.nationalarchives.gov.uk/ukgwa/20160107144900/https://www.nationalarchives.gov.uk/doc/open-government-licence/version/3/,© Crown copyright,research|analysis,,,5/16/2024 1:19pm,,report,POCO,,,,,POCO_POGO|POCO_POGO_GB|POCO_POGO_GB_V1,en,United Kingdom (GB),,DWP Reports
https://webarchive.nationalarchives.gov.uk/ukgwa/20100208140247mp_/http://research.dwp.gov.uk/asd/asd5/rports2007-2008/rrep441.pdf,department-for-work-and-pensions-gb,department-for-work-and-pensions-gb:national-archives, Helping older people engage with benefits and services: an evaluation of the Partnership Fund ,RR441,2007,,https://webarchive.nationalarchives.gov.uk/ukgwa/20100208140247mp_/http://research.dwp.gov.uk/asd/asd5/rports2007-2008/rrep441.pdf,,,Department for Work and Pensions,England,The National Archives,Contains public sector information licensed under the Open Government Licence v3.0.,https://webarchive.nationalarchives.gov.uk/ukgwa/20160107144900/https://www.nationalarchives.gov.uk/doc/open-government-licence/version/3/,© Crown copyright,research|analysis,,,5/16/2024 1:19pm,,report,POCO,,,,,POCO_POGO|POCO_POGO_GB|POCO_POGO_GB_V1,en,United Kingdom (GB),,DWP Reports
https://webarchive.nationalarchives.gov.uk/ukgwa/20100208142203mp_/http://research.dwp.gov.uk/asd/asd5/rports2007-2008/rrep439.pdf,department-for-work-and-pensions-gb,department-for-work-and-pensions-gb:national-archives, Knowing and understanding Disability and Carers Service customers ,RR439,2007,,https://webarchive.nationalarchives.gov.uk/ukgwa/20100208142203mp_/http://research.dwp.gov.uk/asd/asd5/rports2007-2008/rrep439.pdf,,,Department for Work and Pensions,England,The National Archives,Contains public sector information licensed under the Open Government Licence v3.0.,https://webarchive.nationalarchives.gov.uk/ukgwa/20160107144900/https://www.nationalarchives.gov.uk/doc/open-government-licence/version/3/,© Crown copyright,research|analysis,,,5/16/2024 1:19pm,,report,POCO,,,,,POCO_POGO|POCO_POGO_GB|POCO_POGO_GB_V1,en,United Kingdom (GB),,DWP Reports
https://webarchive.nationalarchives.gov.uk/ukgwa/20100208140615mp_/http://research.dwp.gov.uk/asd/asd5/rports2007-2008/rrep438.pdf,department-for-work-and-pensions-gb,department-for-work-and-pensions-gb:national-archives," Live now, save later? Young people, saving and pensions ",RR438,2007,,https://webarchive.nationalarchives.gov.uk/ukgwa/20100208140615mp_/http://research.dwp.gov.uk/asd/asd5/rports2007-2008/rrep438.pdf,,,Department for Work and Pensions,England,The National Archives,Contains public sector information licensed under the Open Government Licence v3.0.,https://webarchive.nationalarchives.gov.uk/ukgwa/20160107144900/https://www.nationalarchives.gov.uk/doc/open-government-licence/version/3/,© Crown copyright,research|analysis,,,5/16/2024 1:19pm,,report,POCO,,,,,POCO_POGO|POCO_POGO_GB|POCO_POGO_GB_V1,en,United Kingdom (GB),,DWP Reports
https://webarchive.nationalarchives.gov.uk/ukgwa/20100208140207mp_/http://research.dwp.gov.uk/asd/asd5/rports2007-2008/rrep436.pdf,department-for-work-and-pensions-gb,department-for-work-and-pensions-gb:national-archives, Qualitative evaluation of the Telephone Intervention Pilot ,RR436,2007,,https://webarchive.nationalarchives.gov.uk/ukgwa/20100208140207mp_/http://research.dwp.gov.uk/asd/asd5/rports2007-2008/rrep436.pdf,,,Department for Work and Pensions,England,The National Archives,Contains public sector information licensed under the Open Government Licence v3.0.,https://webarchive.nationalarchives.gov.uk/ukgwa/20160107144900/https://www.nationalarchives.gov.uk/doc/open-government-licence/version/3/,© Crown copyright,research|analysis,,,5/16/2024 1:19pm,,report,POCO,,,,,POCO_POGO|POCO_POGO_GB|POCO_POGO_GB_V1,en,United Kingdom (GB),,DWP Reports
https://webarchive.nationalarchives.gov.uk/ukgwa/20100208142013mp_/http://research.dwp.gov.uk/asd/asd5/rports2007-2008/rrep435.pdf,department-for-work-and-pensions-gb,department-for-work-and-pensions-gb:national-archives, The impact of Pathways to Work ,RR435,2007,,https://webarchive.nationalarchives.gov.uk/ukgwa/20100208142013mp_/http://research.dwp.gov.uk/asd/asd5/rports2007-2008/rrep435.pdf,,,Department for Work and Pensions,England,The National Archives,Contains public sector information licensed under the Open Government Licence v3.0.,https://webarchive.nationalarchives.gov.uk/ukgwa/20160107144900/https://www.nationalarchives.gov.uk/doc/open-government-licence/version/3/,© Crown copyright,research|analysis,,,5/16/2024 1:19pm,,report,POCO,,,,,POCO_POGO|POCO_POGO_GB|POCO_POGO_GB_V1,en,United Kingdom (GB),,DWP Reports
https://webarchive.nationalarchives.gov.uk/ukgwa/20100208141655mp_/http://research.dwp.gov.uk/asd/asd5/rports2007-2008/rrep434.pdf,department-for-work-and-pensions-gb,department-for-work-and-pensions-gb:national-archives, Attitudes to pensions: The 2006 survey ,RR434,2007,,https://webarchive.nationalarchives.gov.uk/ukgwa/20100208141655mp_/http://research.dwp.gov.uk/asd/asd5/rports2007-2008/rrep434.pdf,,,Department for Work and Pensions,England,The National Archives,Contains public sector information licensed under the Open Government Licence v3.0.,https://webarchive.nationalarchives.gov.uk/ukgwa/20160107144900/https://www.nationalarchives.gov.uk/doc/open-government-licence/version/3/,© Crown copyright,research|analysis,,,5/16/2024 1:19pm,,report,POCO,,,,,POCO_POGO|POCO_POGO_GB|POCO_POGO_GB_V1,en,United Kingdom (GB),,DWP Reports
https://webarchive.nationalarchives.gov.uk/ukgwa/20100208134742mp_/http://research.dwp.gov.uk/asd/asd5/rports2007-2008/rrep433.pdf,department-for-work-and-pensions-gb,department-for-work-and-pensions-gb:national-archives, Evaluation of the macroeconomic impact of Jobcentre Plus and Jobseeker’s Allowance New Deals: a feasibility study ,RR433,2007,,https://webarchive.nationalarchives.gov.uk/ukgwa/20100208134742mp_/http://research.dwp.gov.uk/asd/asd5/rports2007-2008/rrep433.pdf,,,Department for Work and Pensions,England,The National Archives,Contains public sector information licensed under the Open Government Licence v3.0.,https://webarchive.nationalarchives.gov.uk/ukgwa/20160107144900/https://www.nationalarchives.gov.uk/doc/open-government-licence/version/3/,© Crown copyright,research|analysis,,,5/16/2024 1:19pm,,report,POCO,,,,,POCO_POGO|POCO_POGO_GB|POCO_POGO_GB_V1,en,United Kingdom (GB),,DWP Reports
https://webarchive.nationalarchives.gov.uk/ukgwa/20100208140847mp_/http://research.dwp.gov.uk/asd/asd5/rports2007-2008/rrep432.pdf,department-for-work-and-pensions-gb,department-for-work-and-pensions-gb:national-archives, Long-term impacts of the New Deal for Disabled People ,RR432,2007,,https://webarchive.nationalarchives.gov.uk/ukgwa/20100208140847mp_/http://research.dwp.gov.uk/asd/asd5/rports2007-2008/rrep432.pdf,,,Department for Work and Pensions,England,The National Archives,Contains public sector information licensed under the Open Government Licence v3.0.,https://webarchive.nationalarchives.gov.uk/ukgwa/20160107144900/https://www.nationalarchives.gov.uk/doc/open-government-licence/version/3/,© Crown copyright,research|analysis,,,5/16/2024 1:19pm,,report,POCO,,,,,POCO_POGO|POCO_POGO_GB|POCO_POGO_GB_V1,en,United Kingdom (GB),,DWP Reports
https://webarchive.nationalarchives.gov.uk/ukgwa/20091222172300mp_/http://research.dwp.gov.uk/asd/asd5/rports2007-2008/rrep431.pdf,department-for-work-and-pensions-gb,department-for-work-and-pensions-gb:national-archives, Evaluation of the New Deal for Disabled People: The cost and cost-benefit analyses ,RR431,2007,,https://webarchive.nationalarchives.gov.uk/ukgwa/20091222172300mp_/http://research.dwp.gov.uk/asd/asd5/rports2007-2008/rrep431.pdf,,,Department for Work and Pensions,England,The National Archives,Contains public sector information licensed under the Open Government Licence v3.0.,https://webarchive.nationalarchives.gov.uk/ukgwa/20160107144900/https://www.nationalarchives.gov.uk/doc/open-government-licence/version/3/,© Crown copyright,research|analysis,,,5/16/2024 1:19pm,,report,POCO,,,,,POCO_POGO|POCO_POGO_GB|POCO_POGO_GB_V1,en,United Kingdom (GB),,DWP Reports
https://webarchive.nationalarchives.gov.uk/ukgwa/20100208140718mp_/http://research.dwp.gov.uk/asd/asd5/rports2007-2008/rrep430.pdf,department-for-work-and-pensions-gb,department-for-work-and-pensions-gb:national-archives, New Deal for Disabled People: Third synthesis report – key findings from the evaluation ,RR430,2007,,https://webarchive.nationalarchives.gov.uk/ukgwa/20100208140718mp_/http://research.dwp.gov.uk/asd/asd5/rports2007-2008/rrep430.pdf,,,Department for Work and Pensions,England,The National Archives,Contains public sector information licensed under the Open Government Licence v3.0.,https://webarchive.nationalarchives.gov.uk/ukgwa/20160107144900/https://www.nationalarchives.gov.uk/doc/open-government-licence/version/3/,© Crown copyright,research|analysis,,,5/16/2024 1:19pm,,report,POCO,,,,,POCO_POGO|POCO_POGO_GB|POCO_POGO_GB_V1,en,United Kingdom (GB),,DWP Reports
https://webarchive.nationalarchives.gov.uk/ukgwa/20100208141450mp_/http://research.dwp.gov.uk/asd/asd5/rports2007-2008/rrep429.pdf,department-for-work-and-pensions-gb,department-for-work-and-pensions-gb:national-archives, Landlords’ responses to the Disability Discrimination Act ,RR429,2007,,https://webarchive.nationalarchives.gov.uk/ukgwa/20100208141450mp_/http://research.dwp.gov.uk/asd/asd5/rports2007-2008/rrep429.pdf,,,Department for Work and Pensions,England,The National Archives,Contains public sector information licensed under the Open Government Licence v3.0.,https://webarchive.nationalarchives.gov.uk/ukgwa/20160107144900/https://www.nationalarchives.gov.uk/doc/open-government-licence/version/3/,© Crown copyright,research|analysis,,,5/16/2024 1:19pm,,report,POCO,,,,,POCO_POGO|POCO_POGO_GB|POCO_POGO_GB_V1,en,United Kingdom (GB),,DWP Reports
https://webarchive.nationalarchives.gov.uk/ukgwa/20100208135139mp_/http://research.dwp.gov.uk/asd/asd5/rports2007-2008/rrep428.pdf,department-for-work-and-pensions-gb,department-for-work-and-pensions-gb:national-archives, Evaluation of the Fair Cities Pilots 2006 Second Interim Report ,RR428,2007,,https://webarchive.nationalarchives.gov.uk/ukgwa/20100208135139mp_/http://research.dwp.gov.uk/asd/asd5/rports2007-2008/rrep428.pdf,,,Department for Work and Pensions,England,The National Archives,Contains public sector information licensed under the Open Government Licence v3.0.,https://webarchive.nationalarchives.gov.uk/ukgwa/20160107144900/https://www.nationalarchives.gov.uk/doc/open-government-licence/version/3/,© Crown copyright,research|analysis,,,5/16/2024 1:19pm,,report,POCO,,,,,POCO_POGO|POCO_POGO_GB|POCO_POGO_GB_V1,en,United Kingdom (GB),,DWP Reports
https://webarchive.nationalarchives.gov.uk/ukgwa/20100208134758mp_/http://research.dwp.gov.uk/asd/asd5/rports2007-2008/rrep427.pdf,department-for-work-and-pensions-gb,department-for-work-and-pensions-gb:national-archives, DWP project on the feasibility of SSP data collection ,RR427,2007,,https://webarchive.nationalarchives.gov.uk/ukgwa/20100208134758mp_/http://research.dwp.gov.uk/asd/asd5/rports2007-2008/rrep427.pdf,,,Department for Work and Pensions,England,The National Archives,Contains public sector information licensed under the Open Government Licence v3.0.,https://webarchive.nationalarchives.gov.uk/ukgwa/20160107144900/https://www.nationalarchives.gov.uk/doc/open-government-licence/version/3/,© Crown copyright,research|analysis,,,5/16/2024 1:19pm,,report,POCO,,,,,POCO_POGO|POCO_POGO_GB|POCO_POGO_GB_V1,en,United Kingdom (GB),,DWP Reports
https://webarchive.nationalarchives.gov.uk/ukgwa/20100208141226mp_/http://research.dwp.gov.uk/asd/asd5/rports2007-2008/rrep426.pdf,department-for-work-and-pensions-gb,department-for-work-and-pensions-gb:national-archives, New Deal Plus for Lone Parents qualitative evaluation ,RR426,2007,,https://webarchive.nationalarchives.gov.uk/ukgwa/20100208141226mp_/http://research.dwp.gov.uk/asd/asd5/rports2007-2008/rrep426.pdf,,,Department for Work and Pensions,England,The National Archives,Contains public sector information licensed under the Open Government Licence v3.0.,https://webarchive.nationalarchives.gov.uk/ukgwa/20160107144900/https://www.nationalarchives.gov.uk/doc/open-government-licence/version/3/,© Crown copyright,research|analysis,,,5/16/2024 1:19pm,,report,POCO,,,,,POCO_POGO|POCO_POGO_GB|POCO_POGO_GB_V1,en,United Kingdom (GB),,DWP Reports
https://webarchive.nationalarchives.gov.uk/ukgwa/20100208140440mp_/http://research.dwp.gov.uk/asd/asd5/rports2007-2008/rrep425.pdf,department-for-work-and-pensions-gb,department-for-work-and-pensions-gb:national-archives, The International Pension Centre Customer Survey 2006 ,RR425,2007,,https://webarchive.nationalarchives.gov.uk/ukgwa/20100208140440mp_/http://research.dwp.gov.uk/asd/asd5/rports2007-2008/rrep425.pdf,,,Department for Work and Pensions,England,The National Archives,Contains public sector information licensed under the Open Government Licence v3.0.,https://webarchive.nationalarchives.gov.uk/ukgwa/20160107144900/https://www.nationalarchives.gov.uk/doc/open-government-licence/version/3/,© Crown copyright,research|analysis,,,5/16/2024 1:19pm,,report,POCO,,,,,POCO_POGO|POCO_POGO_GB|POCO_POGO_GB_V1,en,United Kingdom (GB),,DWP Reports
https://webarchive.nationalarchives.gov.uk/ukgwa/20091222172300mp_/http://research.dwp.gov.uk/asd/asd5/rports2007-2008/rrep424.pdf,department-for-work-and-pensions-gb,department-for-work-and-pensions-gb:national-archives, Families with children in Britain: findings from the 2005 Families and Children Study (FACS) ,RR424,2007,,https://webarchive.nationalarchives.gov.uk/ukgwa/20091222172300mp_/http://research.dwp.gov.uk/asd/asd5/rports2007-2008/rrep424.pdf,,,Department for Work and Pensions,England,The National Archives,Contains public sector information licensed under the Open Government Licence v3.0.,https://webarchive.nationalarchives.gov.uk/ukgwa/20160107144900/https://www.nationalarchives.gov.uk/doc/open-government-licence/version/3/,© Crown copyright,research|analysis,,,5/16/2024 1:19pm,,report,POCO,,,,,POCO_POGO|POCO_POGO_GB|POCO_POGO_GB_V1,en,United Kingdom (GB),,DWP Reports
https://webarchive.nationalarchives.gov.uk/ukgwa/20100208140147mp_/http://research.dwp.gov.uk/asd/asd5/rports2007-2008/rrep423.pdf,department-for-work-and-pensions-gb,department-for-work-and-pensions-gb:national-archives," The Lone Parents Pilots: A qualitative evaluation of Quarterly Work Focused Interviews (12+), Work Search Premium and In Work Credit ",RR423,2007,,https://webarchive.nationalarchives.gov.uk/ukgwa/20100208140147mp_/http://research.dwp.gov.uk/asd/asd5/rports2007-2008/rrep423.pdf,,,Department for Work and Pensions,England,The National Archives,Contains public sector information licensed under the Open Government Licence v3.0.,https://webarchive.nationalarchives.gov.uk/ukgwa/20160107144900/https://www.nationalarchives.gov.uk/doc/open-government-licence/version/3/,© Crown copyright,research|analysis,,,5/16/2024 1:19pm,,report,POCO,,,,,POCO_POGO|POCO_POGO_GB|POCO_POGO_GB_V1,en,United Kingdom (GB),,DWP Reports
https://webarchive.nationalarchives.gov.uk/ukgwa/20100208135336mp_/http://research.dwp.gov.uk/asd/asd5/rports2007-2008/rrep422.pdf,department-for-work-and-pensions-gb,department-for-work-and-pensions-gb:national-archives, Evaluation of the Standard Operating Model new and repeat claims process review pilot ,RR422,2007,,https://webarchive.nationalarchives.gov.uk/ukgwa/20100208135336mp_/http://research.dwp.gov.uk/asd/asd5/rports2007-2008/rrep422.pdf,,,Department for Work and Pensions,England,The National Archives,Contains public sector information licensed under the Open Government Licence v3.0.,https://webarchive.nationalarchives.gov.uk/ukgwa/20160107144900/https://www.nationalarchives.gov.uk/doc/open-government-licence/version/3/,© Crown copyright,research|analysis,,,5/16/2024 1:19pm,,report,POCO,,,,,POCO_POGO|POCO_POGO_GB|POCO_POGO_GB_V1,en,United Kingdom (GB),,DWP Reports
https://webarchive.nationalarchives.gov.uk/ukgwa/20100208141805mp_/http://research.dwp.gov.uk/asd/asd5/rports2007-2008/rrep421.pdf,department-for-work-and-pensions-gb,department-for-work-and-pensions-gb:national-archives, Evaluation of the Standard Operating Model new and repeat claims process review pilot - Synthesis report ,RR421,2007,,https://webarchive.nationalarchives.gov.uk/ukgwa/20100208141805mp_/http://research.dwp.gov.uk/asd/asd5/rports2007-2008/rrep421.pdf,,,Department for Work and Pensions,England,The National Archives,Contains public sector information licensed under the Open Government Licence v3.0.,https://webarchive.nationalarchives.gov.uk/ukgwa/20160107144900/https://www.nationalarchives.gov.uk/doc/open-government-licence/version/3/,© Crown copyright,research|analysis,,,5/16/2024 1:19pm,,report,POCO,,,,,POCO_POGO|POCO_POGO_GB|POCO_POGO_GB_V1,en,United Kingdom (GB),,DWP Reports
https://webarchive.nationalarchives.gov.uk/ukgwa/20100208141206mp_/http://research.dwp.gov.uk/asd/asd5/rports2007-2008/rrep420.pdf,department-for-work-and-pensions-gb,department-for-work-and-pensions-gb:national-archives, Customers' experiences of the Independent Case Examiner Prototype: Qualitative research ,RR420,2007,,https://webarchive.nationalarchives.gov.uk/ukgwa/20100208141206mp_/http://research.dwp.gov.uk/asd/asd5/rports2007-2008/rrep420.pdf,,,Department for Work and Pensions,England,The National Archives,Contains public sector information licensed under the Open Government Licence v3.0.,https://webarchive.nationalarchives.gov.uk/ukgwa/20160107144900/https://www.nationalarchives.gov.uk/doc/open-government-licence/version/3/,© Crown copyright,research|analysis,,,5/16/2024 1:19pm,,report,POCO,,,,,POCO_POGO|POCO_POGO_GB|POCO_POGO_GB_V1,en,United Kingdom (GB),,DWP Reports
https://webarchive.nationalarchives.gov.uk/ukgwa/20100208135727mp_/http://research.dwp.gov.uk/asd/asd5/rports2007-2008/rrep419.pdf,department-for-work-and-pensions-gb,department-for-work-and-pensions-gb:national-archives, DWP Employers Survey ,RR419,2007,,https://webarchive.nationalarchives.gov.uk/ukgwa/20100208135727mp_/http://research.dwp.gov.uk/asd/asd5/rports2007-2008/rrep419.pdf,,,Department for Work and Pensions,England,The National Archives,Contains public sector information licensed under the Open Government Licence v3.0.,https://webarchive.nationalarchives.gov.uk/ukgwa/20160107144900/https://www.nationalarchives.gov.uk/doc/open-government-licence/version/3/,© Crown copyright,research|analysis,,,5/16/2024 1:19pm,,report,POCO,,,,,POCO_POGO|POCO_POGO_GB|POCO_POGO_GB_V1,en,United Kingdom (GB),,DWP Reports
https://webarchive.nationalarchives.gov.uk/ukgwa/20100208141331mp_/http://research.dwp.gov.uk/asd/asd5/rports2007-2008/rrep418.pdf,department-for-work-and-pensions-gb,department-for-work-and-pensions-gb:national-archives, Pathways to Work: Extension to existing customers (matched case study) ,RR418,2007,,https://webarchive.nationalarchives.gov.uk/ukgwa/20100208141331mp_/http://research.dwp.gov.uk/asd/asd5/rports2007-2008/rrep418.pdf,,,Department for Work and Pensions,England,The National Archives,Contains public sector information licensed under the Open Government Licence v3.0.,https://webarchive.nationalarchives.gov.uk/ukgwa/20160107144900/https://www.nationalarchives.gov.uk/doc/open-government-licence/version/3/,© Crown copyright,research|analysis,,,5/16/2024 1:19pm,,report,POCO,,,,,POCO_POGO|POCO_POGO_GB|POCO_POGO_GB_V1,en,United Kingdom (GB),,DWP Reports
https://webarchive.nationalarchives.gov.uk/ukgwa/20100208141109mp_/http://research.dwp.gov.uk/asd/asd5/rports2007-2008/rrep417.pdf,department-for-work-and-pensions-gb,department-for-work-and-pensions-gb:national-archives, Work Focused Interviews for Partners and enhanced New Deal for Partners evaluation: Synthesis of findings ,RR417,2007,,https://webarchive.nationalarchives.gov.uk/ukgwa/20100208141109mp_/http://research.dwp.gov.uk/asd/asd5/rports2007-2008/rrep417.pdf,,,Department for Work and Pensions,England,The National Archives,Contains public sector information licensed under the Open Government Licence v3.0.,https://webarchive.nationalarchives.gov.uk/ukgwa/20160107144900/https://www.nationalarchives.gov.uk/doc/open-government-licence/version/3/,© Crown copyright,research|analysis,,,5/16/2024 1:19pm,,report,POCO,,,,,POCO_POGO|POCO_POGO_GB|POCO_POGO_GB_V1,en,United Kingdom (GB),,DWP Reports
https://webarchive.nationalarchives.gov.uk/ukgwa/20100208141011mp_/http://research.dwp.gov.uk/asd/asd5/rports2007-2008/rrep416.pdf,department-for-work-and-pensions-gb,department-for-work-and-pensions-gb:national-archives, Persistent employment disadvantage ,RR416,2007,,https://webarchive.nationalarchives.gov.uk/ukgwa/20100208141011mp_/http://research.dwp.gov.uk/asd/asd5/rports2007-2008/rrep416.pdf,,,Department for Work and Pensions,England,The National Archives,Contains public sector information licensed under the Open Government Licence v3.0.,https://webarchive.nationalarchives.gov.uk/ukgwa/20160107144900/https://www.nationalarchives.gov.uk/doc/open-government-licence/version/3/,© Crown copyright,research|analysis,,,5/16/2024 1:19pm,,report,POCO,,,,,POCO_POGO|POCO_POGO_GB|POCO_POGO_GB_V1,en,United Kingdom (GB),,DWP Reports
https://webarchive.nationalarchives.gov.uk/ukgwa/20100208134743mp_/http://research.dwp.gov.uk/asd/asd5/rports2007-2008/rrep415.pdf,department-for-work-and-pensions-gb,department-for-work-and-pensions-gb:national-archives," The lone parent pilots after 12 to 24 months: an impact assessment of In-Work Credit, Work Search Premium, Extended Schools Childcare, Quarterly Work Focused Interviews and New Deal Plus for Lone Parents ",RR415,2007,,https://webarchive.nationalarchives.gov.uk/ukgwa/20100208134743mp_/http://research.dwp.gov.uk/asd/asd5/rports2007-2008/rrep415.pdf,,,Department for Work and Pensions,England,The National Archives,Contains public sector information licensed under the Open Government Licence v3.0.,https://webarchive.nationalarchives.gov.uk/ukgwa/20160107144900/https://www.nationalarchives.gov.uk/doc/open-government-licence/version/3/,© Crown copyright,research|analysis,,,5/16/2024 1:19pm,,report,POCO,,,,,POCO_POGO|POCO_POGO_GB|POCO_POGO_GB_V1,en,United Kingdom (GB),,DWP Reports
https://webarchive.nationalarchives.gov.uk/ukgwa/20100208135314mp_/http://research.dwp.gov.uk/asd/asd5/rports2007-2008/rrep414.pdf,department-for-work-and-pensions-gb,department-for-work-and-pensions-gb:national-archives, Local Authority Omnibus Survey Wave 13 ,RR414,2007,,https://webarchive.nationalarchives.gov.uk/ukgwa/20100208135314mp_/http://research.dwp.gov.uk/asd/asd5/rports2007-2008/rrep414.pdf,,,Department for Work and Pensions,England,The National Archives,Contains public sector information licensed under the Open Government Licence v3.0.,https://webarchive.nationalarchives.gov.uk/ukgwa/20160107144900/https://www.nationalarchives.gov.uk/doc/open-government-licence/version/3/,© Crown copyright,research|analysis,,,5/16/2024 1:19pm,,report,POCO,,,,,POCO_POGO|POCO_POGO_GB|POCO_POGO_GB_V1,en,United Kingdom (GB),,DWP Reports
https://webarchive.nationalarchives.gov.uk/ukgwa/20100208141829mp_/http://research.dwp.gov.uk/asd/asd5/rports2007-2008/rrep413.pdf,department-for-work-and-pensions-gb,department-for-work-and-pensions-gb:national-archives, Needs and preferences among moderate to low earners for retirement information online: small-scale qualitative research ,RR413,2007,,https://webarchive.nationalarchives.gov.uk/ukgwa/20100208141829mp_/http://research.dwp.gov.uk/asd/asd5/rports2007-2008/rrep413.pdf,,,Department for Work and Pensions,England,The National Archives,Contains public sector information licensed under the Open Government Licence v3.0.,https://webarchive.nationalarchives.gov.uk/ukgwa/20160107144900/https://www.nationalarchives.gov.uk/doc/open-government-licence/version/3/,© Crown copyright,research|analysis,,,5/16/2024 1:19pm,,report,POCO,,,,,POCO_POGO|POCO_POGO_GB|POCO_POGO_GB_V1,en,United Kingdom (GB),,DWP Reports
https://webarchive.nationalarchives.gov.uk/ukgwa/20100208140821mp_/http://research.dwp.gov.uk/asd/asd5/rports2007-2008/rrep412.pdf,department-for-work-and-pensions-gb,department-for-work-and-pensions-gb:national-archives, Implementation and first-year impacts of the UK Employment Retention and Advancement (ERA) demonstration ,RR412,2007,,https://webarchive.nationalarchives.gov.uk/ukgwa/20100208140821mp_/http://research.dwp.gov.uk/asd/asd5/rports2007-2008/rrep412.pdf,,,Department for Work and Pensions,England,The National Archives,Contains public sector information licensed under the Open Government Licence v3.0.,https://webarchive.nationalarchives.gov.uk/ukgwa/20160107144900/https://www.nationalarchives.gov.uk/doc/open-government-licence/version/3/,© Crown copyright,research|analysis,,,5/16/2024 1:19pm,,report,POCO,,,,,POCO_POGO|POCO_POGO_GB|POCO_POGO_GB_V1,en,United Kingdom (GB),,DWP Reports
https://webarchive.nationalarchives.gov.uk/ukgwa/20100208141909mp_/http://research.dwp.gov.uk/asd/asd5/rports2007-2008/rrep411.pdf,department-for-work-and-pensions-gb,department-for-work-and-pensions-gb:national-archives, Evaluation of the Working Neighbourhoods Pilot: Final report ,RR411,2007,,https://webarchive.nationalarchives.gov.uk/ukgwa/20100208141909mp_/http://research.dwp.gov.uk/asd/asd5/rports2007-2008/rrep411.pdf,,,Department for Work and Pensions,England,The National Archives,Contains public sector information licensed under the Open Government Licence v3.0.,https://webarchive.nationalarchives.gov.uk/ukgwa/20160107144900/https://www.nationalarchives.gov.uk/doc/open-government-licence/version/3/,© Crown copyright,research|analysis,,,5/16/2024 1:19pm,,report,POCO,,,,,POCO_POGO|POCO_POGO_GB|POCO_POGO_GB_V1,en,United Kingdom (GB),,DWP Reports
https://webarchive.nationalarchives.gov.uk/ukgwa/20100208141444mp_/http://research.dwp.gov.uk/asd/asd5/rports2007-2008/rrep410.pdf,department-for-work-and-pensions-gb,department-for-work-and-pensions-gb:national-archives, Organisations' responses to the Disability Discrimination Act ,RR410,2007,,https://webarchive.nationalarchives.gov.uk/ukgwa/20100208141444mp_/http://research.dwp.gov.uk/asd/asd5/rports2007-2008/rrep410.pdf,,,Department for Work and Pensions,England,The National Archives,Contains public sector information licensed under the Open Government Licence v3.0.,https://webarchive.nationalarchives.gov.uk/ukgwa/20160107144900/https://www.nationalarchives.gov.uk/doc/open-government-licence/version/3/,© Crown copyright,research|analysis,,,5/16/2024 1:19pm,,report,POCO,,,,,POCO_POGO|POCO_POGO_GB|POCO_POGO_GB_V1,en,United Kingdom (GB),,DWP Reports
https://webarchive.nationalarchives.gov.uk/ukgwa/20091222172300mp_/http://research.dwp.gov.uk/asd/asd5/rports2007-2008/rrep409.pdf,department-for-work-and-pensions-gb,department-for-work-and-pensions-gb:national-archives, Working with JOT 18 months on: Qualitative research in former Option 1 Pilot Districts ,RR409,2007,,https://webarchive.nationalarchives.gov.uk/ukgwa/20091222172300mp_/http://research.dwp.gov.uk/asd/asd5/rports2007-2008/rrep409.pdf,,,Department for Work and Pensions,England,The National Archives,Contains public sector information licensed under the Open Government Licence v3.0.,https://webarchive.nationalarchives.gov.uk/ukgwa/20160107144900/https://www.nationalarchives.gov.uk/doc/open-government-licence/version/3/,© Crown copyright,research|analysis,,,5/16/2024 1:19pm,,report,POCO,,,,,POCO_POGO|POCO_POGO_GB|POCO_POGO_GB_V1,en,United Kingdom (GB),,DWP Reports
https://webarchive.nationalarchives.gov.uk/ukgwa/20100208135830mp_/http://research.dwp.gov.uk/asd/asd5/rports2007-2008/rrep408.pdf,department-for-work-and-pensions-gb,department-for-work-and-pensions-gb:national-archives, New Deal for Lone Parents: Non-participation qualitative research ,RR408,2007,,https://webarchive.nationalarchives.gov.uk/ukgwa/20100208135830mp_/http://research.dwp.gov.uk/asd/asd5/rports2007-2008/rrep408.pdf,,,Department for Work and Pensions,England,The National Archives,Contains public sector information licensed under the Open Government Licence v3.0.,https://webarchive.nationalarchives.gov.uk/ukgwa/20160107144900/https://www.nationalarchives.gov.uk/doc/open-government-licence/version/3/,© Crown copyright,research|analysis,,,5/16/2024 1:19pm,,report,POCO,,,,,POCO_POGO|POCO_POGO_GB|POCO_POGO_GB_V1,en,United Kingdom (GB),,DWP Reports
https://webarchive.nationalarchives.gov.uk/ukgwa/20100208140240mp_/http://research.dwp.gov.uk/asd/asd5/rports2007-2008/rrep407.pdf,department-for-work-and-pensions-gb,department-for-work-and-pensions-gb:national-archives, What works for whom? A review of evidence and meta-analysis for the Department for Work and Pensions ,RR407,2007,,https://webarchive.nationalarchives.gov.uk/ukgwa/20100208140240mp_/http://research.dwp.gov.uk/asd/asd5/rports2007-2008/rrep407.pdf,,,Department for Work and Pensions,England,The National Archives,Contains public sector information licensed under the Open Government Licence v3.0.,https://webarchive.nationalarchives.gov.uk/ukgwa/20160107144900/https://www.nationalarchives.gov.uk/doc/open-government-licence/version/3/,© Crown copyright,research|analysis,,,5/16/2024 1:19pm,,report,POCO,,,,,POCO_POGO|POCO_POGO_GB|POCO_POGO_GB_V1,en,United Kingdom (GB),,DWP Reports
https://webarchive.nationalarchives.gov.uk/ukgwa/20100208134714mp_/http://research.dwp.gov.uk/asd/asd5/rports2007-2008/rrep405.pdf,department-for-work-and-pensions-gb,department-for-work-and-pensions-gb:national-archives, Child support policy: An international perspective ,RR405,2007,,https://webarchive.nationalarchives.gov.uk/ukgwa/20100208134714mp_/http://research.dwp.gov.uk/asd/asd5/rports2007-2008/rrep405.pdf,,,Department for Work and Pensions,England,The National Archives,Contains public sector information licensed under the Open Government Licence v3.0.,https://webarchive.nationalarchives.gov.uk/ukgwa/20160107144900/https://www.nationalarchives.gov.uk/doc/open-government-licence/version/3/,© Crown copyright,research|analysis,,,5/16/2024 1:19pm,,report,POCO,,,,,POCO_POGO|POCO_POGO_GB|POCO_POGO_GB_V1,en,United Kingdom (GB),,DWP Reports
https://webarchive.nationalarchives.gov.uk/ukgwa/20100208140249mp_/http://research.dwp.gov.uk/asd/asd5/rports2007-2008/rrep404.pdf,department-for-work-and-pensions-gb,department-for-work-and-pensions-gb:national-archives, An investigation of CSA Maintenance Direct Payments: Quantitative study ,RR404,2007,,https://webarchive.nationalarchives.gov.uk/ukgwa/20100208140249mp_/http://research.dwp.gov.uk/asd/asd5/rports2007-2008/rrep404.pdf,,,Department for Work and Pensions,England,The National Archives,Contains public sector information licensed under the Open Government Licence v3.0.,https://webarchive.nationalarchives.gov.uk/ukgwa/20160107144900/https://www.nationalarchives.gov.uk/doc/open-government-licence/version/3/,© Crown copyright,research|analysis,,,5/16/2024 1:19pm,,report,POCO,,,,,POCO_POGO|POCO_POGO_GB|POCO_POGO_GB_V1,en,United Kingdom (GB),,DWP Reports
https://webarchive.nationalarchives.gov.uk/ukgwa/20100208135907mp_/http://research.dwp.gov.uk/asd/asd5/rports2007-2008/rrep402.pdf,department-for-work-and-pensions-gb,department-for-work-and-pensions-gb:national-archives, Child support and work incentives: A literature review ,RR402,2007,,https://webarchive.nationalarchives.gov.uk/ukgwa/20100208135907mp_/http://research.dwp.gov.uk/asd/asd5/rports2007-2008/rrep402.pdf,,,Department for Work and Pensions,England,The National Archives,Contains public sector information licensed under the Open Government Licence v3.0.,https://webarchive.nationalarchives.gov.uk/ukgwa/20160107144900/https://www.nationalarchives.gov.uk/doc/open-government-licence/version/3/,© Crown copyright,research|analysis,,,5/16/2024 1:19pm,,report,POCO,,,,,POCO_POGO|POCO_POGO_GB|POCO_POGO_GB_V1,en,United Kingdom (GB),,DWP Reports
https://webarchive.nationalarchives.gov.uk/ukgwa/20091212062404mp_/http://research.dwp.gov.uk/asd/asd5/rports2005-2006/rrep406.pdf,department-for-work-and-pensions-gb,department-for-work-and-pensions-gb:national-archives, Developing positive action policies: learning from the experiences of Europe and North America ,RR406,2006,,https://webarchive.nationalarchives.gov.uk/ukgwa/20091212062404mp_/http://research.dwp.gov.uk/asd/asd5/rports2005-2006/rrep406.pdf,,,Department for Work and Pensions,England,The National Archives,Contains public sector information licensed under the Open Government Licence v3.0.,https://webarchive.nationalarchives.gov.uk/ukgwa/20160107144900/https://www.nationalarchives.gov.uk/doc/open-government-licence/version/3/,© Crown copyright,research|analysis,,,5/16/2024 1:19pm,,report,POCO,,,,,POCO_POGO|POCO_POGO_GB|POCO_POGO_GB_V1,en,United Kingdom (GB),,DWP Reports
https://webarchive.nationalarchives.gov.uk/ukgwa/20100208140303mp_/http://research.dwp.gov.uk/asd/asd5/rports2005-2006/rrep403.pdf,department-for-work-and-pensions-gb,department-for-work-and-pensions-gb:national-archives, Financial incentives to save for retirement ,RR403,2006,,https://webarchive.nationalarchives.gov.uk/ukgwa/20100208140303mp_/http://research.dwp.gov.uk/asd/asd5/rports2005-2006/rrep403.pdf,,,Department for Work and Pensions,England,The National Archives,Contains public sector information licensed under the Open Government Licence v3.0.,https://webarchive.nationalarchives.gov.uk/ukgwa/20160107144900/https://www.nationalarchives.gov.uk/doc/open-government-licence/version/3/,© Crown copyright,research|analysis,,,5/16/2024 1:19pm,,report,POCO,,,,,POCO_POGO|POCO_POGO_GB|POCO_POGO_GB_V1,en,United Kingdom (GB),,DWP Reports
https://webarchive.nationalarchives.gov.uk/ukgwa/20100208134917mp_/http://research.dwp.gov.uk/asd/asd5/rports2005-2006/rrep401.pdf,department-for-work-and-pensions-gb,department-for-work-and-pensions-gb:national-archives, Over 50s Outreach Pilot: qualitative research ,RR401,2006,,https://webarchive.nationalarchives.gov.uk/ukgwa/20100208134917mp_/http://research.dwp.gov.uk/asd/asd5/rports2005-2006/rrep401.pdf,,,Department for Work and Pensions,England,The National Archives,Contains public sector information licensed under the Open Government Licence v3.0.,https://webarchive.nationalarchives.gov.uk/ukgwa/20160107144900/https://www.nationalarchives.gov.uk/doc/open-government-licence/version/3/,© Crown copyright,research|analysis,,,5/16/2024 1:19pm,,report,POCO,,,,,POCO_POGO|POCO_POGO_GB|POCO_POGO_GB_V1,en,United Kingdom (GB),,DWP Reports
https://webarchive.nationalarchives.gov.uk/ukgwa/20100208141600mp_/http://research.dwp.gov.uk/asd/asd5/rports2005-2006/rrep400.pdf,department-for-work-and-pensions-gb,department-for-work-and-pensions-gb:national-archives," Economic and social costs and benefits to employers of retaining, recruiting and employing disabled people and/or people with health conditions or an injury: A review of the evidence ",RR400,2006,,https://webarchive.nationalarchives.gov.uk/ukgwa/20100208141600mp_/http://research.dwp.gov.uk/asd/asd5/rports2005-2006/rrep400.pdf,,,Department for Work and Pensions,England,The National Archives,Contains public sector information licensed under the Open Government Licence v3.0.,https://webarchive.nationalarchives.gov.uk/ukgwa/20160107144900/https://www.nationalarchives.gov.uk/doc/open-government-licence/version/3/,© Crown copyright,research|analysis,,,5/16/2024 1:19pm,,report,POCO,,,,,POCO_POGO|POCO_POGO_GB|POCO_POGO_GB_V1,en,United Kingdom (GB),,DWP Reports
https://webarchive.nationalarchives.gov.uk/ukgwa/20100208135737mp_/http://research.dwp.gov.uk/asd/asd5/rports2005-2006/rrep399.pdf,department-for-work-and-pensions-gb,department-for-work-and-pensions-gb:national-archives, Phase 2 evaluation of Multiple Provider Employment Zones: Qualitative study ,RR399,2006,,https://webarchive.nationalarchives.gov.uk/ukgwa/20100208135737mp_/http://research.dwp.gov.uk/asd/asd5/rports2005-2006/rrep399.pdf,,,Department for Work and Pensions,England,The National Archives,Contains public sector information licensed under the Open Government Licence v3.0.,https://webarchive.nationalarchives.gov.uk/ukgwa/20160107144900/https://www.nationalarchives.gov.uk/doc/open-government-licence/version/3/,© Crown copyright,research|analysis,,,5/16/2024 1:19pm,,report,POCO,,,,,POCO_POGO|POCO_POGO_GB|POCO_POGO_GB_V1,en,United Kingdom (GB),,DWP Reports
https://webarchive.nationalarchives.gov.uk/ukgwa/20100208140105mp_/http://research.dwp.gov.uk/asd/asd5/rports2005-2006/rrep398.pdf,department-for-work-and-pensions-gb,department-for-work-and-pensions-gb:national-archives, Pathways to Work: Findings from the final cohort in a qualitative longitudinal panel of incapacity benefits recipients ,RR398,2006,,https://webarchive.nationalarchives.gov.uk/ukgwa/20100208140105mp_/http://research.dwp.gov.uk/asd/asd5/rports2005-2006/rrep398.pdf,,,Department for Work and Pensions,England,The National Archives,Contains public sector information licensed under the Open Government Licence v3.0.,https://webarchive.nationalarchives.gov.uk/ukgwa/20160107144900/https://www.nationalarchives.gov.uk/doc/open-government-licence/version/3/,© Crown copyright,research|analysis,,,5/16/2024 1:19pm,,report,POCO,,,,,POCO_POGO|POCO_POGO_GB|POCO_POGO_GB_V1,en,United Kingdom (GB),,DWP Reports
https://webarchive.nationalarchives.gov.uk/ukgwa/20100208140216mp_/http://research.dwp.gov.uk/asd/asd5/rports2005-2006/rrep397.pdf,department-for-work-and-pensions-gb,department-for-work-and-pensions-gb:national-archives, Employer attitudes to personal accounts: Report of a quantitative survey ,RR397,2006,,https://webarchive.nationalarchives.gov.uk/ukgwa/20100208140216mp_/http://research.dwp.gov.uk/asd/asd5/rports2005-2006/rrep397.pdf,,,Department for Work and Pensions,England,The National Archives,Contains public sector information licensed under the Open Government Licence v3.0.,https://webarchive.nationalarchives.gov.uk/ukgwa/20160107144900/https://www.nationalarchives.gov.uk/doc/open-government-licence/version/3/,© Crown copyright,research|analysis,,,5/16/2024 1:19pm,,report,POCO,,,,,POCO_POGO|POCO_POGO_GB|POCO_POGO_GB_V1,en,United Kingdom (GB),,DWP Reports
https://webarchive.nationalarchives.gov.uk/ukgwa/20100208142018mp_/http://research.dwp.gov.uk/asd/asd5/rports2005-2006/rrep396.pdf,department-for-work-and-pensions-gb,department-for-work-and-pensions-gb:national-archives," Work, saving and retirement among ethnic minorities: A qualitative study ",RR396,2006,,https://webarchive.nationalarchives.gov.uk/ukgwa/20100208142018mp_/http://research.dwp.gov.uk/asd/asd5/rports2005-2006/rrep396.pdf,,,Department for Work and Pensions,England,The National Archives,Contains public sector information licensed under the Open Government Licence v3.0.,https://webarchive.nationalarchives.gov.uk/ukgwa/20160107144900/https://www.nationalarchives.gov.uk/doc/open-government-licence/version/3/,© Crown copyright,research|analysis,,,5/16/2024 1:19pm,,report,POCO,,,,,POCO_POGO|POCO_POGO_GB|POCO_POGO_GB_V1,en,United Kingdom (GB),,DWP Reports
https://webarchive.nationalarchives.gov.uk/ukgwa/20100208135202mp_/http://research.dwp.gov.uk/asd/asd5/rports2005-2006/rrep395.pdf,department-for-work-and-pensions-gb,department-for-work-and-pensions-gb:national-archives, Self-employment and retirement ,RR395,2006,,https://webarchive.nationalarchives.gov.uk/ukgwa/20100208135202mp_/http://research.dwp.gov.uk/asd/asd5/rports2005-2006/rrep395.pdf,,,Department for Work and Pensions,England,The National Archives,Contains public sector information licensed under the Open Government Licence v3.0.,https://webarchive.nationalarchives.gov.uk/ukgwa/20160107144900/https://www.nationalarchives.gov.uk/doc/open-government-licence/version/3/,© Crown copyright,research|analysis,,,5/16/2024 1:19pm,,report,POCO,,,,,POCO_POGO|POCO_POGO_GB|POCO_POGO_GB_V1,en,United Kingdom (GB),,DWP Reports
https://webarchive.nationalarchives.gov.uk/ukgwa/20100208134855mp_/http://research.dwp.gov.uk/asd/asd5/rports2005-2006/rrep394.pdf,department-for-work-and-pensions-gb,department-for-work-and-pensions-gb:national-archives, Repeat Jobseeker's Allowance spells ,RR394,2006,,https://webarchive.nationalarchives.gov.uk/ukgwa/20100208134855mp_/http://research.dwp.gov.uk/asd/asd5/rports2005-2006/rrep394.pdf,,,Department for Work and Pensions,England,The National Archives,Contains public sector information licensed under the Open Government Licence v3.0.,https://webarchive.nationalarchives.gov.uk/ukgwa/20160107144900/https://www.nationalarchives.gov.uk/doc/open-government-licence/version/3/,© Crown copyright,research|analysis,,,5/16/2024 1:19pm,,report,POCO,,,,,POCO_POGO|POCO_POGO_GB|POCO_POGO_GB_V1,en,United Kingdom (GB),,DWP Reports
https://webarchive.nationalarchives.gov.uk/ukgwa/20100208142111mp_/http://research.dwp.gov.uk/asd/asd5/rports2005-2006/rrep393.pdf,department-for-work-and-pensions-gb,department-for-work-and-pensions-gb:national-archives, Employers' use of alternative Jobcentre Plus service delivery channels: investigation of issues ,RR393,2006,,https://webarchive.nationalarchives.gov.uk/ukgwa/20100208142111mp_/http://research.dwp.gov.uk/asd/asd5/rports2005-2006/rrep393.pdf,,,Department for Work and Pensions,England,The National Archives,Contains public sector information licensed under the Open Government Licence v3.0.,https://webarchive.nationalarchives.gov.uk/ukgwa/20160107144900/https://www.nationalarchives.gov.uk/doc/open-government-licence/version/3/,© Crown copyright,research|analysis,,,5/16/2024 1:19pm,,report,POCO,,,,,POCO_POGO|POCO_POGO_GB|POCO_POGO_GB_V1,en,United Kingdom (GB),,DWP Reports
https://webarchive.nationalarchives.gov.uk/ukgwa/20100208140931mp_/http://research.dwp.gov.uk/asd/asd5/rports2005-2006/rrep392.pdf,department-for-work-and-pensions-gb,department-for-work-and-pensions-gb:national-archives, Adult Learning Option baseline tracker study ,RR392,2006,,https://webarchive.nationalarchives.gov.uk/ukgwa/20100208140931mp_/http://research.dwp.gov.uk/asd/asd5/rports2005-2006/rrep392.pdf,,,Department for Work and Pensions,England,The National Archives,Contains public sector information licensed under the Open Government Licence v3.0.,https://webarchive.nationalarchives.gov.uk/ukgwa/20160107144900/https://www.nationalarchives.gov.uk/doc/open-government-licence/version/3/,© Crown copyright,research|analysis,,,5/16/2024 1:19pm,,report,POCO,,,,,POCO_POGO|POCO_POGO_GB|POCO_POGO_GB_V1,en,United Kingdom (GB),,DWP Reports
https://webarchive.nationalarchives.gov.uk/ukgwa/20100208140158mp_/http://research.dwp.gov.uk/asd/asd5/rports2005-2006/rrep391.pdf,department-for-work-and-pensions-gb,department-for-work-and-pensions-gb:national-archives, Evaluation of Skills Coaching trials and Skills Passports A synthesis of qualitative and quantitative evidence ,RR391,2006,,https://webarchive.nationalarchives.gov.uk/ukgwa/20100208140158mp_/http://research.dwp.gov.uk/asd/asd5/rports2005-2006/rrep391.pdf,,,Department for Work and Pensions,England,The National Archives,Contains public sector information licensed under the Open Government Licence v3.0.,https://webarchive.nationalarchives.gov.uk/ukgwa/20160107144900/https://www.nationalarchives.gov.uk/doc/open-government-licence/version/3/,© Crown copyright,research|analysis,,,5/16/2024 1:19pm,,report,POCO,,,,,POCO_POGO|POCO_POGO_GB|POCO_POGO_GB_V1,en,United Kingdom (GB),,DWP Reports
https://webarchive.nationalarchives.gov.uk/ukgwa/20100208135333mp_/http://research.dwp.gov.uk/asd/asd5/rports2005-2006/rrep390.pdf,department-for-work-and-pensions-gb,department-for-work-and-pensions-gb:national-archives, The longer term outcomes of Work-Based Learning for Adults: Evidence from administrative data ,RR390,2006,,https://webarchive.nationalarchives.gov.uk/ukgwa/20100208135333mp_/http://research.dwp.gov.uk/asd/asd5/rports2005-2006/rrep390.pdf,,,Department for Work and Pensions,England,The National Archives,Contains public sector information licensed under the Open Government Licence v3.0.,https://webarchive.nationalarchives.gov.uk/ukgwa/20160107144900/https://www.nationalarchives.gov.uk/doc/open-government-licence/version/3/,© Crown copyright,research|analysis,,,5/16/2024 1:19pm,,report,POCO,,,,,POCO_POGO|POCO_POGO_GB|POCO_POGO_GB_V1,en,United Kingdom (GB),,DWP Reports
https://webarchive.nationalarchives.gov.uk/ukgwa/20100208141257mp_/http://research.dwp.gov.uk/asd/asd5/rports2005-2006/rrep389.pdf,department-for-work-and-pensions-gb,department-for-work-and-pensions-gb:national-archives, Local Authority Omnibus Survey Wave 12 ,RR389,2006,,https://webarchive.nationalarchives.gov.uk/ukgwa/20100208141257mp_/http://research.dwp.gov.uk/asd/asd5/rports2005-2006/rrep389.pdf,,,Department for Work and Pensions,England,The National Archives,Contains public sector information licensed under the Open Government Licence v3.0.,https://webarchive.nationalarchives.gov.uk/ukgwa/20160107144900/https://www.nationalarchives.gov.uk/doc/open-government-licence/version/3/,© Crown copyright,research|analysis,,,5/16/2024 1:19pm,,report,POCO,,,,,POCO_POGO|POCO_POGO_GB|POCO_POGO_GB_V1,en,United Kingdom (GB),,DWP Reports
https://webarchive.nationalarchives.gov.uk/ukgwa/20100208140903mp_/http://research.dwp.gov.uk/asd/asd5/rports2005-2006/rrep388.pdf,department-for-work-and-pensions-gb,department-for-work-and-pensions-gb:national-archives, Evaluation of the Intensive Activity Period 50plus Pilots ,RR388,2006,,https://webarchive.nationalarchives.gov.uk/ukgwa/20100208140903mp_/http://research.dwp.gov.uk/asd/asd5/rports2005-2006/rrep388.pdf,,,Department for Work and Pensions,England,The National Archives,Contains public sector information licensed under the Open Government Licence v3.0.,https://webarchive.nationalarchives.gov.uk/ukgwa/20160107144900/https://www.nationalarchives.gov.uk/doc/open-government-licence/version/3/,© Crown copyright,research|analysis,,,5/16/2024 1:19pm,,report,POCO,,,,,POCO_POGO|POCO_POGO_GB|POCO_POGO_GB_V1,en,United Kingdom (GB),,DWP Reports
https://webarchive.nationalarchives.gov.uk/ukgwa/20100208141924mp_/http://research.dwp.gov.uk/asd/asd5/rports2005-2006/rrep387.pdf,department-for-work-and-pensions-gb,department-for-work-and-pensions-gb:national-archives, Sharing and matching local and national data on adults of working age facing multiple barriers to employment: Administrative Datasets for Measuring Impacts on Disadvantage ,RR387,2006,,https://webarchive.nationalarchives.gov.uk/ukgwa/20100208141924mp_/http://research.dwp.gov.uk/asd/asd5/rports2005-2006/rrep387.pdf,,,Department for Work and Pensions,England,The National Archives,Contains public sector information licensed under the Open Government Licence v3.0.,https://webarchive.nationalarchives.gov.uk/ukgwa/20160107144900/https://www.nationalarchives.gov.uk/doc/open-government-licence/version/3/,© Crown copyright,research|analysis,,,5/16/2024 1:19pm,,report,POCO,,,,,POCO_POGO|POCO_POGO_GB|POCO_POGO_GB_V1,en,United Kingdom (GB),,DWP Reports
https://webarchive.nationalarchives.gov.uk/ukgwa/20100208141642mp_/http://research.dwp.gov.uk/asd/asd5/rports2005-2006/rrep386.pdf,department-for-work-and-pensions-gb,department-for-work-and-pensions-gb:national-archives, Work Focused Interviews for Partners and Enhanced New Deal for Partners Qualitative Evaluation: Phase 2 ,RR386,2006,,https://webarchive.nationalarchives.gov.uk/ukgwa/20100208141642mp_/http://research.dwp.gov.uk/asd/asd5/rports2005-2006/rrep386.pdf,,,Department for Work and Pensions,England,The National Archives,Contains public sector information licensed under the Open Government Licence v3.0.,https://webarchive.nationalarchives.gov.uk/ukgwa/20160107144900/https://www.nationalarchives.gov.uk/doc/open-government-licence/version/3/,© Crown copyright,research|analysis,,,5/16/2024 1:19pm,,report,POCO,,,,,POCO_POGO|POCO_POGO_GB|POCO_POGO_GB_V1,en,United Kingdom (GB),,DWP Reports
https://webarchive.nationalarchives.gov.uk/ukgwa/20091222172300mp_/http://research.dwp.gov.uk/asd/asd5/rports2005-2006/rrep385.pdf,department-for-work-and-pensions-gb,department-for-work-and-pensions-gb:national-archives, Evaluation of basic skills mandatory training pilot: synthesis report ,RR385,2006,,https://webarchive.nationalarchives.gov.uk/ukgwa/20091222172300mp_/http://research.dwp.gov.uk/asd/asd5/rports2005-2006/rrep385.pdf,,,Department for Work and Pensions,England,The National Archives,Contains public sector information licensed under the Open Government Licence v3.0.,https://webarchive.nationalarchives.gov.uk/ukgwa/20160107144900/https://www.nationalarchives.gov.uk/doc/open-government-licence/version/3/,© Crown copyright,research|analysis,,,5/16/2024 1:19pm,,report,POCO,,,,,POCO_POGO|POCO_POGO_GB|POCO_POGO_GB_V1,en,United Kingdom (GB),,DWP Reports
https://webarchive.nationalarchives.gov.uk/ukgwa/20100208141053mp_/http://research.dwp.gov.uk/asd/asd5/rports2005-2006/rrep384.pdf,department-for-work-and-pensions-gb,department-for-work-and-pensions-gb:national-archives, New Deal for Disabled People Extensions: examining the role and operation of new Job Brokers ,RR384,2006,,https://webarchive.nationalarchives.gov.uk/ukgwa/20100208141053mp_/http://research.dwp.gov.uk/asd/asd5/rports2005-2006/rrep384.pdf,,,Department for Work and Pensions,England,The National Archives,Contains public sector information licensed under the Open Government Licence v3.0.,https://webarchive.nationalarchives.gov.uk/ukgwa/20160107144900/https://www.nationalarchives.gov.uk/doc/open-government-licence/version/3/,© Crown copyright,research|analysis,,,5/16/2024 1:19pm,,report,POCO,,,,,POCO_POGO|POCO_POGO_GB|POCO_POGO_GB_V1,en,United Kingdom (GB),,DWP Reports
https://webarchive.nationalarchives.gov.uk/ukgwa/20100208140159mp_/http://research.dwp.gov.uk/asd/asd5/rports2005-2006/rrep383.pdf,department-for-work-and-pensions-gb,department-for-work-and-pensions-gb:national-archives," Housing Benefit and Council Tax Benefit as in-work benefits; claimants' and advisors' knowledge, attitudes and experiences ",RR383,2006,,https://webarchive.nationalarchives.gov.uk/ukgwa/20100208140159mp_/http://research.dwp.gov.uk/asd/asd5/rports2005-2006/rrep383.pdf,,,Department for Work and Pensions,England,The National Archives,Contains public sector information licensed under the Open Government Licence v3.0.,https://webarchive.nationalarchives.gov.uk/ukgwa/20160107144900/https://www.nationalarchives.gov.uk/doc/open-government-licence/version/3/,© Crown copyright,research|analysis,,,5/16/2024 1:19pm,,report,POCO,,,,,POCO_POGO|POCO_POGO_GB|POCO_POGO_GB_V1,en,United Kingdom (GB),,DWP Reports
https://webarchive.nationalarchives.gov.uk/ukgwa/20100208140812mp_/http://research.dwp.gov.uk/asd/asd5/rports2005-2006/rrep382.pdf,department-for-work-and-pensions-gb,department-for-work-and-pensions-gb:national-archives, Jobseekers Allowance intervention pilots quantitative evaluation ,RR382,2006,,https://webarchive.nationalarchives.gov.uk/ukgwa/20100208140812mp_/http://research.dwp.gov.uk/asd/asd5/rports2005-2006/rrep382.pdf,,,Department for Work and Pensions,England,The National Archives,Contains public sector information licensed under the Open Government Licence v3.0.,https://webarchive.nationalarchives.gov.uk/ukgwa/20160107144900/https://www.nationalarchives.gov.uk/doc/open-government-licence/version/3/,© Crown copyright,research|analysis,,,5/16/2024 1:19pm,,report,POCO,,,,,POCO_POGO|POCO_POGO_GB|POCO_POGO_GB_V1,en,United Kingdom (GB),,DWP Reports
https://webarchive.nationalarchives.gov.uk/ukgwa/20100208140635mp_/http://research.dwp.gov.uk/asd/asd5/rports2005-2006/rrep381.pdf,department-for-work-and-pensions-gb,department-for-work-and-pensions-gb:national-archives, Staying in work and moving up: Evidence from the UK Employment Retention and Advancement (ERA) demonstration ,RR381,2006,,https://webarchive.nationalarchives.gov.uk/ukgwa/20100208140635mp_/http://research.dwp.gov.uk/asd/asd5/rports2005-2006/rrep381.pdf,,,Department for Work and Pensions,England,The National Archives,Contains public sector information licensed under the Open Government Licence v3.0.,https://webarchive.nationalarchives.gov.uk/ukgwa/20160107144900/https://www.nationalarchives.gov.uk/doc/open-government-licence/version/3/,© Crown copyright,research|analysis,,,5/16/2024 1:19pm,,report,POCO,,,,,POCO_POGO|POCO_POGO_GB|POCO_POGO_GB_V1,en,United Kingdom (GB),,DWP Reports
https://webarchive.nationalarchives.gov.uk/ukgwa/20100208135203mp_/http://research.dwp.gov.uk/asd/asd5/rports2005-2006/rrep380.pdf,department-for-work-and-pensions-gb,department-for-work-and-pensions-gb:national-archives, Future policy options for child support: The views of parents ,RR380,2006,,https://webarchive.nationalarchives.gov.uk/ukgwa/20100208135203mp_/http://research.dwp.gov.uk/asd/asd5/rports2005-2006/rrep380.pdf,,,Department for Work and Pensions,England,The National Archives,Contains public sector information licensed under the Open Government Licence v3.0.,https://webarchive.nationalarchives.gov.uk/ukgwa/20160107144900/https://www.nationalarchives.gov.uk/doc/open-government-licence/version/3/,© Crown copyright,research|analysis,,,5/16/2024 1:19pm,,report,POCO,,,,,POCO_POGO|POCO_POGO_GB|POCO_POGO_GB_V1,en,United Kingdom (GB),,DWP Reports
https://webarchive.nationalarchives.gov.uk/ukgwa/20100208141605mp_/http://research.dwp.gov.uk/asd/asd5/rports2005-2006/rrep379.pdf,department-for-work-and-pensions-gb,department-for-work-and-pensions-gb:national-archives, A single housing benefit control for Gypsy and Traveller sites ,RR379,2006,,https://webarchive.nationalarchives.gov.uk/ukgwa/20100208141605mp_/http://research.dwp.gov.uk/asd/asd5/rports2005-2006/rrep379.pdf,,,Department for Work and Pensions,England,The National Archives,Contains public sector information licensed under the Open Government Licence v3.0.,https://webarchive.nationalarchives.gov.uk/ukgwa/20160107144900/https://www.nationalarchives.gov.uk/doc/open-government-licence/version/3/,© Crown copyright,research|analysis,,,5/16/2024 1:19pm,,report,POCO,,,,,POCO_POGO|POCO_POGO_GB|POCO_POGO_GB_V1,en,United Kingdom (GB),,DWP Reports
https://webarchive.nationalarchives.gov.uk/ukgwa/20100208140645mp_/http://research.dwp.gov.uk/asd/asd5/rports2005-2006/rrep378.pdf,department-for-work-and-pensions-gb,department-for-work-and-pensions-gb:national-archives, WORKSTEP Modernisation Funds evaluation ,RR378,2006,,https://webarchive.nationalarchives.gov.uk/ukgwa/20100208140645mp_/http://research.dwp.gov.uk/asd/asd5/rports2005-2006/rrep378.pdf,,,Department for Work and Pensions,England,The National Archives,Contains public sector information licensed under the Open Government Licence v3.0.,https://webarchive.nationalarchives.gov.uk/ukgwa/20160107144900/https://www.nationalarchives.gov.uk/doc/open-government-licence/version/3/,© Crown copyright,research|analysis,,,5/16/2024 1:19pm,,report,POCO,,,,,POCO_POGO|POCO_POGO_GB|POCO_POGO_GB_V1,en,United Kingdom (GB),,DWP Reports
https://webarchive.nationalarchives.gov.uk/ukgwa/20100208135237mp_/http://research.dwp.gov.uk/asd/asd5/rports2005-2006/rrep377.pdf,department-for-work-and-pensions-gb,department-for-work-and-pensions-gb:national-archives, New Deal for Disabled People: Second synthesis report & interim findings from the evaluation ,RR377,2006,,https://webarchive.nationalarchives.gov.uk/ukgwa/20100208135237mp_/http://research.dwp.gov.uk/asd/asd5/rports2005-2006/rrep377.pdf,,,Department for Work and Pensions,England,The National Archives,Contains public sector information licensed under the Open Government Licence v3.0.,https://webarchive.nationalarchives.gov.uk/ukgwa/20160107144900/https://www.nationalarchives.gov.uk/doc/open-government-licence/version/3/,© Crown copyright,research|analysis,,,5/16/2024 1:19pm,,report,POCO,,,,,POCO_POGO|POCO_POGO_GB|POCO_POGO_GB_V1,en,United Kingdom (GB),,DWP Reports
https://webarchive.nationalarchives.gov.uk/ukgwa/20100208142045mp_/http://research.dwp.gov.uk/asd/asd5/rports2005-2006/rrep376.pdf,department-for-work-and-pensions-gb,department-for-work-and-pensions-gb:national-archives, European Social Fund Objective 3: The 2005 beneficiary survey for England ,RR376,2006,,https://webarchive.nationalarchives.gov.uk/ukgwa/20100208142045mp_/http://research.dwp.gov.uk/asd/asd5/rports2005-2006/rrep376.pdf,,,Department for Work and Pensions,England,The National Archives,Contains public sector information licensed under the Open Government Licence v3.0.,https://webarchive.nationalarchives.gov.uk/ukgwa/20160107144900/https://www.nationalarchives.gov.uk/doc/open-government-licence/version/3/,© Crown copyright,research|analysis,,,5/16/2024 1:19pm,,report,POCO,,,,,POCO_POGO|POCO_POGO_GB|POCO_POGO_GB_V1,en,United Kingdom (GB),,DWP Reports
https://webarchive.nationalarchives.gov.uk/ukgwa/20100208135803mp_/http://research.dwp.gov.uk/asd/asd5/rports2005-2006/rrep375.pdf,department-for-work-and-pensions-gb,department-for-work-and-pensions-gb:national-archives," The impact of learning on unemployed, low-qualified adults: A systematic review ",RR375,2006,,https://webarchive.nationalarchives.gov.uk/ukgwa/20100208135803mp_/http://research.dwp.gov.uk/asd/asd5/rports2005-2006/rrep375.pdf,,,Department for Work and Pensions,England,The National Archives,Contains public sector information licensed under the Open Government Licence v3.0.,https://webarchive.nationalarchives.gov.uk/ukgwa/20160107144900/https://www.nationalarchives.gov.uk/doc/open-government-licence/version/3/,© Crown copyright,research|analysis,,,5/16/2024 1:19pm,,report,POCO,,,,,POCO_POGO|POCO_POGO_GB|POCO_POGO_GB_V1,en,United Kingdom (GB),,DWP Reports
https://webarchive.nationalarchives.gov.uk/ukgwa/20100208142115mp_/http://research.dwp.gov.uk/asd/asd5/rports2005-2006/rrep374.pdf,department-for-work-and-pensions-gb,department-for-work-and-pensions-gb:national-archives, Evaluation of Automatic State Pension Forecasts for the over-50s ,RR374,2006,,https://webarchive.nationalarchives.gov.uk/ukgwa/20100208142115mp_/http://research.dwp.gov.uk/asd/asd5/rports2005-2006/rrep374.pdf,,,Department for Work and Pensions,England,The National Archives,Contains public sector information licensed under the Open Government Licence v3.0.,https://webarchive.nationalarchives.gov.uk/ukgwa/20160107144900/https://www.nationalarchives.gov.uk/doc/open-government-licence/version/3/,© Crown copyright,research|analysis,,,5/16/2024 1:19pm,,report,POCO,,,,,POCO_POGO|POCO_POGO_GB|POCO_POGO_GB_V1,en,United Kingdom (GB),,DWP Reports
https://webarchive.nationalarchives.gov.uk/ukgwa/20100208135908mp_/http://research.dwp.gov.uk/asd/asd5/rports2005-2006/rrep373.pdf,department-for-work-and-pensions-gb,department-for-work-and-pensions-gb:national-archives, Review of research relevant to assessing the impact of the proposed National Pension Savings Scheme on household savings ,RR373,2006,,https://webarchive.nationalarchives.gov.uk/ukgwa/20100208135908mp_/http://research.dwp.gov.uk/asd/asd5/rports2005-2006/rrep373.pdf,,,Department for Work and Pensions,England,The National Archives,Contains public sector information licensed under the Open Government Licence v3.0.,https://webarchive.nationalarchives.gov.uk/ukgwa/20160107144900/https://www.nationalarchives.gov.uk/doc/open-government-licence/version/3/,© Crown copyright,research|analysis,,,5/16/2024 1:19pm,,report,POCO,,,,,POCO_POGO|POCO_POGO_GB|POCO_POGO_GB_V1,en,United Kingdom (GB),,DWP Reports
https://webarchive.nationalarchives.gov.uk/ukgwa/20100208140923mp_/http://research.dwp.gov.uk/asd/asd5/rports2005-2006/rrep372.pdf,department-for-work-and-pensions-gb,department-for-work-and-pensions-gb:national-archives, Jobcentre Plus Annual Employer (Market View) Survey 2005-06 ,RR372,2006,,https://webarchive.nationalarchives.gov.uk/ukgwa/20100208140923mp_/http://research.dwp.gov.uk/asd/asd5/rports2005-2006/rrep372.pdf,,,Department for Work and Pensions,England,The National Archives,Contains public sector information licensed under the Open Government Licence v3.0.,https://webarchive.nationalarchives.gov.uk/ukgwa/20160107144900/https://www.nationalarchives.gov.uk/doc/open-government-licence/version/3/,© Crown copyright,research|analysis,,,5/16/2024 1:19pm,,report,POCO,,,,,POCO_POGO|POCO_POGO_GB|POCO_POGO_GB_V1,en,United Kingdom (GB),,DWP Reports
https://webarchive.nationalarchives.gov.uk/ukgwa/20100208141245mp_/http://research.dwp.gov.uk/asd/asd5/rports2005-2006/rrep371.pdf,department-for-work-and-pensions-gb,department-for-work-and-pensions-gb:national-archives, Employer attitudes to personal accounts: Report of a qualitative study ,RR371,2006,,https://webarchive.nationalarchives.gov.uk/ukgwa/20100208141245mp_/http://research.dwp.gov.uk/asd/asd5/rports2005-2006/rrep371.pdf,,,Department for Work and Pensions,England,The National Archives,Contains public sector information licensed under the Open Government Licence v3.0.,https://webarchive.nationalarchives.gov.uk/ukgwa/20160107144900/https://www.nationalarchives.gov.uk/doc/open-government-licence/version/3/,© Crown copyright,research|analysis,,,5/16/2024 1:19pm,,report,POCO,,,,,POCO_POGO|POCO_POGO_GB|POCO_POGO_GB_V1,en,United Kingdom (GB),,DWP Reports
https://webarchive.nationalarchives.gov.uk/ukgwa/20100208141024mp_/http://research.dwp.gov.uk/asd/asd5/rports2005-2006/rrep370.pdf,department-for-work-and-pensions-gb,department-for-work-and-pensions-gb:national-archives, Public attitudes to personal accounts: Report of a qualitative study ,RR370,2006,,https://webarchive.nationalarchives.gov.uk/ukgwa/20100208141024mp_/http://research.dwp.gov.uk/asd/asd5/rports2005-2006/rrep370.pdf,,,Department for Work and Pensions,England,The National Archives,Contains public sector information licensed under the Open Government Licence v3.0.,https://webarchive.nationalarchives.gov.uk/ukgwa/20160107144900/https://www.nationalarchives.gov.uk/doc/open-government-licence/version/3/,© Crown copyright,research|analysis,,,5/16/2024 1:19pm,,report,POCO,,,,,POCO_POGO|POCO_POGO_GB|POCO_POGO_GB_V1,en,United Kingdom (GB),,DWP Reports
https://webarchive.nationalarchives.gov.uk/ukgwa/20100208135807mp_/http://research.dwp.gov.uk/asd/asd5/rports2005-2006/rrep369.pdf,department-for-work-and-pensions-gb,department-for-work-and-pensions-gb:national-archives, New Deal for Disabled People: Survey of Registrants: report of Cohort 3 ,RR369,2006,,https://webarchive.nationalarchives.gov.uk/ukgwa/20100208135807mp_/http://research.dwp.gov.uk/asd/asd5/rports2005-2006/rrep369.pdf,,,Department for Work and Pensions,England,The National Archives,Contains public sector information licensed under the Open Government Licence v3.0.,https://webarchive.nationalarchives.gov.uk/ukgwa/20160107144900/https://www.nationalarchives.gov.uk/doc/open-government-licence/version/3/,© Crown copyright,research|analysis,,,5/16/2024 1:19pm,,report,POCO,,,,,POCO_POGO|POCO_POGO_GB|POCO_POGO_GB_V1,en,United Kingdom (GB),,DWP Reports
https://webarchive.nationalarchives.gov.uk/ukgwa/20100208135843mp_/http://research.dwp.gov.uk/asd/asd5/rports2005-2006/rrep368.pdf,department-for-work-and-pensions-gb,department-for-work-and-pensions-gb:national-archives, Lone Parents Work Focused Interviews/New Deal for Lone Parents: combined evaluation and further net impacts ,RR368,2006,,https://webarchive.nationalarchives.gov.uk/ukgwa/20100208135843mp_/http://research.dwp.gov.uk/asd/asd5/rports2005-2006/rrep368.pdf,,,Department for Work and Pensions,England,The National Archives,Contains public sector information licensed under the Open Government Licence v3.0.,https://webarchive.nationalarchives.gov.uk/ukgwa/20160107144900/https://www.nationalarchives.gov.uk/doc/open-government-licence/version/3/,© Crown copyright,research|analysis,,,5/16/2024 1:19pm,,report,POCO,,,,,POCO_POGO|POCO_POGO_GB|POCO_POGO_GB_V1,en,United Kingdom (GB),,DWP Reports
https://webarchive.nationalarchives.gov.uk/ukgwa/20100208135221mp_/http://research.dwp.gov.uk/asd/asd5/rports2005-2006/rrep367.pdf,department-for-work-and-pensions-gb,department-for-work-and-pensions-gb:national-archives, Lone parents: In Work Benefit Calculations: work and benefit outcomes ,RR367,2006,,https://webarchive.nationalarchives.gov.uk/ukgwa/20100208135221mp_/http://research.dwp.gov.uk/asd/asd5/rports2005-2006/rrep367.pdf,,,Department for Work and Pensions,England,The National Archives,Contains public sector information licensed under the Open Government Licence v3.0.,https://webarchive.nationalarchives.gov.uk/ukgwa/20160107144900/https://www.nationalarchives.gov.uk/doc/open-government-licence/version/3/,© Crown copyright,research|analysis,,,5/16/2024 1:19pm,,report,POCO,,,,,POCO_POGO|POCO_POGO_GB|POCO_POGO_GB_V1,en,United Kingdom (GB),,DWP Reports
https://webarchive.nationalarchives.gov.uk/ukgwa/20100208140459mp_/http://research.dwp.gov.uk/asd/asd5/rports2005-2006/rrep366.pdf,department-for-work-and-pensions-gb,department-for-work-and-pensions-gb:national-archives, Gateway to Work New Deal 25 Plus pilots evaluation ,RR366,2006,,https://webarchive.nationalarchives.gov.uk/ukgwa/20100208140459mp_/http://research.dwp.gov.uk/asd/asd5/rports2005-2006/rrep366.pdf,,,Department for Work and Pensions,England,The National Archives,Contains public sector information licensed under the Open Government Licence v3.0.,https://webarchive.nationalarchives.gov.uk/ukgwa/20160107144900/https://www.nationalarchives.gov.uk/doc/open-government-licence/version/3/,© Crown copyright,research|analysis,,,5/16/2024 1:19pm,,report,POCO,,,,,POCO_POGO|POCO_POGO_GB|POCO_POGO_GB_V1,en,United Kingdom (GB),,DWP Reports
https://webarchive.nationalarchives.gov.uk/ukgwa/20100208135552mp_/http://research.dwp.gov.uk/asd/asd5/rports2005-2006/rrep365.pdf,department-for-work-and-pensions-gb,department-for-work-and-pensions-gb:national-archives, Specialist Employment Adviser evaluation ,RR365,2006,,https://webarchive.nationalarchives.gov.uk/ukgwa/20100208135552mp_/http://research.dwp.gov.uk/asd/asd5/rports2005-2006/rrep365.pdf,,,Department for Work and Pensions,England,The National Archives,Contains public sector information licensed under the Open Government Licence v3.0.,https://webarchive.nationalarchives.gov.uk/ukgwa/20160107144900/https://www.nationalarchives.gov.uk/doc/open-government-licence/version/3/,© Crown copyright,research|analysis,,,5/16/2024 1:19pm,,report,POCO,,,,,POCO_POGO|POCO_POGO_GB|POCO_POGO_GB_V1,en,United Kingdom (GB),,DWP Reports
https://webarchive.nationalarchives.gov.uk/ukgwa/20100208135911mp_/http://research.dwp.gov.uk/asd/asd5/rports2005-2006/rrep364.pdf,department-for-work-and-pensions-gb,department-for-work-and-pensions-gb:national-archives, Are poorer pensioners deprived? ,RR364,2006,,https://webarchive.nationalarchives.gov.uk/ukgwa/20100208135911mp_/http://research.dwp.gov.uk/asd/asd5/rports2005-2006/rrep364.pdf,,,Department for Work and Pensions,England,The National Archives,Contains public sector information licensed under the Open Government Licence v3.0.,https://webarchive.nationalarchives.gov.uk/ukgwa/20160107144900/https://www.nationalarchives.gov.uk/doc/open-government-licence/version/3/,© Crown copyright,research|analysis,,,5/16/2024 1:19pm,,report,POCO,,,,,POCO_POGO|POCO_POGO_GB|POCO_POGO_GB_V1,en,United Kingdom (GB),,DWP Reports
https://webarchive.nationalarchives.gov.uk/ukgwa/20100208141250mp_/http://research.dwp.gov.uk/asd/asd5/rports2005-2006/rrep363.pdf,department-for-work-and-pensions-gb,department-for-work-and-pensions-gb:national-archives, Understanding older people's experiences of poverty and material deprivation ,RR363,2006,,https://webarchive.nationalarchives.gov.uk/ukgwa/20100208141250mp_/http://research.dwp.gov.uk/asd/asd5/rports2005-2006/rrep363.pdf,,,Department for Work and Pensions,England,The National Archives,Contains public sector information licensed under the Open Government Licence v3.0.,https://webarchive.nationalarchives.gov.uk/ukgwa/20160107144900/https://www.nationalarchives.gov.uk/doc/open-government-licence/version/3/,© Crown copyright,research|analysis,,,5/16/2024 1:19pm,,report,POCO,,,,,POCO_POGO|POCO_POGO_GB|POCO_POGO_GB_V1,en,United Kingdom (GB),,DWP Reports
https://webarchive.nationalarchives.gov.uk/ukgwa/20100208140050mp_/http://research.dwp.gov.uk/asd/asd5/rports2005-2006/rrep362.pdf,department-for-work-and-pensions-gb,department-for-work-and-pensions-gb:national-archives, Mandating IAP for older New Dealers: an interim report of the quantitative evaluation ,RR362,2006,,https://webarchive.nationalarchives.gov.uk/ukgwa/20100208140050mp_/http://research.dwp.gov.uk/asd/asd5/rports2005-2006/rrep362.pdf,,,Department for Work and Pensions,England,The National Archives,Contains public sector information licensed under the Open Government Licence v3.0.,https://webarchive.nationalarchives.gov.uk/ukgwa/20160107144900/https://www.nationalarchives.gov.uk/doc/open-government-licence/version/3/,© Crown copyright,research|analysis,,,5/16/2024 1:19pm,,report,POCO,,,,,POCO_POGO|POCO_POGO_GB|POCO_POGO_GB_V1,en,United Kingdom (GB),,DWP Reports
https://webarchive.nationalarchives.gov.uk/ukgwa/20100208140355mp_/http://research.dwp.gov.uk/asd/asd5/rports2005-2006/rrep361.pdf,department-for-work-and-pensions-gb,department-for-work-and-pensions-gb:national-archives, A quantitative survey of companies supported by European Social Fund Objective 3 (2006) ,RR361,2006,,https://webarchive.nationalarchives.gov.uk/ukgwa/20100208140355mp_/http://research.dwp.gov.uk/asd/asd5/rports2005-2006/rrep361.pdf,,,Department for Work and Pensions,England,The National Archives,Contains public sector information licensed under the Open Government Licence v3.0.,https://webarchive.nationalarchives.gov.uk/ukgwa/20160107144900/https://www.nationalarchives.gov.uk/doc/open-government-licence/version/3/,© Crown copyright,research|analysis,,,5/16/2024 1:19pm,,report,POCO,,,,,POCO_POGO|POCO_POGO_GB|POCO_POGO_GB_V1,en,United Kingdom (GB),,DWP Reports
https://webarchive.nationalarchives.gov.uk/ukgwa/20091212062406mp_/http://research.dwp.gov.uk/asd/asd5/rports2005-2006/rrep360.pdf,department-for-work-and-pensions-gb,department-for-work-and-pensions-gb:national-archives, Barriers to employment for Pakistanis and Bangladeshis in Britain and constraints ,RR360,2006,,https://webarchive.nationalarchives.gov.uk/ukgwa/20091212062406mp_/http://research.dwp.gov.uk/asd/asd5/rports2005-2006/rrep360.pdf,,,Department for Work and Pensions,England,The National Archives,Contains public sector information licensed under the Open Government Licence v3.0.,https://webarchive.nationalarchives.gov.uk/ukgwa/20160107144900/https://www.nationalarchives.gov.uk/doc/open-government-licence/version/3/,© Crown copyright,research|analysis,,,5/16/2024 1:19pm,,report,POCO,,,,,POCO_POGO|POCO_POGO_GB|POCO_POGO_GB_V1,en,United Kingdom (GB),,DWP Reports
https://webarchive.nationalarchives.gov.uk/ukgwa/20100208135942mp_/http://research.dwp.gov.uk/asd/asd5/rports2005-2006/rrep359.pdf,department-for-work-and-pensions-gb,department-for-work-and-pensions-gb:national-archives, Third evaluation of European Social Fund co-financing in England ,RR359,2006,,https://webarchive.nationalarchives.gov.uk/ukgwa/20100208135942mp_/http://research.dwp.gov.uk/asd/asd5/rports2005-2006/rrep359.pdf,,,Department for Work and Pensions,England,The National Archives,Contains public sector information licensed under the Open Government Licence v3.0.,https://webarchive.nationalarchives.gov.uk/ukgwa/20160107144900/https://www.nationalarchives.gov.uk/doc/open-government-licence/version/3/,© Crown copyright,research|analysis,,,5/16/2024 1:19pm,,report,POCO,,,,,POCO_POGO|POCO_POGO_GB|POCO_POGO_GB_V1,en,United Kingdom (GB),,DWP Reports
https://webarchive.nationalarchives.gov.uk/ukgwa/20100208140512mp_/http://research.dwp.gov.uk/asd/asd5/rports2005-2006/rrep358.pdf,department-for-work-and-pensions-gb,department-for-work-and-pensions-gb:national-archives, The economic position of large families ,RR358,2006,,https://webarchive.nationalarchives.gov.uk/ukgwa/20100208140512mp_/http://research.dwp.gov.uk/asd/asd5/rports2005-2006/rrep358.pdf,,,Department for Work and Pensions,England,The National Archives,Contains public sector information licensed under the Open Government Licence v3.0.,https://webarchive.nationalarchives.gov.uk/ukgwa/20160107144900/https://www.nationalarchives.gov.uk/doc/open-government-licence/version/3/,© Crown copyright,research|analysis,,,5/16/2024 1:19pm,,report,POCO,,,,,POCO_POGO|POCO_POGO_GB|POCO_POGO_GB_V1,en,United Kingdom (GB),,DWP Reports
https://webarchive.nationalarchives.gov.uk/ukgwa/20100208135328mp_/http://research.dwp.gov.uk/asd/asd5/rports2005-2006/rrep357.pdf,department-for-work-and-pensions-gb,department-for-work-and-pensions-gb:national-archives, Pensions and pension reform ,RR357,2006,,https://webarchive.nationalarchives.gov.uk/ukgwa/20100208135328mp_/http://research.dwp.gov.uk/asd/asd5/rports2005-2006/rrep357.pdf,,,Department for Work and Pensions,England,The National Archives,Contains public sector information licensed under the Open Government Licence v3.0.,https://webarchive.nationalarchives.gov.uk/ukgwa/20160107144900/https://www.nationalarchives.gov.uk/doc/open-government-licence/version/3/,© Crown copyright,research|analysis,,,5/16/2024 1:19pm,,report,POCO,,,,,POCO_POGO|POCO_POGO_GB|POCO_POGO_GB_V1,en,United Kingdom (GB),,DWP Reports
https://webarchive.nationalarchives.gov.uk/ukgwa/20100208135710mp_/http://research.dwp.gov.uk/asd/asd5/rports2005-2006/rrep356.pdf,department-for-work-and-pensions-gb,department-for-work-and-pensions-gb:national-archives, The econometric evaluation of New Deal for Lone Parents ,RR356,2006,,https://webarchive.nationalarchives.gov.uk/ukgwa/20100208135710mp_/http://research.dwp.gov.uk/asd/asd5/rports2005-2006/rrep356.pdf,,,Department for Work and Pensions,England,The National Archives,Contains public sector information licensed under the Open Government Licence v3.0.,https://webarchive.nationalarchives.gov.uk/ukgwa/20160107144900/https://www.nationalarchives.gov.uk/doc/open-government-licence/version/3/,© Crown copyright,research|analysis,,,5/16/2024 1:19pm,,report,POCO,,,,,POCO_POGO|POCO_POGO_GB|POCO_POGO_GB_V1,en,United Kingdom (GB),,DWP Reports
https://webarchive.nationalarchives.gov.uk/ukgwa/20100208135527mp_/http://research.dwp.gov.uk/asd/asd5/rports2005-2006/rrep355.pdf,department-for-work-and-pensions-gb,department-for-work-and-pensions-gb:national-archives, An analysis of DWP productivity 1997/98 & 2007/08 ,RR355,2006,,https://webarchive.nationalarchives.gov.uk/ukgwa/20100208135527mp_/http://research.dwp.gov.uk/asd/asd5/rports2005-2006/rrep355.pdf,,,Department for Work and Pensions,England,The National Archives,Contains public sector information licensed under the Open Government Licence v3.0.,https://webarchive.nationalarchives.gov.uk/ukgwa/20160107144900/https://www.nationalarchives.gov.uk/doc/open-government-licence/version/3/,© Crown copyright,research|analysis,,,5/16/2024 1:19pm,,report,POCO,,,,,POCO_POGO|POCO_POGO_GB|POCO_POGO_GB_V1,en,United Kingdom (GB),,DWP Reports
https://webarchive.nationalarchives.gov.uk/ukgwa/20091220175714mp_/http://research.dwp.gov.uk/asd/asd5/rports2005-2006/rrep354.pdf,department-for-work-and-pensions-gb,department-for-work-and-pensions-gb:national-archives, Early quantitative evidence on the impact of the Pathways to Work pilots ,RR354,2006,,https://webarchive.nationalarchives.gov.uk/ukgwa/20091220175714mp_/http://research.dwp.gov.uk/asd/asd5/rports2005-2006/rrep354.pdf,,,Department for Work and Pensions,England,The National Archives,Contains public sector information licensed under the Open Government Licence v3.0.,https://webarchive.nationalarchives.gov.uk/ukgwa/20160107144900/https://www.nationalarchives.gov.uk/doc/open-government-licence/version/3/,© Crown copyright,research|analysis,,,5/16/2024 1:19pm,,report,POCO,,,,,POCO_POGO|POCO_POGO_GB|POCO_POGO_GB_V1,en,United Kingdom (GB),,DWP Reports
https://webarchive.nationalarchives.gov.uk/ukgwa/20100208141457mp_/http://research.dwp.gov.uk/asd/asd5/rports2005-2006/rrep353.pdf,department-for-work-and-pensions-gb,department-for-work-and-pensions-gb:national-archives, Pathways to Work from Incapacity Benefits: A study of experience and use of Return to Work Credit ,RR353,2006,,https://webarchive.nationalarchives.gov.uk/ukgwa/20100208141457mp_/http://research.dwp.gov.uk/asd/asd5/rports2005-2006/rrep353.pdf,,,Department for Work and Pensions,England,The National Archives,Contains public sector information licensed under the Open Government Licence v3.0.,https://webarchive.nationalarchives.gov.uk/ukgwa/20160107144900/https://www.nationalarchives.gov.uk/doc/open-government-licence/version/3/,© Crown copyright,research|analysis,,,5/16/2024 1:19pm,,report,POCO,,,,,POCO_POGO|POCO_POGO_GB|POCO_POGO_GB_V1,en,United Kingdom (GB),,DWP Reports
https://webarchive.nationalarchives.gov.uk/ukgwa/20100208135046mp_/http://research.dwp.gov.uk/asd/asd5/rports2005-2006/rrep352.pdf,department-for-work-and-pensions-gb,department-for-work-and-pensions-gb:national-archives, Work Focused Interviews for Partners and enhanced New Deal for Partners: Quantitative impact assessment ,RR352,2006,,https://webarchive.nationalarchives.gov.uk/ukgwa/20100208135046mp_/http://research.dwp.gov.uk/asd/asd5/rports2005-2006/rrep352.pdf,,,Department for Work and Pensions,England,The National Archives,Contains public sector information licensed under the Open Government Licence v3.0.,https://webarchive.nationalarchives.gov.uk/ukgwa/20160107144900/https://www.nationalarchives.gov.uk/doc/open-government-licence/version/3/,© Crown copyright,research|analysis,,,5/16/2024 1:19pm,,report,POCO,,,,,POCO_POGO|POCO_POGO_GB|POCO_POGO_GB_V1,en,United Kingdom (GB),,DWP Reports
https://webarchive.nationalarchives.gov.uk/ukgwa/20100208140416mp_/http://research.dwp.gov.uk/asd/asd5/rports2005-2006/rrep351.pdf,department-for-work-and-pensions-gb,department-for-work-and-pensions-gb:national-archives, Part-time work and social security: increasing the options? ,RR351,2006,,https://webarchive.nationalarchives.gov.uk/ukgwa/20100208140416mp_/http://research.dwp.gov.uk/asd/asd5/rports2005-2006/rrep351.pdf,,,Department for Work and Pensions,England,The National Archives,Contains public sector information licensed under the Open Government Licence v3.0.,https://webarchive.nationalarchives.gov.uk/ukgwa/20160107144900/https://www.nationalarchives.gov.uk/doc/open-government-licence/version/3/,© Crown copyright,research|analysis,,,5/16/2024 1:19pm,,report,POCO,,,,,POCO_POGO|POCO_POGO_GB|POCO_POGO_GB_V1,en,United Kingdom (GB),,DWP Reports
https://webarchive.nationalarchives.gov.uk/ukgwa/20100208135740mp_/http://research.dwp.gov.uk/asd/asd5/rports2005-2006/rrep350.pdf,department-for-work-and-pensions-gb,department-for-work-and-pensions-gb:national-archives, Routes onto incapacity benefits: Findings from qualitative research ,RR350,2006,,https://webarchive.nationalarchives.gov.uk/ukgwa/20100208135740mp_/http://research.dwp.gov.uk/asd/asd5/rports2005-2006/rrep350.pdf,,,Department for Work and Pensions,England,The National Archives,Contains public sector information licensed under the Open Government Licence v3.0.,https://webarchive.nationalarchives.gov.uk/ukgwa/20160107144900/https://www.nationalarchives.gov.uk/doc/open-government-licence/version/3/,© Crown copyright,research|analysis,,,5/16/2024 1:19pm,,report,POCO,,,,,POCO_POGO|POCO_POGO_GB|POCO_POGO_GB_V1,en,United Kingdom (GB),,DWP Reports
https://webarchive.nationalarchives.gov.uk/ukgwa/20091212062401mp_/http://research.dwp.gov.uk/asd/asd5/rports2005-2006/rrep349.pdf,department-for-work-and-pensions-gb,department-for-work-and-pensions-gb:national-archives, Ethnic minority perceptions and experiences of Jobcentre Plus ,RR349,2006,,https://webarchive.nationalarchives.gov.uk/ukgwa/20091212062401mp_/http://research.dwp.gov.uk/asd/asd5/rports2005-2006/rrep349.pdf,,,Department for Work and Pensions,England,The National Archives,Contains public sector information licensed under the Open Government Licence v3.0.,https://webarchive.nationalarchives.gov.uk/ukgwa/20160107144900/https://www.nationalarchives.gov.uk/doc/open-government-licence/version/3/,© Crown copyright,research|analysis,,,5/16/2024 1:19pm,,report,POCO,,,,,POCO_POGO|POCO_POGO_GB|POCO_POGO_GB_V1,en,United Kingdom (GB),,DWP Reports
https://webarchive.nationalarchives.gov.uk/ukgwa/20100208135143mp_/http://research.dwp.gov.uk/asd/asd5/rports2005-2006/rrep348.pdf,department-for-work-and-pensions-gb,department-for-work-and-pensions-gb:national-archives," WORKSTEP evaluation case studies: Exploring the design, delivery and performance of the WORKSTEP Programme ",RR348,2006,,https://webarchive.nationalarchives.gov.uk/ukgwa/20100208135143mp_/http://research.dwp.gov.uk/asd/asd5/rports2005-2006/rrep348.pdf,,,Department for Work and Pensions,England,The National Archives,Contains public sector information licensed under the Open Government Licence v3.0.,https://webarchive.nationalarchives.gov.uk/ukgwa/20160107144900/https://www.nationalarchives.gov.uk/doc/open-government-licence/version/3/,© Crown copyright,research|analysis,,,5/16/2024 1:19pm,,report,POCO,,,,,POCO_POGO|POCO_POGO_GB|POCO_POGO_GB_V1,en,United Kingdom (GB),,DWP Reports
https://webarchive.nationalarchives.gov.uk/ukgwa/20100208135242mp_/http://research.dwp.gov.uk/asd/asd5/rports2005-2006/rrep347.pdf,department-for-work-and-pensions-gb,department-for-work-and-pensions-gb:national-archives, Employer engagement in Jobcentre Plus: Qualitative research of the employer engagement strategy ,RR347,2006,,https://webarchive.nationalarchives.gov.uk/ukgwa/20100208135242mp_/http://research.dwp.gov.uk/asd/asd5/rports2005-2006/rrep347.pdf,,,Department for Work and Pensions,England,The National Archives,Contains public sector information licensed under the Open Government Licence v3.0.,https://webarchive.nationalarchives.gov.uk/ukgwa/20160107144900/https://www.nationalarchives.gov.uk/doc/open-government-licence/version/3/,© Crown copyright,research|analysis,,,5/16/2024 1:19pm,,report,POCO,,,,,POCO_POGO|POCO_POGO_GB|POCO_POGO_GB_V1,en,United Kingdom (GB),,DWP Reports
https://webarchive.nationalarchives.gov.uk/ukgwa/20100208135247mp_/http://research.dwp.gov.uk/asd/asd5/rports2005-2006/rrep346.pdf,department-for-work-and-pensions-gb,department-for-work-and-pensions-gb:national-archives, Pathways to Work: Qualitative research on the Condition Management Programme ,RR346,2006,,https://webarchive.nationalarchives.gov.uk/ukgwa/20100208135247mp_/http://research.dwp.gov.uk/asd/asd5/rports2005-2006/rrep346.pdf,,,Department for Work and Pensions,England,The National Archives,Contains public sector information licensed under the Open Government Licence v3.0.,https://webarchive.nationalarchives.gov.uk/ukgwa/20160107144900/https://www.nationalarchives.gov.uk/doc/open-government-licence/version/3/,© Crown copyright,research|analysis,,,5/16/2024 1:19pm,,report,POCO,,,,,POCO_POGO|POCO_POGO_GB|POCO_POGO_GB_V1,en,United Kingdom (GB),,DWP Reports
https://webarchive.nationalarchives.gov.uk/ukgwa/20100208135058mp_/http://research.dwp.gov.uk/asd/asd5/rports2005-2006/rrep345.pdf,department-for-work-and-pensions-gb,department-for-work-and-pensions-gb:national-archives, Incapacity Benefit Reforms Pilot: Findings from the second cohort in a longitudinal panel of clients ,RR345,2006,,https://webarchive.nationalarchives.gov.uk/ukgwa/20100208135058mp_/http://research.dwp.gov.uk/asd/asd5/rports2005-2006/rrep345.pdf,,,Department for Work and Pensions,England,The National Archives,Contains public sector information licensed under the Open Government Licence v3.0.,https://webarchive.nationalarchives.gov.uk/ukgwa/20160107144900/https://www.nationalarchives.gov.uk/doc/open-government-licence/version/3/,© Crown copyright,research|analysis,,,5/16/2024 1:19pm,,report,POCO,,,,,POCO_POGO|POCO_POGO_GB|POCO_POGO_GB_V1,en,United Kingdom (GB),,DWP Reports
https://webarchive.nationalarchives.gov.uk/ukgwa/20091212062419mp_/http://research.dwp.gov.uk/asd/asd5/rports2005-2006/rrep344.pdf,department-for-work-and-pensions-gb,department-for-work-and-pensions-gb:national-archives," Talk on Trial - Job interviews, language and ethnicity ",RR344,2006,,https://webarchive.nationalarchives.gov.uk/ukgwa/20091212062419mp_/http://research.dwp.gov.uk/asd/asd5/rports2005-2006/rrep344.pdf,,,Department for Work and Pensions,England,The National Archives,Contains public sector information licensed under the Open Government Licence v3.0.,https://webarchive.nationalarchives.gov.uk/ukgwa/20160107144900/https://www.nationalarchives.gov.uk/doc/open-government-licence/version/3/,© Crown copyright,research|analysis,,,5/16/2024 1:19pm,,report,POCO,,,,,POCO_POGO|POCO_POGO_GB|POCO_POGO_GB_V1,en,United Kingdom (GB),,DWP Reports
https://webarchive.nationalarchives.gov.uk/ukgwa/20100208141103mp_/http://research.dwp.gov.uk/asd/asd5/rports2005-2006/rrep343.pdf,department-for-work-and-pensions-gb,department-for-work-and-pensions-gb:national-archives, The public sector and equality for disabled people ,RR343,2006,,https://webarchive.nationalarchives.gov.uk/ukgwa/20100208141103mp_/http://research.dwp.gov.uk/asd/asd5/rports2005-2006/rrep343.pdf,,,Department for Work and Pensions,England,The National Archives,Contains public sector information licensed under the Open Government Licence v3.0.,https://webarchive.nationalarchives.gov.uk/ukgwa/20160107144900/https://www.nationalarchives.gov.uk/doc/open-government-licence/version/3/,© Crown copyright,research|analysis,,,5/16/2024 1:19pm,,report,POCO,,,,,POCO_POGO|POCO_POGO_GB|POCO_POGO_GB_V1,en,United Kingdom (GB),,DWP Reports
https://webarchive.nationalarchives.gov.uk/ukgwa/20100208141031mp_/http://research.dwp.gov.uk/asd/asd5/rports2005-2006/rrep342.pdf,department-for-work-and-pensions-gb,department-for-work-and-pensions-gb:national-archives, Impacts of the Job Retention and Rehabilitation Pilot ,RR342,2006,,https://webarchive.nationalarchives.gov.uk/ukgwa/20100208141031mp_/http://research.dwp.gov.uk/asd/asd5/rports2005-2006/rrep342.pdf,,,Department for Work and Pensions,England,The National Archives,Contains public sector information licensed under the Open Government Licence v3.0.,https://webarchive.nationalarchives.gov.uk/ukgwa/20160107144900/https://www.nationalarchives.gov.uk/doc/open-government-licence/version/3/,© Crown copyright,research|analysis,,,5/16/2024 1:19pm,,report,POCO,,,,,POCO_POGO|POCO_POGO_GB|POCO_POGO_GB_V1,en,United Kingdom (GB),,DWP Reports
https://webarchive.nationalarchives.gov.uk/ukgwa/20091212062412mp_/http://research.dwp.gov.uk/asd/asd5/rports2005-2006/rrep341.pdf,department-for-work-and-pensions-gb,department-for-work-and-pensions-gb:national-archives, Ethnic penalties in the labour market: Employers and discrimination ,RR341,2006,,https://webarchive.nationalarchives.gov.uk/ukgwa/20091212062412mp_/http://research.dwp.gov.uk/asd/asd5/rports2005-2006/rrep341.pdf,,,Department for Work and Pensions,England,The National Archives,Contains public sector information licensed under the Open Government Licence v3.0.,https://webarchive.nationalarchives.gov.uk/ukgwa/20160107144900/https://www.nationalarchives.gov.uk/doc/open-government-licence/version/3/,© Crown copyright,research|analysis,,,5/16/2024 1:19pm,,report,POCO,,,,,POCO_POGO|POCO_POGO_GB|POCO_POGO_GB_V1,en,United Kingdom (GB),,DWP Reports
https://webarchive.nationalarchives.gov.uk/ukgwa/20100208141208mp_/http://research.dwp.gov.uk/asd/asd5/rports2005-2006/rrep340.pdf,department-for-work-and-pensions-gb,department-for-work-and-pensions-gb:national-archives, Families with children in Britain: Findings from the 2004 Families and Children Study (FACS) ,RR340,2006,,https://webarchive.nationalarchives.gov.uk/ukgwa/20100208141208mp_/http://research.dwp.gov.uk/asd/asd5/rports2005-2006/rrep340.pdf,,,Department for Work and Pensions,England,The National Archives,Contains public sector information licensed under the Open Government Licence v3.0.,https://webarchive.nationalarchives.gov.uk/ukgwa/20160107144900/https://www.nationalarchives.gov.uk/doc/open-government-licence/version/3/,© Crown copyright,research|analysis,,,5/16/2024 1:19pm,,report,POCO,,,,,POCO_POGO|POCO_POGO_GB|POCO_POGO_GB_V1,en,United Kingdom (GB),,DWP Reports
https://webarchive.nationalarchives.gov.uk/ukgwa/20100208141652mp_/http://research.dwp.gov.uk/asd/asd5/rports2005-2006/rrep339.pdf,department-for-work-and-pensions-gb,department-for-work-and-pensions-gb:national-archives, Experiences of the Job Retention and Rehabilitation Pilot ,RR339,2006,,https://webarchive.nationalarchives.gov.uk/ukgwa/20100208141652mp_/http://research.dwp.gov.uk/asd/asd5/rports2005-2006/rrep339.pdf,,,Department for Work and Pensions,England,The National Archives,Contains public sector information licensed under the Open Government Licence v3.0.,https://webarchive.nationalarchives.gov.uk/ukgwa/20160107144900/https://www.nationalarchives.gov.uk/doc/open-government-licence/version/3/,© Crown copyright,research|analysis,,,5/16/2024 1:19pm,,report,POCO,,,,,POCO_POGO|POCO_POGO_GB|POCO_POGO_GB_V1,en,United Kingdom (GB),,DWP Reports
https://webarchive.nationalarchives.gov.uk/ukgwa/20100208135152mp_/http://research.dwp.gov.uk/asd/asd5/rports2005-2006/rrep338.pdf,department-for-work-and-pensions-gb,department-for-work-and-pensions-gb:national-archives, Jobcentre Plus Customer Satisfaction: Ethnic Minority Booster Survey 2005 ,RR338,2006,,https://webarchive.nationalarchives.gov.uk/ukgwa/20100208135152mp_/http://research.dwp.gov.uk/asd/asd5/rports2005-2006/rrep338.pdf,,,Department for Work and Pensions,England,The National Archives,Contains public sector information licensed under the Open Government Licence v3.0.,https://webarchive.nationalarchives.gov.uk/ukgwa/20160107144900/https://www.nationalarchives.gov.uk/doc/open-government-licence/version/3/,© Crown copyright,research|analysis,,,5/16/2024 1:19pm,,report,POCO,,,,,POCO_POGO|POCO_POGO_GB|POCO_POGO_GB_V1,en,United Kingdom (GB),,DWP Reports
https://webarchive.nationalarchives.gov.uk/ukgwa/20100208134859mp_/http://research.dwp.gov.uk/asd/asd5/rports2005-2006/rrep337.pdf,department-for-work-and-pensions-gb,department-for-work-and-pensions-gb:national-archives, Evaluation of the StepUP Pilot: Final Report ,RR337,2006,,https://webarchive.nationalarchives.gov.uk/ukgwa/20100208134859mp_/http://research.dwp.gov.uk/asd/asd5/rports2005-2006/rrep337.pdf,,,Department for Work and Pensions,England,The National Archives,Contains public sector information licensed under the Open Government Licence v3.0.,https://webarchive.nationalarchives.gov.uk/ukgwa/20160107144900/https://www.nationalarchives.gov.uk/doc/open-government-licence/version/3/,© Crown copyright,research|analysis,,,5/16/2024 1:19pm,,report,POCO,,,,,POCO_POGO|POCO_POGO_GB|POCO_POGO_GB_V1,en,United Kingdom (GB),,DWP Reports
https://webarchive.nationalarchives.gov.uk/ukgwa/20100208141825mp_/http://research.dwp.gov.uk/asd/asd5/rports2005-2006/rrep336.pdf,department-for-work-and-pensions-gb,department-for-work-and-pensions-gb:national-archives, Understanding the relationship between the barriers and triggers to claiming Pension Credit ,RR336,2006,,https://webarchive.nationalarchives.gov.uk/ukgwa/20100208141825mp_/http://research.dwp.gov.uk/asd/asd5/rports2005-2006/rrep336.pdf,,,Department for Work and Pensions,England,The National Archives,Contains public sector information licensed under the Open Government Licence v3.0.,https://webarchive.nationalarchives.gov.uk/ukgwa/20160107144900/https://www.nationalarchives.gov.uk/doc/open-government-licence/version/3/,© Crown copyright,research|analysis,,,5/16/2024 1:19pm,,report,POCO,,,,,POCO_POGO|POCO_POGO_GB|POCO_POGO_GB_V1,en,United Kingdom (GB),,DWP Reports
https://webarchive.nationalarchives.gov.uk/ukgwa/20100208140056mp_/http://research.dwp.gov.uk/asd/asd5/rports2005-2006/rrep335.pdf,department-for-work-and-pensions-gb,department-for-work-and-pensions-gb:national-archives, Work Focused Interviews for Partners and Enhanced New Deal for Partners: Quantitative Survey Research ,RR335,2006,,https://webarchive.nationalarchives.gov.uk/ukgwa/20100208140056mp_/http://research.dwp.gov.uk/asd/asd5/rports2005-2006/rrep335.pdf,,,Department for Work and Pensions,England,The National Archives,Contains public sector information licensed under the Open Government Licence v3.0.,https://webarchive.nationalarchives.gov.uk/ukgwa/20160107144900/https://www.nationalarchives.gov.uk/doc/open-government-licence/version/3/,© Crown copyright,research|analysis,,,5/16/2024 1:19pm,,report,POCO,,,,,POCO_POGO|POCO_POGO_GB|POCO_POGO_GB_V1,en,United Kingdom (GB),,DWP Reports
https://webarchive.nationalarchives.gov.uk/ukgwa/20100208134821mp_/http://research.dwp.gov.uk/asd/asd5/rports2005-2006/rrep334.pdf,department-for-work-and-pensions-gb,department-for-work-and-pensions-gb:national-archives, Which pensioners don't spend their income and why? ,RR334,2006,,https://webarchive.nationalarchives.gov.uk/ukgwa/20100208134821mp_/http://research.dwp.gov.uk/asd/asd5/rports2005-2006/rrep334.pdf,,,Department for Work and Pensions,England,The National Archives,Contains public sector information licensed under the Open Government Licence v3.0.,https://webarchive.nationalarchives.gov.uk/ukgwa/20160107144900/https://www.nationalarchives.gov.uk/doc/open-government-licence/version/3/,© Crown copyright,research|analysis,,,5/16/2024 1:19pm,,report,POCO,,,,,POCO_POGO|POCO_POGO_GB|POCO_POGO_GB_V1,en,United Kingdom (GB),,DWP Reports
https://webarchive.nationalarchives.gov.uk/ukgwa/20091212062356mp_/http://research.dwp.gov.uk/asd/asd5/rports2005-2006/Report333.pdf,department-for-work-and-pensions-gb,department-for-work-and-pensions-gb:national-archives, Ethnic minority populations and the labour market: an analysis of the 1991 and 2001 Census ,RR333,2006,,https://webarchive.nationalarchives.gov.uk/ukgwa/20091212062356mp_/http://research.dwp.gov.uk/asd/asd5/rports2005-2006/Report333.pdf,,,Department for Work and Pensions,England,The National Archives,Contains public sector information licensed under the Open Government Licence v3.0.,https://webarchive.nationalarchives.gov.uk/ukgwa/20160107144900/https://www.nationalarchives.gov.uk/doc/open-government-licence/version/3/,© Crown copyright,research|analysis,,,5/16/2024 1:19pm,,report,POCO,,,,,POCO_POGO|POCO_POGO_GB|POCO_POGO_GB_V1,en,United Kingdom (GB),,DWP Reports
https://webarchive.nationalarchives.gov.uk/ukgwa/20100208135123mp_/http://research.dwp.gov.uk/asd/asd5/rports2005-2006/rrep332.pdf,department-for-work-and-pensions-gb,department-for-work-and-pensions-gb:national-archives, Costs of Administering Housing and Council Tax Benefits ,RR332,2006,,https://webarchive.nationalarchives.gov.uk/ukgwa/20100208135123mp_/http://research.dwp.gov.uk/asd/asd5/rports2005-2006/rrep332.pdf,,,Department for Work and Pensions,England,The National Archives,Contains public sector information licensed under the Open Government Licence v3.0.,https://webarchive.nationalarchives.gov.uk/ukgwa/20160107144900/https://www.nationalarchives.gov.uk/doc/open-government-licence/version/3/,© Crown copyright,research|analysis,,,5/16/2024 1:19pm,,report,POCO,,,,,POCO_POGO|POCO_POGO_GB|POCO_POGO_GB_V1,en,United Kingdom (GB),,DWP Reports
https://webarchive.nationalarchives.gov.uk/ukgwa/20100208135428mp_/http://research.dwp.gov.uk/asd/asd5/rports2005-2006/rport331/rrep331.pdf,department-for-work-and-pensions-gb,department-for-work-and-pensions-gb:national-archives, The Pension Service Customer Survey 2005 ,RR331,2006,,https://webarchive.nationalarchives.gov.uk/ukgwa/20100208135428mp_/http://research.dwp.gov.uk/asd/asd5/rports2005-2006/rport331/rrep331.pdf,,,Department for Work and Pensions,England,The National Archives,Contains public sector information licensed under the Open Government Licence v3.0.,https://webarchive.nationalarchives.gov.uk/ukgwa/20160107144900/https://www.nationalarchives.gov.uk/doc/open-government-licence/version/3/,© Crown copyright,research|analysis,,,5/16/2024 1:19pm,,report,POCO,,,,,POCO_POGO|POCO_POGO_GB|POCO_POGO_GB_V1,en,United Kingdom (GB),,DWP Reports
https://webarchive.nationalarchives.gov.uk/ukgwa/20100208142033mp_/http://research.dwp.gov.uk/asd/asd5/rports2005-2006/rrep330.pdf,department-for-work-and-pensions-gb,department-for-work-and-pensions-gb:national-archives, Making random assignment happen: Evidence from the UK Employment Retention and Advancement (ERA) demonstration ,RR330,2006,,https://webarchive.nationalarchives.gov.uk/ukgwa/20100208142033mp_/http://research.dwp.gov.uk/asd/asd5/rports2005-2006/rrep330.pdf,,,Department for Work and Pensions,England,The National Archives,Contains public sector information licensed under the Open Government Licence v3.0.,https://webarchive.nationalarchives.gov.uk/ukgwa/20160107144900/https://www.nationalarchives.gov.uk/doc/open-government-licence/version/3/,© Crown copyright,research|analysis,,,5/16/2024 1:19pm,,report,POCO,,,,,POCO_POGO|POCO_POGO_GB|POCO_POGO_GB_V1,en,United Kingdom (GB),,DWP Reports
https://webarchive.nationalarchives.gov.uk/ukgwa/20100208135856mp_/http://research.dwp.gov.uk/asd/asd5/rports2005-2006/rrep329.pdf,department-for-work-and-pensions-gb,department-for-work-and-pensions-gb:national-archives, Employers' Pension Provision Survey 2005 ,RR329,2006,,https://webarchive.nationalarchives.gov.uk/ukgwa/20100208135856mp_/http://research.dwp.gov.uk/asd/asd5/rports2005-2006/rrep329.pdf,,,Department for Work and Pensions,England,The National Archives,Contains public sector information licensed under the Open Government Licence v3.0.,https://webarchive.nationalarchives.gov.uk/ukgwa/20160107144900/https://www.nationalarchives.gov.uk/doc/open-government-licence/version/3/,© Crown copyright,research|analysis,,,5/16/2024 1:19pm,,report,POCO,,,,,POCO_POGO|POCO_POGO_GB|POCO_POGO_GB_V1,en,United Kingdom (GB),,DWP Reports
https://webarchive.nationalarchives.gov.uk/ukgwa/20100208135512mp_/http://research.dwp.gov.uk/asd/asd5/rports2005-2006/rrep328.pdf,department-for-work-and-pensions-gb,department-for-work-and-pensions-gb:national-archives, Review of Action Teams for Jobs ,RR328,2006,,https://webarchive.nationalarchives.gov.uk/ukgwa/20100208135512mp_/http://research.dwp.gov.uk/asd/asd5/rports2005-2006/rrep328.pdf,,,Department for Work and Pensions,England,The National Archives,Contains public sector information licensed under the Open Government Licence v3.0.,https://webarchive.nationalarchives.gov.uk/ukgwa/20160107144900/https://www.nationalarchives.gov.uk/doc/open-government-licence/version/3/,© Crown copyright,research|analysis,,,5/16/2024 1:19pm,,report,POCO,,,,,POCO_POGO|POCO_POGO_GB|POCO_POGO_GB_V1,en,United Kingdom (GB),,DWP Reports
https://webarchive.nationalarchives.gov.uk/ukgwa/20100208135234mp_/http://research.dwp.gov.uk/asd/asd5/rports2005-2006/rrep327.pdf,department-for-work-and-pensions-gb,department-for-work-and-pensions-gb:national-archives, An investigation of CSA Maintenance Direct Payments: Qualitative study ,RR327,2006,,https://webarchive.nationalarchives.gov.uk/ukgwa/20100208135234mp_/http://research.dwp.gov.uk/asd/asd5/rports2005-2006/rrep327.pdf,,,Department for Work and Pensions,England,The National Archives,Contains public sector information licensed under the Open Government Licence v3.0.,https://webarchive.nationalarchives.gov.uk/ukgwa/20160107144900/https://www.nationalarchives.gov.uk/doc/open-government-licence/version/3/,© Crown copyright,research|analysis,,,5/16/2024 1:19pm,,report,POCO,,,,,POCO_POGO|POCO_POGO_GB|POCO_POGO_GB_V1,en,United Kingdom (GB),,DWP Reports
https://webarchive.nationalarchives.gov.uk/ukgwa/20100208141926mp_/http://research.dwp.gov.uk/asd/asd5/rports2005-2006/rrep326.pdf,department-for-work-and-pensions-gb,department-for-work-and-pensions-gb:national-archives, Maximising the role of outreach in client engagement ,RR326,2006,,https://webarchive.nationalarchives.gov.uk/ukgwa/20100208141926mp_/http://research.dwp.gov.uk/asd/asd5/rports2005-2006/rrep326.pdf,,,Department for Work and Pensions,England,The National Archives,Contains public sector information licensed under the Open Government Licence v3.0.,https://webarchive.nationalarchives.gov.uk/ukgwa/20160107144900/https://www.nationalarchives.gov.uk/doc/open-government-licence/version/3/,© Crown copyright,research|analysis,,,5/16/2024 1:19pm,,report,POCO,,,,,POCO_POGO|POCO_POGO_GB|POCO_POGO_GB_V1,en,United Kingdom (GB),,DWP Reports
https://webarchive.nationalarchives.gov.uk/ukgwa/20100202134209mp_/http://research.dwp.gov.uk/asd/asd5/rports2005-2006/rrep325.pdf,department-for-work-and-pensions-gb,department-for-work-and-pensions-gb:national-archives," Survey of employers' policies, practices and preferences relating to age ",RR325,2006,,https://webarchive.nationalarchives.gov.uk/ukgwa/20100202134209mp_/http://research.dwp.gov.uk/asd/asd5/rports2005-2006/rrep325.pdf,,,Department for Work and Pensions,England,The National Archives,Contains public sector information licensed under the Open Government Licence v3.0.,https://webarchive.nationalarchives.gov.uk/ukgwa/20160107144900/https://www.nationalarchives.gov.uk/doc/open-government-licence/version/3/,© Crown copyright,research|analysis,,,5/16/2024 1:19pm,,report,POCO,,,,,POCO_POGO|POCO_POGO_GB|POCO_POGO_GB_V1,en,United Kingdom (GB),,DWP Reports
https://webarchive.nationalarchives.gov.uk/ukgwa/20100208135059mp_/http://research.dwp.gov.uk/asd/asd5/rports2005-2006/rrep324.pdf,department-for-work-and-pensions-gb,department-for-work-and-pensions-gb:national-archives," New Deal for Disabled People Evaluation: Survey of Eligible Population, Wave Three ",RR324,2006,,https://webarchive.nationalarchives.gov.uk/ukgwa/20100208135059mp_/http://research.dwp.gov.uk/asd/asd5/rports2005-2006/rrep324.pdf,,,Department for Work and Pensions,England,The National Archives,Contains public sector information licensed under the Open Government Licence v3.0.,https://webarchive.nationalarchives.gov.uk/ukgwa/20160107144900/https://www.nationalarchives.gov.uk/doc/open-government-licence/version/3/,© Crown copyright,research|analysis,,,5/16/2024 1:19pm,,report,POCO,,,,,POCO_POGO|POCO_POGO_GB|POCO_POGO_GB_V1,en,United Kingdom (GB),,DWP Reports
https://webarchive.nationalarchives.gov.uk/ukgwa/20100208140251mp_/http://research.dwp.gov.uk/asd/asd5/rports2005-2006/rrep323.pdf,department-for-work-and-pensions-gb,department-for-work-and-pensions-gb:national-archives, Pathways to Work - extension to some existing customers Early findings from qualitative research ,RR323,2006,,https://webarchive.nationalarchives.gov.uk/ukgwa/20100208140251mp_/http://research.dwp.gov.uk/asd/asd5/rports2005-2006/rrep323.pdf,,,Department for Work and Pensions,England,The National Archives,Contains public sector information licensed under the Open Government Licence v3.0.,https://webarchive.nationalarchives.gov.uk/ukgwa/20160107144900/https://www.nationalarchives.gov.uk/doc/open-government-licence/version/3/,© Crown copyright,research|analysis,,,5/16/2024 1:19pm,,report,POCO,,,,,POCO_POGO|POCO_POGO_GB|POCO_POGO_GB_V1,en,United Kingdom (GB),,DWP Reports
https://webarchive.nationalarchives.gov.uk/ukgwa/20100208135504mp_/http://research.dwp.gov.uk/asd/asd5/rports2005-2006/rrep322.pdf,department-for-work-and-pensions-gb,department-for-work-and-pensions-gb:national-archives, Update to the mid-term evaluation of the Objective 3 operational programme for England and Gibraltar - Final report ,RR322,2006,,https://webarchive.nationalarchives.gov.uk/ukgwa/20100208135504mp_/http://research.dwp.gov.uk/asd/asd5/rports2005-2006/rrep322.pdf,,,Department for Work and Pensions,England,The National Archives,Contains public sector information licensed under the Open Government Licence v3.0.,https://webarchive.nationalarchives.gov.uk/ukgwa/20160107144900/https://www.nationalarchives.gov.uk/doc/open-government-licence/version/3/,© Crown copyright,research|analysis,,,5/16/2024 1:19pm,,report,POCO,,,,,POCO_POGO|POCO_POGO_GB|POCO_POGO_GB_V1,en,United Kingdom (GB),,DWP Reports
https://webarchive.nationalarchives.gov.uk/ukgwa/20100208140524mp_/http://research.dwp.gov.uk/asd/asd5/rports2005-2006/rrep321.pdf,department-for-work-and-pensions-gb,department-for-work-and-pensions-gb:national-archives," Update to the Mid-Term Evaluation of the Community Support Framework for England/Gibraltar, Scotland and Wales ",RR321,2006,,https://webarchive.nationalarchives.gov.uk/ukgwa/20100208140524mp_/http://research.dwp.gov.uk/asd/asd5/rports2005-2006/rrep321.pdf,,,Department for Work and Pensions,England,The National Archives,Contains public sector information licensed under the Open Government Licence v3.0.,https://webarchive.nationalarchives.gov.uk/ukgwa/20160107144900/https://www.nationalarchives.gov.uk/doc/open-government-licence/version/3/,© Crown copyright,research|analysis,,,5/16/2024 1:19pm,,report,POCO,,,,,POCO_POGO|POCO_POGO_GB|POCO_POGO_GB_V1,en,United Kingdom (GB),,DWP Reports
https://webarchive.nationalarchives.gov.uk/ukgwa/20100208141855mp_/http://research.dwp.gov.uk/asd/asd5/rports2005-2006/rrep320.pdf,department-for-work-and-pensions-gb,department-for-work-and-pensions-gb:national-archives, Evaluation of the Job Outcome Target Pilots: synthesis report ,RR320,2006,,https://webarchive.nationalarchives.gov.uk/ukgwa/20100208141855mp_/http://research.dwp.gov.uk/asd/asd5/rports2005-2006/rrep320.pdf,,,Department for Work and Pensions,England,The National Archives,Contains public sector information licensed under the Open Government Licence v3.0.,https://webarchive.nationalarchives.gov.uk/ukgwa/20160107144900/https://www.nationalarchives.gov.uk/doc/open-government-licence/version/3/,© Crown copyright,research|analysis,,,5/16/2024 1:19pm,,report,POCO,,,,,POCO_POGO|POCO_POGO_GB|POCO_POGO_GB_V1,en,United Kingdom (GB),,DWP Reports
https://webarchive.nationalarchives.gov.uk/ukgwa/20100208140558mp_/http://research.dwp.gov.uk/asd/asd5/rports2005-2006/rrep319.pdf,department-for-work-and-pensions-gb,department-for-work-and-pensions-gb:national-archives, Work Focused Interviews and lone parent initiatives: further analysis of policies and pilots ,RR319,2006,,https://webarchive.nationalarchives.gov.uk/ukgwa/20100208140558mp_/http://research.dwp.gov.uk/asd/asd5/rports2005-2006/rrep319.pdf,,,Department for Work and Pensions,England,The National Archives,Contains public sector information licensed under the Open Government Licence v3.0.,https://webarchive.nationalarchives.gov.uk/ukgwa/20160107144900/https://www.nationalarchives.gov.uk/doc/open-government-licence/version/3/,© Crown copyright,research|analysis,,,5/16/2024 1:19pm,,report,POCO,,,,,POCO_POGO|POCO_POGO_GB|POCO_POGO_GB_V1,en,United Kingdom (GB),,DWP Reports
https://webarchive.nationalarchives.gov.uk/ukgwa/20100208135243mp_/http://research.dwp.gov.uk/asd/asd5/rports2005-2006/rrep318.pdf,department-for-work-and-pensions-gb,department-for-work-and-pensions-gb:national-archives, Survey of annuity pricing ,RR318,2006,,https://webarchive.nationalarchives.gov.uk/ukgwa/20100208135243mp_/http://research.dwp.gov.uk/asd/asd5/rports2005-2006/rrep318.pdf,,,Department for Work and Pensions,England,The National Archives,Contains public sector information licensed under the Open Government Licence v3.0.,https://webarchive.nationalarchives.gov.uk/ukgwa/20160107144900/https://www.nationalarchives.gov.uk/doc/open-government-licence/version/3/,© Crown copyright,research|analysis,,,5/16/2024 1:19pm,,report,POCO,,,,,POCO_POGO|POCO_POGO_GB|POCO_POGO_GB_V1,en,United Kingdom (GB),,DWP Reports
https://webarchive.nationalarchives.gov.uk/ukgwa/+/http://research.dwp.gov.uk/asd/asd5/rports2005-2006/rrep317.pdf,department-for-work-and-pensions-gb,department-for-work-and-pensions-gb:national-archives, Attitudes to making adjustments to common parts of rented and leased residential premises ,RR317,2006,,https://webarchive.nationalarchives.gov.uk/ukgwa/+/http://research.dwp.gov.uk/asd/asd5/rports2005-2006/rrep317.pdf,,,Department for Work and Pensions,England,The National Archives,Contains public sector information licensed under the Open Government Licence v3.0.,https://webarchive.nationalarchives.gov.uk/ukgwa/20160107144900/https://www.nationalarchives.gov.uk/doc/open-government-licence/version/3/,© Crown copyright,research|analysis,,,5/16/2024 1:20pm,,report,POCO,,,,,POCO_POGO|POCO_POGO_GB|POCO_POGO_GB_V1,en,United Kingdom (GB),,DWP Reports
https://webarchive.nationalarchives.gov.uk/ukgwa/20100208134827/http://research.dwp.gov.uk/asd/asd5/rports2005-2006/rrep316.asp,department-for-work-and-pensions-gb,department-for-work-and-pensions-gb:national-archives, Evaluation of the Job Outcome Target Pilots: quantitative study - Final Report ,RR316,2006,,https://webarchive.nationalarchives.gov.uk/ukgwa/20100208134827/http://research.dwp.gov.uk/asd/asd5/rports2005-2006/rrep316.asp,,,Department for Work and Pensions,England,The National Archives,Contains public sector information licensed under the Open Government Licence v3.0.,https://webarchive.nationalarchives.gov.uk/ukgwa/20160107144900/https://www.nationalarchives.gov.uk/doc/open-government-licence/version/3/,© Crown copyright,research|analysis,,,5/16/2024 1:19pm,,report,POCO,,,,,POCO_POGO|POCO_POGO_GB|POCO_POGO_GB_V1,en,United Kingdom (GB),,DWP Reports
https://webarchive.nationalarchives.gov.uk/ukgwa/20100208141731mp_/http://research.dwp.gov.uk/asd/asd5/rports2005-2006/rrep315.pdf,department-for-work-and-pensions-gb,department-for-work-and-pensions-gb:national-archives, LPWFI and review meetings administrative data analyses and qualitative evidence ,RR315,2006,,https://webarchive.nationalarchives.gov.uk/ukgwa/20100208141731mp_/http://research.dwp.gov.uk/asd/asd5/rports2005-2006/rrep315.pdf,,,Department for Work and Pensions,England,The National Archives,Contains public sector information licensed under the Open Government Licence v3.0.,https://webarchive.nationalarchives.gov.uk/ukgwa/20160107144900/https://www.nationalarchives.gov.uk/doc/open-government-licence/version/3/,© Crown copyright,research|analysis,,,5/16/2024 1:19pm,,report,POCO,,,,,POCO_POGO|POCO_POGO_GB|POCO_POGO_GB_V1,en,United Kingdom (GB),,DWP Reports
https://webarchive.nationalarchives.gov.uk/ukgwa/20100208140230mp_/http://research.dwp.gov.uk/asd/asd5/rports2005-2006/rrep314.pdf,department-for-work-and-pensions-gb,department-for-work-and-pensions-gb:national-archives, Jobcentre Plus Local Office Traffic Survey 2005 ,RR314,2006,,https://webarchive.nationalarchives.gov.uk/ukgwa/20100208140230mp_/http://research.dwp.gov.uk/asd/asd5/rports2005-2006/rrep314.pdf,,,Department for Work and Pensions,England,The National Archives,Contains public sector information licensed under the Open Government Licence v3.0.,https://webarchive.nationalarchives.gov.uk/ukgwa/20160107144900/https://www.nationalarchives.gov.uk/doc/open-government-licence/version/3/,© Crown copyright,research|analysis,,,5/16/2024 1:19pm,,report,POCO,,,,,POCO_POGO|POCO_POGO_GB|POCO_POGO_GB_V1,en,United Kingdom (GB),,DWP Reports
https://webarchive.nationalarchives.gov.uk/ukgwa/20091222172300mp_/http://research.dwp.gov.uk/asd/asd5/rports2005-2006/rrep313.pdf,department-for-work-and-pensions-gb,department-for-work-and-pensions-gb:national-archives, A review of the JSA sanctions regime: Summary research findings ,RR313,2006,,https://webarchive.nationalarchives.gov.uk/ukgwa/20091222172300mp_/http://research.dwp.gov.uk/asd/asd5/rports2005-2006/rrep313.pdf,,,Department for Work and Pensions,England,The National Archives,Contains public sector information licensed under the Open Government Licence v3.0.,https://webarchive.nationalarchives.gov.uk/ukgwa/20160107144900/https://www.nationalarchives.gov.uk/doc/open-government-licence/version/3/,© Crown copyright,research|analysis,,,5/16/2024 1:19pm,,report,POCO,,,,,POCO_POGO|POCO_POGO_GB|POCO_POGO_GB_V1,en,United Kingdom (GB),,DWP Reports
https://webarchive.nationalarchives.gov.uk/ukgwa/20100208141159mp_/http://research.dwp.gov.uk/asd/asd5/rports2005-2006/rrep312.pdf,department-for-work-and-pensions-gb,department-for-work-and-pensions-gb:national-archives, Evaluation of the Single Provider Employment Zone Extension ,RR312,2006,,https://webarchive.nationalarchives.gov.uk/ukgwa/20100208141159mp_/http://research.dwp.gov.uk/asd/asd5/rports2005-2006/rrep312.pdf,,,Department for Work and Pensions,England,The National Archives,Contains public sector information licensed under the Open Government Licence v3.0.,https://webarchive.nationalarchives.gov.uk/ukgwa/20160107144900/https://www.nationalarchives.gov.uk/doc/open-government-licence/version/3/,© Crown copyright,research|analysis,,,5/16/2024 1:19pm,,report,POCO,,,,,POCO_POGO|POCO_POGO_GB|POCO_POGO_GB_V1,en,United Kingdom (GB),,DWP Reports
https://webarchive.nationalarchives.gov.uk/ukgwa/20100208141137mp_/http://research.dwp.gov.uk/asd/asd5/rports2005-2006/rrep311.pdf,department-for-work-and-pensions-gb,department-for-work-and-pensions-gb:national-archives, Update to the mid-term evaluation of the UK-GB EQUAL Community Initiative 2000/06 ,RR311,2006,,https://webarchive.nationalarchives.gov.uk/ukgwa/20100208141137mp_/http://research.dwp.gov.uk/asd/asd5/rports2005-2006/rrep311.pdf,,,Department for Work and Pensions,England,The National Archives,Contains public sector information licensed under the Open Government Licence v3.0.,https://webarchive.nationalarchives.gov.uk/ukgwa/20160107144900/https://www.nationalarchives.gov.uk/doc/open-government-licence/version/3/,© Crown copyright,research|analysis,,,5/16/2024 1:19pm,,report,POCO,,,,,POCO_POGO|POCO_POGO_GB|POCO_POGO_GB_V1,en,United Kingdom (GB),,DWP Reports
https://webarchive.nationalarchives.gov.uk/ukgwa/20100208142120mp_/http://research.dwp.gov.uk/asd/asd5/rports2005-2006/rrep310.pdf,department-for-work-and-pensions-gb,department-for-work-and-pensions-gb:national-archives, Evaluation of multiple provider employment zones - early implementation issues ,RR310,2006,,https://webarchive.nationalarchives.gov.uk/ukgwa/20100208142120mp_/http://research.dwp.gov.uk/asd/asd5/rports2005-2006/rrep310.pdf,,,Department for Work and Pensions,England,The National Archives,Contains public sector information licensed under the Open Government Licence v3.0.,https://webarchive.nationalarchives.gov.uk/ukgwa/20160107144900/https://www.nationalarchives.gov.uk/doc/open-government-licence/version/3/,© Crown copyright,research|analysis,,,5/16/2024 1:19pm,,report,POCO,,,,,POCO_POGO|POCO_POGO_GB|POCO_POGO_GB_V1,en,United Kingdom (GB),,DWP Reports
https://webarchive.nationalarchives.gov.uk/ukgwa/20091222172300mp_/http://research.dwp.gov.uk/asd/asd5/rports2005-2006/rrep308.pdf,department-for-work-and-pensions-gb,department-for-work-and-pensions-gb:national-archives, Newborns and new schools: critical times in women's employment ,RR308,2006,,https://webarchive.nationalarchives.gov.uk/ukgwa/20091222172300mp_/http://research.dwp.gov.uk/asd/asd5/rports2005-2006/rrep308.pdf,,,Department for Work and Pensions,England,The National Archives,Contains public sector information licensed under the Open Government Licence v3.0.,https://webarchive.nationalarchives.gov.uk/ukgwa/20160107144900/https://www.nationalarchives.gov.uk/doc/open-government-licence/version/3/,© Crown copyright,research|analysis,,,5/16/2024 1:19pm,,report,POCO,,,,,POCO_POGO|POCO_POGO_GB|POCO_POGO_GB_V1,en,United Kingdom (GB),,DWP Reports
https://webarchive.nationalarchives.gov.uk/ukgwa/20100208135747mp_/http://research.dwp.gov.uk/asd/asd5/rports2005-2006/rrep298.pdf,department-for-work-and-pensions-gb,department-for-work-and-pensions-gb:national-archives, The employment rates of disabled people ,RR298,2006,,https://webarchive.nationalarchives.gov.uk/ukgwa/20100208135747mp_/http://research.dwp.gov.uk/asd/asd5/rports2005-2006/rrep298.pdf,,,Department for Work and Pensions,England,The National Archives,Contains public sector information licensed under the Open Government Licence v3.0.,https://webarchive.nationalarchives.gov.uk/ukgwa/20160107144900/https://www.nationalarchives.gov.uk/doc/open-government-licence/version/3/,© Crown copyright,research|analysis,,,5/16/2024 1:19pm,,report,POCO,,,,,POCO_POGO|POCO_POGO_GB|POCO_POGO_GB_V1,en,United Kingdom (GB),,DWP Reports
https://webarchive.nationalarchives.gov.uk/ukgwa/20100208134854mp_/http://research.dwp.gov.uk/asd/asd5/rports2005-2006/rrep307.pdf,department-for-work-and-pensions-gb,department-for-work-and-pensions-gb:national-archives, Evaluation of Basic Skills Mandatory Training Pilot and National Enhancements ,RR307,2005,,https://webarchive.nationalarchives.gov.uk/ukgwa/20100208134854mp_/http://research.dwp.gov.uk/asd/asd5/rports2005-2006/rrep307.pdf,,,Department for Work and Pensions,England,The National Archives,Contains public sector information licensed under the Open Government Licence v3.0.,https://webarchive.nationalarchives.gov.uk/ukgwa/20160107144900/https://www.nationalarchives.gov.uk/doc/open-government-licence/version/3/,© Crown copyright,research|analysis,,,5/16/2024 1:19pm,,report,POCO,,,,,POCO_POGO|POCO_POGO_GB|POCO_POGO_GB_V1,en,United Kingdom (GB),,DWP Reports
https://webarchive.nationalarchives.gov.uk/ukgwa/20100208141853mp_/http://research.dwp.gov.uk/asd/asd5/rports2005-2006/rrep306.pdf,department-for-work-and-pensions-gb,department-for-work-and-pensions-gb:national-archives, European Social Fund Objective 3 case study research ,RR306,2005,,https://webarchive.nationalarchives.gov.uk/ukgwa/20100208141853mp_/http://research.dwp.gov.uk/asd/asd5/rports2005-2006/rrep306.pdf,,,Department for Work and Pensions,England,The National Archives,Contains public sector information licensed under the Open Government Licence v3.0.,https://webarchive.nationalarchives.gov.uk/ukgwa/20160107144900/https://www.nationalarchives.gov.uk/doc/open-government-licence/version/3/,© Crown copyright,research|analysis,,,5/16/2024 1:19pm,,report,POCO,,,,,POCO_POGO|POCO_POGO_GB|POCO_POGO_GB_V1,en,United Kingdom (GB),,DWP Reports
https://webarchive.nationalarchives.gov.uk/ukgwa/20100208135128mp_/http://research.dwp.gov.uk/asd/asd5/rports2005-2006/rrep305.pdf,department-for-work-and-pensions-gb,department-for-work-and-pensions-gb:national-archives, The Job Retention and Rehabilitation Pilot: reflections on running a randomised controlled trial ,RR305,2005,,https://webarchive.nationalarchives.gov.uk/ukgwa/20100208135128mp_/http://research.dwp.gov.uk/asd/asd5/rports2005-2006/rrep305.pdf,,,Department for Work and Pensions,England,The National Archives,Contains public sector information licensed under the Open Government Licence v3.0.,https://webarchive.nationalarchives.gov.uk/ukgwa/20160107144900/https://www.nationalarchives.gov.uk/doc/open-government-licence/version/3/,© Crown copyright,research|analysis,,,5/16/2024 1:19pm,,report,POCO,,,,,POCO_POGO|POCO_POGO_GB|POCO_POGO_GB_V1,en,United Kingdom (GB),,DWP Reports
https://webarchive.nationalarchives.gov.uk/ukgwa/20100208141215mp_/http://research.dwp.gov.uk/asd/asd5/rports2005-2006/rrep304.pdf,department-for-work-and-pensions-gb,department-for-work-and-pensions-gb:national-archives, Evaluation of online learning module about sickness certification for general practitioners ,RR304,2005,,https://webarchive.nationalarchives.gov.uk/ukgwa/20100208141215mp_/http://research.dwp.gov.uk/asd/asd5/rports2005-2006/rrep304.pdf,,,Department for Work and Pensions,England,The National Archives,Contains public sector information licensed under the Open Government Licence v3.0.,https://webarchive.nationalarchives.gov.uk/ukgwa/20160107144900/https://www.nationalarchives.gov.uk/doc/open-government-licence/version/3/,© Crown copyright,research|analysis,,,5/16/2024 1:19pm,,report,POCO,,,,,POCO_POGO|POCO_POGO_GB|POCO_POGO_GB_V1,en,United Kingdom (GB),,DWP Reports
https://webarchive.nationalarchives.gov.uk/ukgwa/20100208141039mp_/http://research.dwp.gov.uk/asd/asd5/rports2005-2006/rrep303.pdf,department-for-work-and-pensions-gb,department-for-work-and-pensions-gb:national-archives, Evaluation of the European Social Fund Objective 3 support for companies ,RR303,2005,,https://webarchive.nationalarchives.gov.uk/ukgwa/20100208141039mp_/http://research.dwp.gov.uk/asd/asd5/rports2005-2006/rrep303.pdf,,,Department for Work and Pensions,England,The National Archives,Contains public sector information licensed under the Open Government Licence v3.0.,https://webarchive.nationalarchives.gov.uk/ukgwa/20160107144900/https://www.nationalarchives.gov.uk/doc/open-government-licence/version/3/,© Crown copyright,research|analysis,,,5/16/2024 1:19pm,,report,POCO,,,,,POCO_POGO|POCO_POGO_GB|POCO_POGO_GB_V1,en,United Kingdom (GB),,DWP Reports
https://webarchive.nationalarchives.gov.uk/ukgwa/20100208140239mp_/http://research.dwp.gov.uk/asd/asd5/rports2005-2006/rrep302.pdf,department-for-work-and-pensions-gb,department-for-work-and-pensions-gb:national-archives, Evaluation of the Job Outcome Target Pilots: findings from the qualitative study ,RR302,2005,,https://webarchive.nationalarchives.gov.uk/ukgwa/20100208140239mp_/http://research.dwp.gov.uk/asd/asd5/rports2005-2006/rrep302.pdf,,,Department for Work and Pensions,England,The National Archives,Contains public sector information licensed under the Open Government Licence v3.0.,https://webarchive.nationalarchives.gov.uk/ukgwa/20160107144900/https://www.nationalarchives.gov.uk/doc/open-government-licence/version/3/,© Crown copyright,research|analysis,,,5/16/2024 1:19pm,,report,POCO,,,,,POCO_POGO|POCO_POGO_GB|POCO_POGO_GB_V1,en,United Kingdom (GB),,DWP Reports
https://webarchive.nationalarchives.gov.uk/ukgwa/20100208135255mp_/http://research.dwp.gov.uk/asd/asd5/rports2005-2006/rrep301.pdf,department-for-work-and-pensions-gb,department-for-work-and-pensions-gb:national-archives, New Deal for Disabled People: Survey of Employers ,RR301,2005,,https://webarchive.nationalarchives.gov.uk/ukgwa/20100208135255mp_/http://research.dwp.gov.uk/asd/asd5/rports2005-2006/rrep301.pdf,,,Department for Work and Pensions,England,The National Archives,Contains public sector information licensed under the Open Government Licence v3.0.,https://webarchive.nationalarchives.gov.uk/ukgwa/20160107144900/https://www.nationalarchives.gov.uk/doc/open-government-licence/version/3/,© Crown copyright,research|analysis,,,5/16/2024 1:19pm,,report,POCO,,,,,POCO_POGO|POCO_POGO_GB|POCO_POGO_GB_V1,en,United Kingdom (GB),,DWP Reports
https://webarchive.nationalarchives.gov.uk/ukgwa/20100208135407mp_/http://research.dwp.gov.uk/asd/asd5/rports2005-2006/rrep300.pdf,department-for-work-and-pensions-gb,department-for-work-and-pensions-gb:national-archives, The Qualitative Evaluation of the JSA Intervention Regime Pilots ,RR300,2005,,https://webarchive.nationalarchives.gov.uk/ukgwa/20100208135407mp_/http://research.dwp.gov.uk/asd/asd5/rports2005-2006/rrep300.pdf,,,Department for Work and Pensions,England,The National Archives,Contains public sector information licensed under the Open Government Licence v3.0.,https://webarchive.nationalarchives.gov.uk/ukgwa/20160107144900/https://www.nationalarchives.gov.uk/doc/open-government-licence/version/3/,© Crown copyright,research|analysis,,,5/16/2024 1:19pm,,report,POCO,,,,,POCO_POGO|POCO_POGO_GB|POCO_POGO_GB_V1,en,United Kingdom (GB),,DWP Reports
https://webarchive.nationalarchives.gov.uk/ukgwa/20100208141649mp_/http://research.dwp.gov.uk/asd/asd5/rports2005-2006/rrep299.pdf,department-for-work-and-pensions-gb,department-for-work-and-pensions-gb:national-archives, Extending working life: A review of the research literature ,RR299,2005,,https://webarchive.nationalarchives.gov.uk/ukgwa/20100208141649mp_/http://research.dwp.gov.uk/asd/asd5/rports2005-2006/rrep299.pdf,,,Department for Work and Pensions,England,The National Archives,Contains public sector information licensed under the Open Government Licence v3.0.,https://webarchive.nationalarchives.gov.uk/ukgwa/20160107144900/https://www.nationalarchives.gov.uk/doc/open-government-licence/version/3/,© Crown copyright,research|analysis,,,5/16/2024 1:19pm,,report,POCO,,,,,POCO_POGO|POCO_POGO_GB|POCO_POGO_GB_V1,en,United Kingdom (GB),,DWP Reports
https://webarchive.nationalarchives.gov.uk/ukgwa/20100208142121mp_/http://research.dwp.gov.uk/asd/asd5/rports2005-2006/rrep297.pdf,department-for-work-and-pensions-gb,department-for-work-and-pensions-gb:national-archives, Evaluation of the Working Neighbourhoods Pilot: Year One ,RR297,2005,,https://webarchive.nationalarchives.gov.uk/ukgwa/20100208142121mp_/http://research.dwp.gov.uk/asd/asd5/rports2005-2006/rrep297.pdf,,,Department for Work and Pensions,England,The National Archives,Contains public sector information licensed under the Open Government Licence v3.0.,https://webarchive.nationalarchives.gov.uk/ukgwa/20160107144900/https://www.nationalarchives.gov.uk/doc/open-government-licence/version/3/,© Crown copyright,research|analysis,,,5/16/2024 1:19pm,,report,POCO,,,,,POCO_POGO|POCO_POGO_GB|POCO_POGO_GB_V1,en,United Kingdom (GB),,DWP Reports
https://webarchive.nationalarchives.gov.uk/ukgwa/20100208135012mp_/http://research.dwp.gov.uk/asd/asd5/rports2005-2006/rrep296.pdf,department-for-work-and-pensions-gb,department-for-work-and-pensions-gb:national-archives, Labour market transitions among the over-50s ,RR296,2005,,https://webarchive.nationalarchives.gov.uk/ukgwa/20100208135012mp_/http://research.dwp.gov.uk/asd/asd5/rports2005-2006/rrep296.pdf,,,Department for Work and Pensions,England,The National Archives,Contains public sector information licensed under the Open Government Licence v3.0.,https://webarchive.nationalarchives.gov.uk/ukgwa/20160107144900/https://www.nationalarchives.gov.uk/doc/open-government-licence/version/3/,© Crown copyright,research|analysis,,,5/16/2024 1:19pm,,report,POCO,,,,,POCO_POGO|POCO_POGO_GB|POCO_POGO_GB_V1,en,United Kingdom (GB),,DWP Reports
https://webarchive.nationalarchives.gov.uk/ukgwa/20100208135730mp_/http://research.dwp.gov.uk/asd/asd5/rports2005-2006/rrep295.pdf,department-for-work-and-pensions-gb,department-for-work-and-pensions-gb:national-archives," What employers look for when recruiting the unemployed and inactive: skills, characteristics and qualifications ",RR295,2005,,https://webarchive.nationalarchives.gov.uk/ukgwa/20100208135730mp_/http://research.dwp.gov.uk/asd/asd5/rports2005-2006/rrep295.pdf,,,Department for Work and Pensions,England,The National Archives,Contains public sector information licensed under the Open Government Licence v3.0.,https://webarchive.nationalarchives.gov.uk/ukgwa/20160107144900/https://www.nationalarchives.gov.uk/doc/open-government-licence/version/3/,© Crown copyright,research|analysis,,,5/16/2024 1:19pm,,report,POCO,,,,,POCO_POGO|POCO_POGO_GB|POCO_POGO_GB_V1,en,United Kingdom (GB),,DWP Reports
https://webarchive.nationalarchives.gov.uk/ukgwa/20100208135424mp_/http://research.dwp.gov.uk/asd/asd5/rports2005-2006/rrep294.pdf,department-for-work-and-pensions-gb,department-for-work-and-pensions-gb:national-archives, Providing pensions information and advice in the workplace where there is little or no employer contribution ,RR294,2005,,https://webarchive.nationalarchives.gov.uk/ukgwa/20100208135424mp_/http://research.dwp.gov.uk/asd/asd5/rports2005-2006/rrep294.pdf,,,Department for Work and Pensions,England,The National Archives,Contains public sector information licensed under the Open Government Licence v3.0.,https://webarchive.nationalarchives.gov.uk/ukgwa/20160107144900/https://www.nationalarchives.gov.uk/doc/open-government-licence/version/3/,© Crown copyright,research|analysis,,,5/16/2024 1:19pm,,report,POCO,,,,,POCO_POGO|POCO_POGO_GB|POCO_POGO_GB_V1,en,United Kingdom (GB),,DWP Reports
https://webarchive.nationalarchives.gov.uk/ukgwa/20100208141106mp_/http://research.dwp.gov.uk/asd/asd5/rports2005-2006/rrep293.pdf,department-for-work-and-pensions-gb,department-for-work-and-pensions-gb:national-archives, Combined Pension Forecasts - a survey of their impact on recipients ,RR293,2005,,https://webarchive.nationalarchives.gov.uk/ukgwa/20100208141106mp_/http://research.dwp.gov.uk/asd/asd5/rports2005-2006/rrep293.pdf,,,Department for Work and Pensions,England,The National Archives,Contains public sector information licensed under the Open Government Licence v3.0.,https://webarchive.nationalarchives.gov.uk/ukgwa/20160107144900/https://www.nationalarchives.gov.uk/doc/open-government-licence/version/3/,© Crown copyright,research|analysis,,,5/16/2024 1:19pm,,report,POCO,,,,,POCO_POGO|POCO_POGO_GB|POCO_POGO_GB_V1,en,United Kingdom (GB),,DWP Reports
https://webarchive.nationalarchives.gov.uk/ukgwa/20100208142201mp_/http://research.dwp.gov.uk/asd/asd5/rports2005-2006/rrep292.pdf,department-for-work-and-pensions-gb,department-for-work-and-pensions-gb:national-archives, An evaluation of scheme joining techniques in workplace pension schemes with an employer contribution ,RR292,2005,,https://webarchive.nationalarchives.gov.uk/ukgwa/20100208142201mp_/http://research.dwp.gov.uk/asd/asd5/rports2005-2006/rrep292.pdf,,,Department for Work and Pensions,England,The National Archives,Contains public sector information licensed under the Open Government Licence v3.0.,https://webarchive.nationalarchives.gov.uk/ukgwa/20160107144900/https://www.nationalarchives.gov.uk/doc/open-government-licence/version/3/,© Crown copyright,research|analysis,,,5/16/2024 1:19pm,,report,POCO,,,,,POCO_POGO|POCO_POGO_GB|POCO_POGO_GB_V1,en,United Kingdom (GB),,DWP Reports
https://webarchive.nationalarchives.gov.uk/ukgwa/20100208141553mp_/http://research.dwp.gov.uk/asd/asd5/rports2005-2006/rrep291.pdf,department-for-work-and-pensions-gb,department-for-work-and-pensions-gb:national-archives, Training participation by age amongst unemployed and inactive people ,RR291,2005,,https://webarchive.nationalarchives.gov.uk/ukgwa/20100208141553mp_/http://research.dwp.gov.uk/asd/asd5/rports2005-2006/rrep291.pdf,,,Department for Work and Pensions,England,The National Archives,Contains public sector information licensed under the Open Government Licence v3.0.,https://webarchive.nationalarchives.gov.uk/ukgwa/20160107144900/https://www.nationalarchives.gov.uk/doc/open-government-licence/version/3/,© Crown copyright,research|analysis,,,5/16/2024 1:19pm,,report,POCO,,,,,POCO_POGO|POCO_POGO_GB|POCO_POGO_GB_V1,en,United Kingdom (GB),,DWP Reports
https://webarchive.nationalarchives.gov.uk/ukgwa/20100208140135mp_/http://research.dwp.gov.uk/asd/asd5/rports2005-2006/rrep290.pdf,department-for-work-and-pensions-gb,department-for-work-and-pensions-gb:national-archives, Carers' aspirations and decisions around work and retirement ,RR290,2005,,https://webarchive.nationalarchives.gov.uk/ukgwa/20100208140135mp_/http://research.dwp.gov.uk/asd/asd5/rports2005-2006/rrep290.pdf,,,Department for Work and Pensions,England,The National Archives,Contains public sector information licensed under the Open Government Licence v3.0.,https://webarchive.nationalarchives.gov.uk/ukgwa/20160107144900/https://www.nationalarchives.gov.uk/doc/open-government-licence/version/3/,© Crown copyright,research|analysis,,,5/16/2024 1:19pm,,report,POCO,,,,,POCO_POGO|POCO_POGO_GB|POCO_POGO_GB_V1,en,United Kingdom (GB),,DWP Reports
https://webarchive.nationalarchives.gov.uk/ukgwa/20100208141828mp_/http://research.dwp.gov.uk/asd/asd5/rports2005-2006/rrep289.pdf,department-for-work-and-pensions-gb,department-for-work-and-pensions-gb:national-archives, Advice on pensions and saving for retirement: Qualitative research with financial intermediaries ,RR289,2005,,https://webarchive.nationalarchives.gov.uk/ukgwa/20100208141828mp_/http://research.dwp.gov.uk/asd/asd5/rports2005-2006/rrep289.pdf,,,Department for Work and Pensions,England,The National Archives,Contains public sector information licensed under the Open Government Licence v3.0.,https://webarchive.nationalarchives.gov.uk/ukgwa/20160107144900/https://www.nationalarchives.gov.uk/doc/open-government-licence/version/3/,© Crown copyright,research|analysis,,,5/16/2024 1:19pm,,report,POCO,,,,,POCO_POGO|POCO_POGO_GB|POCO_POGO_GB_V1,en,United Kingdom (GB),,DWP Reports
https://webarchive.nationalarchives.gov.uk/ukgwa/20100208141735mp_/http://research.dwp.gov.uk/asd/asd5/rports2005-2006/rrep288.pdf,department-for-work-and-pensions-gb,department-for-work-and-pensions-gb:national-archives, The use of contestability and flexibility in the delivery of welfare services in Australia and the Netherlands ,RR288,2005,,https://webarchive.nationalarchives.gov.uk/ukgwa/20100208141735mp_/http://research.dwp.gov.uk/asd/asd5/rports2005-2006/rrep288.pdf,,,Department for Work and Pensions,England,The National Archives,Contains public sector information licensed under the Open Government Licence v3.0.,https://webarchive.nationalarchives.gov.uk/ukgwa/20160107144900/https://www.nationalarchives.gov.uk/doc/open-government-licence/version/3/,© Crown copyright,research|analysis,,,5/16/2024 1:19pm,,report,POCO,,,,,POCO_POGO|POCO_POGO_GB|POCO_POGO_GB_V1,en,United Kingdom (GB),,DWP Reports
https://webarchive.nationalarchives.gov.uk/ukgwa/20100208140842mp_/http://research.dwp.gov.uk/asd/asd5/rports2005-2006/rrep287.pdf,department-for-work-and-pensions-gb,department-for-work-and-pensions-gb:national-archives, Evaluation of the European Social Fund Objective 3 Global Grants programme ,RR287,2005,,https://webarchive.nationalarchives.gov.uk/ukgwa/20100208140842mp_/http://research.dwp.gov.uk/asd/asd5/rports2005-2006/rrep287.pdf,,,Department for Work and Pensions,England,The National Archives,Contains public sector information licensed under the Open Government Licence v3.0.,https://webarchive.nationalarchives.gov.uk/ukgwa/20160107144900/https://www.nationalarchives.gov.uk/doc/open-government-licence/version/3/,© Crown copyright,research|analysis,,,5/16/2024 1:19pm,,report,POCO,,,,,POCO_POGO|POCO_POGO_GB|POCO_POGO_GB_V1,en,United Kingdom (GB),,DWP Reports
https://webarchive.nationalarchives.gov.uk/ukgwa/20100208135157mp_/http://research.dwp.gov.uk/asd/asd5/rports2005-2006/rrep286.pdf,department-for-work-and-pensions-gb,department-for-work-and-pensions-gb:national-archives, Research into multiple disadvantaged groups in European Social Fund Objective 3 in England ,RR286,2005,,https://webarchive.nationalarchives.gov.uk/ukgwa/20100208135157mp_/http://research.dwp.gov.uk/asd/asd5/rports2005-2006/rrep286.pdf,,,Department for Work and Pensions,England,The National Archives,Contains public sector information licensed under the Open Government Licence v3.0.,https://webarchive.nationalarchives.gov.uk/ukgwa/20160107144900/https://www.nationalarchives.gov.uk/doc/open-government-licence/version/3/,© Crown copyright,research|analysis,,,5/16/2024 1:19pm,,report,POCO,,,,,POCO_POGO|POCO_POGO_GB|POCO_POGO_GB_V1,en,United Kingdom (GB),,DWP Reports
https://webarchive.nationalarchives.gov.uk/ukgwa/20100208134819mp_/http://research.dwp.gov.uk/asd/asd5/rports2005-2006/rrep285.pdf,department-for-work-and-pensions-gb,department-for-work-and-pensions-gb:national-archives, Investigating the compliance of Child Support Agency clients ,RR285,2005,,https://webarchive.nationalarchives.gov.uk/ukgwa/20100208134819mp_/http://research.dwp.gov.uk/asd/asd5/rports2005-2006/rrep285.pdf,,,Department for Work and Pensions,England,The National Archives,Contains public sector information licensed under the Open Government Licence v3.0.,https://webarchive.nationalarchives.gov.uk/ukgwa/20160107144900/https://www.nationalarchives.gov.uk/doc/open-government-licence/version/3/,© Crown copyright,research|analysis,,,5/16/2024 1:19pm,,report,POCO,,,,,POCO_POGO|POCO_POGO_GB|POCO_POGO_GB_V1,en,United Kingdom (GB),,DWP Reports
https://webarchive.nationalarchives.gov.uk/ukgwa/20100208135743mp_/http://research.dwp.gov.uk/asd/asd5/rports2005-2006/rrep284.pdf,department-for-work-and-pensions-gb,department-for-work-and-pensions-gb:national-archives, Jobcentre Plus Service Delivery Wave Two ,RR284,2005,,https://webarchive.nationalarchives.gov.uk/ukgwa/20100208135743mp_/http://research.dwp.gov.uk/asd/asd5/rports2005-2006/rrep284.pdf,,,Department for Work and Pensions,England,The National Archives,Contains public sector information licensed under the Open Government Licence v3.0.,https://webarchive.nationalarchives.gov.uk/ukgwa/20160107144900/https://www.nationalarchives.gov.uk/doc/open-government-licence/version/3/,© Crown copyright,research|analysis,,,5/16/2024 1:19pm,,report,POCO,,,,,POCO_POGO|POCO_POGO_GB|POCO_POGO_GB_V1,en,United Kingdom (GB),,DWP Reports
https://webarchive.nationalarchives.gov.uk/ukgwa/20100208135051mp_/http://research.dwp.gov.uk/asd/asd5/rports2005-2006/rrep283.pdf,department-for-work-and-pensions-gb,department-for-work-and-pensions-gb:national-archives," Work Focused Interviews for Partners and Enhanced New Deal for Partners: Qualitative Evaluation, Phase One ",RR283,2005,,https://webarchive.nationalarchives.gov.uk/ukgwa/20100208135051mp_/http://research.dwp.gov.uk/asd/asd5/rports2005-2006/rrep283.pdf,,,Department for Work and Pensions,England,The National Archives,Contains public sector information licensed under the Open Government Licence v3.0.,https://webarchive.nationalarchives.gov.uk/ukgwa/20160107144900/https://www.nationalarchives.gov.uk/doc/open-government-licence/version/3/,© Crown copyright,research|analysis,,,5/16/2024 1:19pm,,report,POCO,,,,,POCO_POGO|POCO_POGO_GB|POCO_POGO_GB_V1,en,United Kingdom (GB),,DWP Reports
https://webarchive.nationalarchives.gov.uk/ukgwa/20100208140125mp_/http://research.dwp.gov.uk/asd/asd5/rports2005-2006/rrep282.pdf,department-for-work-and-pensions-gb,department-for-work-and-pensions-gb:national-archives, Jobcentre Plus National Customer Satisfaction Survey 2005 ,RR282,2005,,https://webarchive.nationalarchives.gov.uk/ukgwa/20100208140125mp_/http://research.dwp.gov.uk/asd/asd5/rports2005-2006/rrep282.pdf,,,Department for Work and Pensions,England,The National Archives,Contains public sector information licensed under the Open Government Licence v3.0.,https://webarchive.nationalarchives.gov.uk/ukgwa/20160107144900/https://www.nationalarchives.gov.uk/doc/open-government-licence/version/3/,© Crown copyright,research|analysis,,,5/16/2024 1:19pm,,report,POCO,,,,,POCO_POGO|POCO_POGO_GB|POCO_POGO_GB_V1,en,United Kingdom (GB),,DWP Reports
https://webarchive.nationalarchives.gov.uk/ukgwa/20100208135755mp_/http://research.dwp.gov.uk/asd/asd5/rports2005-2006/rrep281.pdf,department-for-work-and-pensions-gb,department-for-work-and-pensions-gb:national-archives, Factors affecting the labour market participation of older workers: qualitative research ,RR281,2005,,https://webarchive.nationalarchives.gov.uk/ukgwa/20100208135755mp_/http://research.dwp.gov.uk/asd/asd5/rports2005-2006/rrep281.pdf,,,Department for Work and Pensions,England,The National Archives,Contains public sector information licensed under the Open Government Licence v3.0.,https://webarchive.nationalarchives.gov.uk/ukgwa/20160107144900/https://www.nationalarchives.gov.uk/doc/open-government-licence/version/3/,© Crown copyright,research|analysis,,,5/16/2024 1:19pm,,report,POCO,,,,,POCO_POGO|POCO_POGO_GB|POCO_POGO_GB_V1,en,United Kingdom (GB),,DWP Reports
https://webarchive.nationalarchives.gov.uk/ukgwa/20100208140232mp_/http://research.dwp.gov.uk/asd/asd5/rports2005-2006/rrep280.pdf,department-for-work-and-pensions-gb,department-for-work-and-pensions-gb:national-archives, The use and development of alternative service delivery channels in Jobcentre Plus: a review of recent evidence ,RR280,2005,,https://webarchive.nationalarchives.gov.uk/ukgwa/20100208140232mp_/http://research.dwp.gov.uk/asd/asd5/rports2005-2006/rrep280.pdf,,,Department for Work and Pensions,England,The National Archives,Contains public sector information licensed under the Open Government Licence v3.0.,https://webarchive.nationalarchives.gov.uk/ukgwa/20160107144900/https://www.nationalarchives.gov.uk/doc/open-government-licence/version/3/,© Crown copyright,research|analysis,,,5/16/2024 1:19pm,,report,POCO,,,,,POCO_POGO|POCO_POGO_GB|POCO_POGO_GB_V1,en,United Kingdom (GB),,DWP Reports
https://webarchive.nationalarchives.gov.uk/ukgwa/20100208141603mp_/http://research.dwp.gov.uk/asd/asd5/rports2005-2006/rrep279.pdf,department-for-work-and-pensions-gb,department-for-work-and-pensions-gb:national-archives, Desirable outcomes of WORKSTEP : user and provider views ,RR279,2005,,https://webarchive.nationalarchives.gov.uk/ukgwa/20100208141603mp_/http://research.dwp.gov.uk/asd/asd5/rports2005-2006/rrep279.pdf,,,Department for Work and Pensions,England,The National Archives,Contains public sector information licensed under the Open Government Licence v3.0.,https://webarchive.nationalarchives.gov.uk/ukgwa/20160107144900/https://www.nationalarchives.gov.uk/doc/open-government-licence/version/3/,© Crown copyright,research|analysis,,,5/16/2024 1:19pm,,report,POCO,,,,,POCO_POGO|POCO_POGO_GB|POCO_POGO_GB_V1,en,United Kingdom (GB),,DWP Reports
https://webarchive.nationalarchives.gov.uk/ukgwa/20100208134924mp_/http://research.dwp.gov.uk/asd/asd5/rports2005-2006/rrep278.pdf,department-for-work-and-pensions-gb,department-for-work-and-pensions-gb:national-archives, Incapacity Benefit reforms - the Personal Adviser role and practices: Stage Two ,RR278,2005,,https://webarchive.nationalarchives.gov.uk/ukgwa/20100208134924mp_/http://research.dwp.gov.uk/asd/asd5/rports2005-2006/rrep278.pdf,,,Department for Work and Pensions,England,The National Archives,Contains public sector information licensed under the Open Government Licence v3.0.,https://webarchive.nationalarchives.gov.uk/ukgwa/20160107144900/https://www.nationalarchives.gov.uk/doc/open-government-licence/version/3/,© Crown copyright,research|analysis,,,5/16/2024 1:19pm,,report,POCO,,,,,POCO_POGO|POCO_POGO_GB|POCO_POGO_GB_V1,en,United Kingdom (GB),,DWP Reports
https://webarchive.nationalarchives.gov.uk/ukgwa/20100208142152mp_/http://research.dwp.gov.uk/asd/asd5/rports2005-2006/rrep277.pdf,department-for-work-and-pensions-gb,department-for-work-and-pensions-gb:national-archives, Disability in the workplace Small employers' awareness and responses to the Disability Discrimination Act (1995) and the October 2004 duties ,RR277,2005,,https://webarchive.nationalarchives.gov.uk/ukgwa/20100208142152mp_/http://research.dwp.gov.uk/asd/asd5/rports2005-2006/rrep277.pdf,,,Department for Work and Pensions,England,The National Archives,Contains public sector information licensed under the Open Government Licence v3.0.,https://webarchive.nationalarchives.gov.uk/ukgwa/20160107144900/https://www.nationalarchives.gov.uk/doc/open-government-licence/version/3/,© Crown copyright,research|analysis,,,5/16/2024 1:19pm,,report,POCO,,,,,POCO_POGO|POCO_POGO_GB|POCO_POGO_GB_V1,en,United Kingdom (GB),,DWP Reports
https://webarchive.nationalarchives.gov.uk/ukgwa/20100208140240mp_/http://research.dwp.gov.uk/asd/asd5/rports2005-2006/rrep276.pdf,department-for-work-and-pensions-gb,department-for-work-and-pensions-gb:national-archives, Jobcentre Plus customer service performance and delivery: A qualitative review ,RR276,2005,,https://webarchive.nationalarchives.gov.uk/ukgwa/20100208140240mp_/http://research.dwp.gov.uk/asd/asd5/rports2005-2006/rrep276.pdf,,,Department for Work and Pensions,England,The National Archives,Contains public sector information licensed under the Open Government Licence v3.0.,https://webarchive.nationalarchives.gov.uk/ukgwa/20160107144900/https://www.nationalarchives.gov.uk/doc/open-government-licence/version/3/,© Crown copyright,research|analysis,,,5/16/2024 1:19pm,,report,POCO,,,,,POCO_POGO|POCO_POGO_GB|POCO_POGO_GB_V1,en,United Kingdom (GB),,DWP Reports
https://webarchive.nationalarchives.gov.uk/ukgwa/20100208140308mp_/http://research.dwp.gov.uk/asd/asd5/rports2005-2006/rrep275.pdf,department-for-work-and-pensions-gb,department-for-work-and-pensions-gb:national-archives, Financial education: A review of existing provision in the UK ,RR275,2005,,https://webarchive.nationalarchives.gov.uk/ukgwa/20100208140308mp_/http://research.dwp.gov.uk/asd/asd5/rports2005-2006/rrep275.pdf,,,Department for Work and Pensions,England,The National Archives,Contains public sector information licensed under the Open Government Licence v3.0.,https://webarchive.nationalarchives.gov.uk/ukgwa/20160107144900/https://www.nationalarchives.gov.uk/doc/open-government-licence/version/3/,© Crown copyright,research|analysis,,,5/16/2024 1:19pm,,report,POCO,,,,,POCO_POGO|POCO_POGO_GB|POCO_POGO_GB_V1,en,United Kingdom (GB),,DWP Reports
https://webarchive.nationalarchives.gov.uk/ukgwa/20100208135614mp_/http://research.dwp.gov.uk/asd/asd5/rports2005-2006/rrep274.pdf,department-for-work-and-pensions-gb,department-for-work-and-pensions-gb:national-archives, Disabled people in a dynamic model of labour supply and labour market transitions ,RR274,2005,,https://webarchive.nationalarchives.gov.uk/ukgwa/20100208135614mp_/http://research.dwp.gov.uk/asd/asd5/rports2005-2006/rrep274.pdf,,,Department for Work and Pensions,England,The National Archives,Contains public sector information licensed under the Open Government Licence v3.0.,https://webarchive.nationalarchives.gov.uk/ukgwa/20160107144900/https://www.nationalarchives.gov.uk/doc/open-government-licence/version/3/,© Crown copyright,research|analysis,,,5/16/2024 1:19pm,,report,POCO,,,,,POCO_POGO|POCO_POGO_GB|POCO_POGO_GB_V1,en,United Kingdom (GB),,DWP Reports
https://webarchive.nationalarchives.gov.uk/ukgwa/20100208141746mp_/http://research.dwp.gov.uk/asd/asd5/rports2005-2006/rrep273.pdf,department-for-work-and-pensions-gb,department-for-work-and-pensions-gb:national-archives, Taking part in a randomised control trial: a participant's eye-view of the Job Retention and Rehabilitation Pilot ,RR273,2005,,https://webarchive.nationalarchives.gov.uk/ukgwa/20100208141746mp_/http://research.dwp.gov.uk/asd/asd5/rports2005-2006/rrep273.pdf,,,Department for Work and Pensions,England,The National Archives,Contains public sector information licensed under the Open Government Licence v3.0.,https://webarchive.nationalarchives.gov.uk/ukgwa/20160107144900/https://www.nationalarchives.gov.uk/doc/open-government-licence/version/3/,© Crown copyright,research|analysis,,,5/16/2024 1:19pm,,report,POCO,,,,,POCO_POGO|POCO_POGO_GB|POCO_POGO_GB_V1,en,United Kingdom (GB),,DWP Reports
https://webarchive.nationalarchives.gov.uk/ukgwa/20100208141141mp_/http://research.dwp.gov.uk/asd/asd5/rports2005-2006/rrep272.pdf,department-for-work-and-pensions-gb,department-for-work-and-pensions-gb:national-archives, The Optimal Allocation of Pension Risks in Employment Contracts ,RR272,2005,,https://webarchive.nationalarchives.gov.uk/ukgwa/20100208141141mp_/http://research.dwp.gov.uk/asd/asd5/rports2005-2006/rrep272.pdf,,,Department for Work and Pensions,England,The National Archives,Contains public sector information licensed under the Open Government Licence v3.0.,https://webarchive.nationalarchives.gov.uk/ukgwa/20160107144900/https://www.nationalarchives.gov.uk/doc/open-government-licence/version/3/,© Crown copyright,research|analysis,,,5/16/2024 1:19pm,,report,POCO,,,,,POCO_POGO|POCO_POGO_GB|POCO_POGO_GB_V1,en,United Kingdom (GB),,DWP Reports
https://webarchive.nationalarchives.gov.uk/ukgwa/20100208135802mp_/http://research.dwp.gov.uk/asd/asd5/rports2005-2006/rrep271.pdf,department-for-work-and-pensions-gb,department-for-work-and-pensions-gb:national-archives, Hybrid Pension Plans: UK and International Experience ,RR271,2005,,https://webarchive.nationalarchives.gov.uk/ukgwa/20100208135802mp_/http://research.dwp.gov.uk/asd/asd5/rports2005-2006/rrep271.pdf,,,Department for Work and Pensions,England,The National Archives,Contains public sector information licensed under the Open Government Licence v3.0.,https://webarchive.nationalarchives.gov.uk/ukgwa/20160107144900/https://www.nationalarchives.gov.uk/doc/open-government-licence/version/3/,© Crown copyright,research|analysis,,,5/16/2024 1:19pm,,report,POCO,,,,,POCO_POGO|POCO_POGO_GB|POCO_POGO_GB_V1,en,United Kingdom (GB),,DWP Reports
https://webarchive.nationalarchives.gov.uk/ukgwa/20100208135822mp_/http://research.dwp.gov.uk/asd/asd5/rports2005-2006/rrep270.pdf,department-for-work-and-pensions-gb,department-for-work-and-pensions-gb:national-archives, Risk Sharing & Hybrid Pension Plans ,RR270,2005,,https://webarchive.nationalarchives.gov.uk/ukgwa/20100208135822mp_/http://research.dwp.gov.uk/asd/asd5/rports2005-2006/rrep270.pdf,,,Department for Work and Pensions,England,The National Archives,Contains public sector information licensed under the Open Government Licence v3.0.,https://webarchive.nationalarchives.gov.uk/ukgwa/20160107144900/https://www.nationalarchives.gov.uk/doc/open-government-licence/version/3/,© Crown copyright,research|analysis,,,5/16/2024 1:19pm,,report,POCO,,,,,POCO_POGO|POCO_POGO_GB|POCO_POGO_GB_V1,en,United Kingdom (GB),,DWP Reports
https://webarchive.nationalarchives.gov.uk/ukgwa/20100208135211mp_/http://research.dwp.gov.uk/asd/asd5/rports2005-2006/rrep269.pdf,department-for-work-and-pensions-gb,department-for-work-and-pensions-gb:national-archives, Comparing Pension Outcomes from Hybrid Schemes ,RR269,2005,,https://webarchive.nationalarchives.gov.uk/ukgwa/20100208135211mp_/http://research.dwp.gov.uk/asd/asd5/rports2005-2006/rrep269.pdf,,,Department for Work and Pensions,England,The National Archives,Contains public sector information licensed under the Open Government Licence v3.0.,https://webarchive.nationalarchives.gov.uk/ukgwa/20160107144900/https://www.nationalarchives.gov.uk/doc/open-government-licence/version/3/,© Crown copyright,research|analysis,,,5/16/2024 1:19pm,,report,POCO,,,,,POCO_POGO|POCO_POGO_GB|POCO_POGO_GB_V1,en,United Kingdom (GB),,DWP Reports
https://webarchive.nationalarchives.gov.uk/ukgwa/20100208140010mp_/http://research.dwp.gov.uk/asd/asd5/rports2005-2006/rrep268.pdf,department-for-work-and-pensions-gb,department-for-work-and-pensions-gb:national-archives, Final outcomes from the Permitted Work Rules ,RR268,2005,,https://webarchive.nationalarchives.gov.uk/ukgwa/20100208140010mp_/http://research.dwp.gov.uk/asd/asd5/rports2005-2006/rrep268.pdf,,,Department for Work and Pensions,England,The National Archives,Contains public sector information licensed under the Open Government Licence v3.0.,https://webarchive.nationalarchives.gov.uk/ukgwa/20160107144900/https://www.nationalarchives.gov.uk/doc/open-government-licence/version/3/,© Crown copyright,research|analysis,,,5/16/2024 1:19pm,,report,POCO,,,,,POCO_POGO|POCO_POGO_GB|POCO_POGO_GB_V1,en,United Kingdom (GB),,DWP Reports
https://webarchive.nationalarchives.gov.uk/ukgwa/20100208140013mp_/http://research.dwp.gov.uk/asd/asd5/rports2005-2006/rrep267.pdf,department-for-work-and-pensions-gb,department-for-work-and-pensions-gb:national-archives, Meeting DWP's long-term information needs on disability : A feasibility report ,RR267,2005,,https://webarchive.nationalarchives.gov.uk/ukgwa/20100208140013mp_/http://research.dwp.gov.uk/asd/asd5/rports2005-2006/rrep267.pdf,,,Department for Work and Pensions,England,The National Archives,Contains public sector information licensed under the Open Government Licence v3.0.,https://webarchive.nationalarchives.gov.uk/ukgwa/20160107144900/https://www.nationalarchives.gov.uk/doc/open-government-licence/version/3/,© Crown copyright,research|analysis,,,5/16/2024 1:19pm,,report,POCO,,,,,POCO_POGO|POCO_POGO_GB|POCO_POGO_GB_V1,en,United Kingdom (GB),,DWP Reports
https://webarchive.nationalarchives.gov.uk/ukgwa/20100208141920mp_/http://research.dwp.gov.uk/asd/asd5/rports2005-2006/rrep266.pdf,department-for-work-and-pensions-gb,department-for-work-and-pensions-gb:national-archives, Micro-employers' attitudeds towards pensions for themselves and their employees : A report in small-scale qualitative research with employers ,RR266,2005,,https://webarchive.nationalarchives.gov.uk/ukgwa/20100208141920mp_/http://research.dwp.gov.uk/asd/asd5/rports2005-2006/rrep266.pdf,,,Department for Work and Pensions,England,The National Archives,Contains public sector information licensed under the Open Government Licence v3.0.,https://webarchive.nationalarchives.gov.uk/ukgwa/20160107144900/https://www.nationalarchives.gov.uk/doc/open-government-licence/version/3/,© Crown copyright,research|analysis,,,5/16/2024 1:19pm,,report,POCO,,,,,POCO_POGO|POCO_POGO_GB|POCO_POGO_GB_V1,en,United Kingdom (GB),,DWP Reports
https://webarchive.nationalarchives.gov.uk/ukgwa/20100208135043mp_/http://research.dwp.gov.uk/asd/asd5/rports2005-2006/rrep265.pdf,department-for-work-and-pensions-gb,department-for-work-and-pensions-gb:national-archives, The Employment Retention and Advancement scheme - the early months of implementation ,RR265,2005,,https://webarchive.nationalarchives.gov.uk/ukgwa/20100208135043mp_/http://research.dwp.gov.uk/asd/asd5/rports2005-2006/rrep265.pdf,,,Department for Work and Pensions,England,The National Archives,Contains public sector information licensed under the Open Government Licence v3.0.,https://webarchive.nationalarchives.gov.uk/ukgwa/20160107144900/https://www.nationalarchives.gov.uk/doc/open-government-licence/version/3/,© Crown copyright,research|analysis,,,5/16/2024 1:19pm,,report,POCO,,,,,POCO_POGO|POCO_POGO_GB|POCO_POGO_GB_V1,en,United Kingdom (GB),,DWP Reports
https://webarchive.nationalarchives.gov.uk/ukgwa/20100208140600mp_/http://research.dwp.gov.uk/asd/asd5/rports2005-2006/rrep264.pdf,department-for-work-and-pensions-gb,department-for-work-and-pensions-gb:national-archives, Ambition: identifying best practice for demand-led approaches ,RR264,2005,,https://webarchive.nationalarchives.gov.uk/ukgwa/20100208140600mp_/http://research.dwp.gov.uk/asd/asd5/rports2005-2006/rrep264.pdf,,,Department for Work and Pensions,England,The National Archives,Contains public sector information licensed under the Open Government Licence v3.0.,https://webarchive.nationalarchives.gov.uk/ukgwa/20160107144900/https://www.nationalarchives.gov.uk/doc/open-government-licence/version/3/,© Crown copyright,research|analysis,,,5/16/2024 1:19pm,,report,POCO,,,,,POCO_POGO|POCO_POGO_GB|POCO_POGO_GB_V1,en,United Kingdom (GB),,DWP Reports
https://webarchive.nationalarchives.gov.uk/ukgwa/20100208135957mp_/http://research.dwp.gov.uk/asd/asd5/rports2005-2006/rrep262.pdf,department-for-work-and-pensions-gb,department-for-work-and-pensions-gb:national-archives, Workless couples and partners of benefit claimants: A review of the evidence ,RR262,2005,,https://webarchive.nationalarchives.gov.uk/ukgwa/20100208135957mp_/http://research.dwp.gov.uk/asd/asd5/rports2005-2006/rrep262.pdf,,,Department for Work and Pensions,England,The National Archives,Contains public sector information licensed under the Open Government Licence v3.0.,https://webarchive.nationalarchives.gov.uk/ukgwa/20160107144900/https://www.nationalarchives.gov.uk/doc/open-government-licence/version/3/,© Crown copyright,research|analysis,,,5/16/2024 1:19pm,,report,POCO,,,,,POCO_POGO|POCO_POGO_GB|POCO_POGO_GB_V1,en,United Kingdom (GB),,DWP Reports
https://webarchive.nationalarchives.gov.uk/ukgwa/20100208140626mp_/http://research.dwp.gov.uk/asd/asd5/rports2005-2006/rrep261.pdf,department-for-work-and-pensions-gb,department-for-work-and-pensions-gb:national-archives, Jobcentre Plus Employer (Market View) Survey 2004 ,RR261,2005,,https://webarchive.nationalarchives.gov.uk/ukgwa/20100208140626mp_/http://research.dwp.gov.uk/asd/asd5/rports2005-2006/rrep261.pdf,,,Department for Work and Pensions,England,The National Archives,Contains public sector information licensed under the Open Government Licence v3.0.,https://webarchive.nationalarchives.gov.uk/ukgwa/20160107144900/https://www.nationalarchives.gov.uk/doc/open-government-licence/version/3/,© Crown copyright,research|analysis,,,5/16/2024 1:19pm,,report,POCO,,,,,POCO_POGO|POCO_POGO_GB|POCO_POGO_GB_V1,en,United Kingdom (GB),,DWP Reports
https://webarchive.nationalarchives.gov.uk/ukgwa/20100208134946mp_/http://research.dwp.gov.uk/asd/asd5/rports2005-2006/rrep260.pdf,department-for-work-and-pensions-gb,department-for-work-and-pensions-gb:national-archives," New Deal for Disabled People Evaluation: Registrants Survey Merged Cohorts (Cohorts one and two, Waves one and two) ",RR260,2005,,https://webarchive.nationalarchives.gov.uk/ukgwa/20100208134946mp_/http://research.dwp.gov.uk/asd/asd5/rports2005-2006/rrep260.pdf,,,Department for Work and Pensions,England,The National Archives,Contains public sector information licensed under the Open Government Licence v3.0.,https://webarchive.nationalarchives.gov.uk/ukgwa/20160107144900/https://www.nationalarchives.gov.uk/doc/open-government-licence/version/3/,© Crown copyright,research|analysis,,,5/16/2024 1:19pm,,report,POCO,,,,,POCO_POGO|POCO_POGO_GB|POCO_POGO_GB_V1,en,United Kingdom (GB),,DWP Reports
https://webarchive.nationalarchives.gov.uk/ukgwa/20100208135731mp_/http://research.dwp.gov.uk/asd/asd5/rports2005-2006/rrep259.pdf,department-for-work-and-pensions-gb,department-for-work-and-pensions-gb:national-archives, Incapacity Benefit Reforms Pilot: Findings from a longitudinal panel of clients ,RR259,2005,,https://webarchive.nationalarchives.gov.uk/ukgwa/20100208135731mp_/http://research.dwp.gov.uk/asd/asd5/rports2005-2006/rrep259.pdf,,,Department for Work and Pensions,England,The National Archives,Contains public sector information licensed under the Open Government Licence v3.0.,https://webarchive.nationalarchives.gov.uk/ukgwa/20160107144900/https://www.nationalarchives.gov.uk/doc/open-government-licence/version/3/,© Crown copyright,research|analysis,,,5/16/2024 1:19pm,,report,POCO,,,,,POCO_POGO|POCO_POGO_GB|POCO_POGO_GB_V1,en,United Kingdom (GB),,DWP Reports
https://webarchive.nationalarchives.gov.uk/ukgwa/20100208140401mp_/http://research.dwp.gov.uk/asd/asd5/rports2005-2006/rrep258.pdf,department-for-work-and-pensions-gb,department-for-work-and-pensions-gb:national-archives, Follow-up survey of ESF leavers ,RR258,2005,,https://webarchive.nationalarchives.gov.uk/ukgwa/20100208140401mp_/http://research.dwp.gov.uk/asd/asd5/rports2005-2006/rrep258.pdf,,,Department for Work and Pensions,England,The National Archives,Contains public sector information licensed under the Open Government Licence v3.0.,https://webarchive.nationalarchives.gov.uk/ukgwa/20160107144900/https://www.nationalarchives.gov.uk/doc/open-government-licence/version/3/,© Crown copyright,research|analysis,,,5/16/2024 1:19pm,,report,POCO,,,,,POCO_POGO|POCO_POGO_GB|POCO_POGO_GB_V1,en,United Kingdom (GB),,DWP Reports
https://webarchive.nationalarchives.gov.uk/ukgwa/20100208135416mp_/http://research.dwp.gov.uk/asd/asd5/rports2005-2006/rrep257.pdf,department-for-work-and-pensions-gb,department-for-work-and-pensions-gb:national-archives, Exploring how General Practitioners work with patients on sick leave ,RR257,2005,,https://webarchive.nationalarchives.gov.uk/ukgwa/20100208135416mp_/http://research.dwp.gov.uk/asd/asd5/rports2005-2006/rrep257.pdf,,,Department for Work and Pensions,England,The National Archives,Contains public sector information licensed under the Open Government Licence v3.0.,https://webarchive.nationalarchives.gov.uk/ukgwa/20160107144900/https://www.nationalarchives.gov.uk/doc/open-government-licence/version/3/,© Crown copyright,research|analysis,,,5/16/2024 1:19pm,,report,POCO,,,,,POCO_POGO|POCO_POGO_GB|POCO_POGO_GB_V1,en,United Kingdom (GB),,DWP Reports
https://webarchive.nationalarchives.gov.uk/ukgwa/20100208134858mp_/http://research.dwp.gov.uk/asd/asd5/rports2005-2006/rrep256.pdf,department-for-work-and-pensions-gb,department-for-work-and-pensions-gb:national-archives," Engaging physicians, benefiting patients: a qualitative study ",RR256,2005,,https://webarchive.nationalarchives.gov.uk/ukgwa/20100208134858mp_/http://research.dwp.gov.uk/asd/asd5/rports2005-2006/rrep256.pdf,,,Department for Work and Pensions,England,The National Archives,Contains public sector information licensed under the Open Government Licence v3.0.,https://webarchive.nationalarchives.gov.uk/ukgwa/20160107144900/https://www.nationalarchives.gov.uk/doc/open-government-licence/version/3/,© Crown copyright,research|analysis,,,5/16/2024 1:19pm,,report,POCO,,,,,POCO_POGO|POCO_POGO_GB|POCO_POGO_GB_V1,en,United Kingdom (GB),,DWP Reports
https://webarchive.nationalarchives.gov.uk/ukgwa/20100208141143mp_/http://research.dwp.gov.uk/asd/asd5/rports2005-2006/rrep255.pdf,department-for-work-and-pensions-gb,department-for-work-and-pensions-gb:national-archives, Understanding workless people and communities : A literature review ,RR255,2005,,https://webarchive.nationalarchives.gov.uk/ukgwa/20100208141143mp_/http://research.dwp.gov.uk/asd/asd5/rports2005-2006/rrep255.pdf,,,Department for Work and Pensions,England,The National Archives,Contains public sector information licensed under the Open Government Licence v3.0.,https://webarchive.nationalarchives.gov.uk/ukgwa/20160107144900/https://www.nationalarchives.gov.uk/doc/open-government-licence/version/3/,© Crown copyright,research|analysis,,,5/16/2024 1:19pm,,report,POCO,,,,,POCO_POGO|POCO_POGO_GB|POCO_POGO_GB_V1,en,United Kingdom (GB),,DWP Reports
https://webarchive.nationalarchives.gov.uk/ukgwa/20100208142020mp_/http://research.dwp.gov.uk/asd/asd5/rports2005-2006/rrep254.pdf,department-for-work-and-pensions-gb,department-for-work-and-pensions-gb:national-archives, European Social Fund : A profile of inactive beneficiaries ,RR254,2005,,https://webarchive.nationalarchives.gov.uk/ukgwa/20100208142020mp_/http://research.dwp.gov.uk/asd/asd5/rports2005-2006/rrep254.pdf,,,Department for Work and Pensions,England,The National Archives,Contains public sector information licensed under the Open Government Licence v3.0.,https://webarchive.nationalarchives.gov.uk/ukgwa/20160107144900/https://www.nationalarchives.gov.uk/doc/open-government-licence/version/3/,© Crown copyright,research|analysis,,,5/16/2024 1:19pm,,report,POCO,,,,,POCO_POGO|POCO_POGO_GB|POCO_POGO_GB_V1,en,United Kingdom (GB),,DWP Reports
https://webarchive.nationalarchives.gov.uk/ukgwa/20100208142105mp_/http://research.dwp.gov.uk/asd/asd5/rports2005-2006/rrep253.pdf,department-for-work-and-pensions-gb,department-for-work-and-pensions-gb:national-archives, Delivering the Jobcentre Plus vision ,RR253,2005,,https://webarchive.nationalarchives.gov.uk/ukgwa/20100208142105mp_/http://research.dwp.gov.uk/asd/asd5/rports2005-2006/rrep253.pdf,,,Department for Work and Pensions,England,The National Archives,Contains public sector information licensed under the Open Government Licence v3.0.,https://webarchive.nationalarchives.gov.uk/ukgwa/20160107144900/https://www.nationalarchives.gov.uk/doc/open-government-licence/version/3/,© Crown copyright,research|analysis,,,5/16/2024 1:19pm,,report,POCO,,,,,POCO_POGO|POCO_POGO_GB|POCO_POGO_GB_V1,en,United Kingdom (GB),,DWP Reports
https://webarchive.nationalarchives.gov.uk/ukgwa/20100208141054mp_/http://research.dwp.gov.uk/asd/asd5/rports2005-2006/rrep252.pdf,department-for-work-and-pensions-gb,department-for-work-and-pensions-gb:national-archives, Jobcentre Plus evaluation: summary of evidence ,RR252,2005,,https://webarchive.nationalarchives.gov.uk/ukgwa/20100208141054mp_/http://research.dwp.gov.uk/asd/asd5/rports2005-2006/rrep252.pdf,,,Department for Work and Pensions,England,The National Archives,Contains public sector information licensed under the Open Government Licence v3.0.,https://webarchive.nationalarchives.gov.uk/ukgwa/20160107144900/https://www.nationalarchives.gov.uk/doc/open-government-licence/version/3/,© Crown copyright,research|analysis,,,5/16/2024 1:19pm,,report,POCO,,,,,POCO_POGO|POCO_POGO_GB|POCO_POGO_GB_V1,en,United Kingdom (GB),,DWP Reports
https://webarchive.nationalarchives.gov.uk/ukgwa/20100208140059mp_/http://research.dwp.gov.uk/asd/asd5/rports2005-2006/rrep251.pdf,department-for-work-and-pensions-gb,department-for-work-and-pensions-gb:national-archives, Low-income homeowners in Britain : descriptive analysis ,RR251,2005,,https://webarchive.nationalarchives.gov.uk/ukgwa/20100208140059mp_/http://research.dwp.gov.uk/asd/asd5/rports2005-2006/rrep251.pdf,,,Department for Work and Pensions,England,The National Archives,Contains public sector information licensed under the Open Government Licence v3.0.,https://webarchive.nationalarchives.gov.uk/ukgwa/20160107144900/https://www.nationalarchives.gov.uk/doc/open-government-licence/version/3/,© Crown copyright,research|analysis,,,5/16/2024 1:19pm,,report,POCO,,,,,POCO_POGO|POCO_POGO_GB|POCO_POGO_GB_V1,en,United Kingdom (GB),,DWP Reports
https://webarchive.nationalarchives.gov.uk/ukgwa/20100208135126mp_/http://research.dwp.gov.uk/asd/asd5/rports2005-2006/rrep250.pdf,department-for-work-and-pensions-gb,department-for-work-and-pensions-gb:national-archives, Family life in Britain: Findings from the 2003 Families and Children Study (FACS) ,RR250,2005,,https://webarchive.nationalarchives.gov.uk/ukgwa/20100208135126mp_/http://research.dwp.gov.uk/asd/asd5/rports2005-2006/rrep250.pdf,,,Department for Work and Pensions,England,The National Archives,Contains public sector information licensed under the Open Government Licence v3.0.,https://webarchive.nationalarchives.gov.uk/ukgwa/20160107144900/https://www.nationalarchives.gov.uk/doc/open-government-licence/version/3/,© Crown copyright,research|analysis,,,5/16/2024 1:19pm,,report,POCO,,,,,POCO_POGO|POCO_POGO_GB|POCO_POGO_GB_V1,en,United Kingdom (GB),,DWP Reports
https://webarchive.nationalarchives.gov.uk/ukgwa/20100208135252mp_/http://research.dwp.gov.uk/asd/asd5/rports2005-2006/rrep249.pdf,department-for-work-and-pensions-gb,department-for-work-and-pensions-gb:national-archives, Children in Britain: Findings from the 2003 Families and Children Study (FACS) ,RR249,2005,,https://webarchive.nationalarchives.gov.uk/ukgwa/20100208135252mp_/http://research.dwp.gov.uk/asd/asd5/rports2005-2006/rrep249.pdf,,,Department for Work and Pensions,England,The National Archives,Contains public sector information licensed under the Open Government Licence v3.0.,https://webarchive.nationalarchives.gov.uk/ukgwa/20160107144900/https://www.nationalarchives.gov.uk/doc/open-government-licence/version/3/,© Crown copyright,research|analysis,,,5/16/2024 1:19pm,,report,POCO,,,,,POCO_POGO|POCO_POGO_GB|POCO_POGO_GB_V1,en,United Kingdom (GB),,DWP Reports
https://webarchive.nationalarchives.gov.uk/ukgwa/20100208141435mp_/http://research.dwp.gov.uk/asd/asd5/rports2005-2006/rrep248.pdf,department-for-work-and-pensions-gb,department-for-work-and-pensions-gb:national-archives, Representing Pensioners ,RR248,2005,,https://webarchive.nationalarchives.gov.uk/ukgwa/20100208141435mp_/http://research.dwp.gov.uk/asd/asd5/rports2005-2006/rrep248.pdf,,,Department for Work and Pensions,England,The National Archives,Contains public sector information licensed under the Open Government Licence v3.0.,https://webarchive.nationalarchives.gov.uk/ukgwa/20160107144900/https://www.nationalarchives.gov.uk/doc/open-government-licence/version/3/,© Crown copyright,research|analysis,,,5/16/2024 1:19pm,,report,POCO,,,,,POCO_POGO|POCO_POGO_GB|POCO_POGO_GB_V1,en,United Kingdom (GB),,DWP Reports
https://webarchive.nationalarchives.gov.uk/ukgwa/20100208141629mp_/http://research.dwp.gov.uk/asd/asd5/rports2005-2006/rrep247.pdf,department-for-work-and-pensions-gb,department-for-work-and-pensions-gb:national-archives, Financial plans for retirement: womens' perspectives ,RR247,2005,,https://webarchive.nationalarchives.gov.uk/ukgwa/20100208141629mp_/http://research.dwp.gov.uk/asd/asd5/rports2005-2006/rrep247.pdf,,,Department for Work and Pensions,England,The National Archives,Contains public sector information licensed under the Open Government Licence v3.0.,https://webarchive.nationalarchives.gov.uk/ukgwa/20160107144900/https://www.nationalarchives.gov.uk/doc/open-government-licence/version/3/,© Crown copyright,research|analysis,,,5/16/2024 1:19pm,,report,POCO,,,,,POCO_POGO|POCO_POGO_GB|POCO_POGO_GB_V1,en,United Kingdom (GB),,DWP Reports
https://webarchive.nationalarchives.gov.uk/ukgwa/20100208141353mp_/http://research.dwp.gov.uk/asd/asd5/rports2005-2006/rrep246.pdf,department-for-work-and-pensions-gb,department-for-work-and-pensions-gb:national-archives, New Deal for Disabled People: An in-depth study of Job Broker service delivery ,RR246,2005,,https://webarchive.nationalarchives.gov.uk/ukgwa/20100208141353mp_/http://research.dwp.gov.uk/asd/asd5/rports2005-2006/rrep246.pdf,,,Department for Work and Pensions,England,The National Archives,Contains public sector information licensed under the Open Government Licence v3.0.,https://webarchive.nationalarchives.gov.uk/ukgwa/20160107144900/https://www.nationalarchives.gov.uk/doc/open-government-licence/version/3/,© Crown copyright,research|analysis,,,5/16/2024 1:19pm,,report,POCO,,,,,POCO_POGO|POCO_POGO_GB|POCO_POGO_GB_V1,en,United Kingdom (GB),,DWP Reports
https://webarchive.nationalarchives.gov.uk/ukgwa/20100208140418mp_/http://research.dwp.gov.uk/asd/asd5/rports2005-2006/rrep245.pdf,department-for-work-and-pensions-gb,department-for-work-and-pensions-gb:national-archives, The role of work in low income families with children - a longitudinal qualitative study ,RR245,2005,,https://webarchive.nationalarchives.gov.uk/ukgwa/20100208140418mp_/http://research.dwp.gov.uk/asd/asd5/rports2005-2006/rrep245.pdf,,,Department for Work and Pensions,England,The National Archives,Contains public sector information licensed under the Open Government Licence v3.0.,https://webarchive.nationalarchives.gov.uk/ukgwa/20160107144900/https://www.nationalarchives.gov.uk/doc/open-government-licence/version/3/,© Crown copyright,research|analysis,,,5/16/2024 1:19pm,,report,POCO,,,,,POCO_POGO|POCO_POGO_GB|POCO_POGO_GB_V1,en,United Kingdom (GB),,DWP Reports
https://webarchive.nationalarchives.gov.uk/ukgwa/20100208141923mp_/http://research.dwp.gov.uk/asd/asd5/rports2005-2006/rrep244.pdf,department-for-work-and-pensions-gb,department-for-work-and-pensions-gb:national-archives, Destination of benefit leavers 2004 ,RR244,2005,,https://webarchive.nationalarchives.gov.uk/ukgwa/20100208141923mp_/http://research.dwp.gov.uk/asd/asd5/rports2005-2006/rrep244.pdf,,,Department for Work and Pensions,England,The National Archives,Contains public sector information licensed under the Open Government Licence v3.0.,https://webarchive.nationalarchives.gov.uk/ukgwa/20160107144900/https://www.nationalarchives.gov.uk/doc/open-government-licence/version/3/,© Crown copyright,research|analysis,,,5/16/2024 1:19pm,,report,POCO,,,,,POCO_POGO|POCO_POGO_GB|POCO_POGO_GB_V1,en,United Kingdom (GB),,DWP Reports
https://webarchive.nationalarchives.gov.uk/ukgwa/20100208135744mp_/http://research.dwp.gov.uk/asd/asd5/rports2005-2006/rrep243.pdf,department-for-work-and-pensions-gb,department-for-work-and-pensions-gb:national-archives, Research into the Single Room Rent regulations ,RR243,2005,,https://webarchive.nationalarchives.gov.uk/ukgwa/20100208135744mp_/http://research.dwp.gov.uk/asd/asd5/rports2005-2006/rrep243.pdf,,,Department for Work and Pensions,England,The National Archives,Contains public sector information licensed under the Open Government Licence v3.0.,https://webarchive.nationalarchives.gov.uk/ukgwa/20160107144900/https://www.nationalarchives.gov.uk/doc/open-government-licence/version/3/,© Crown copyright,research|analysis,,,5/16/2024 1:19pm,,report,POCO,,,,,POCO_POGO|POCO_POGO_GB|POCO_POGO_GB_V1,en,United Kingdom (GB),,DWP Reports
https://webarchive.nationalarchives.gov.uk/ukgwa/20100208134927mp_/http://research.dwp.gov.uk/asd/asd5/rports2005-2006/rrep242.pdf,department-for-work-and-pensions-gb,department-for-work-and-pensions-gb:national-archives, Local Authority Omnibus Survey ,RR242,2005,,https://webarchive.nationalarchives.gov.uk/ukgwa/20100208134927mp_/http://research.dwp.gov.uk/asd/asd5/rports2005-2006/rrep242.pdf,,,Department for Work and Pensions,England,The National Archives,Contains public sector information licensed under the Open Government Licence v3.0.,https://webarchive.nationalarchives.gov.uk/ukgwa/20160107144900/https://www.nationalarchives.gov.uk/doc/open-government-licence/version/3/,© Crown copyright,research|analysis,,,5/16/2024 1:19pm,,report,POCO,,,,,POCO_POGO|POCO_POGO_GB|POCO_POGO_GB_V1,en,United Kingdom (GB),,DWP Reports
https://webarchive.nationalarchives.gov.uk/ukgwa/20100208141234mp_/http://research.dwp.gov.uk/asd/asd5/rports2005-2006/rrep241.pdf,department-for-work-and-pensions-gb,department-for-work-and-pensions-gb:national-archives, The Discretionary Social Fund and money management ,RR241,2005,,https://webarchive.nationalarchives.gov.uk/ukgwa/20100208141234mp_/http://research.dwp.gov.uk/asd/asd5/rports2005-2006/rrep241.pdf,,,Department for Work and Pensions,England,The National Archives,Contains public sector information licensed under the Open Government Licence v3.0.,https://webarchive.nationalarchives.gov.uk/ukgwa/20160107144900/https://www.nationalarchives.gov.uk/doc/open-government-licence/version/3/,© Crown copyright,research|analysis,,,5/16/2024 1:19pm,,report,POCO,,,,,POCO_POGO|POCO_POGO_GB|POCO_POGO_GB_V1,en,United Kingdom (GB),,DWP Reports
https://webarchive.nationalarchives.gov.uk/ukgwa/20100208134936mp_/http://research.dwp.gov.uk/asd/asd5/rports2005-2006/rrep240.pdf,department-for-work-and-pensions-gb,department-for-work-and-pensions-gb:national-archives, Perspectives of Social Fund loans and third party deductions - A qualitative study of recipients ,RR240,2005,,https://webarchive.nationalarchives.gov.uk/ukgwa/20100208134936mp_/http://research.dwp.gov.uk/asd/asd5/rports2005-2006/rrep240.pdf,,,Department for Work and Pensions,England,The National Archives,Contains public sector information licensed under the Open Government Licence v3.0.,https://webarchive.nationalarchives.gov.uk/ukgwa/20160107144900/https://www.nationalarchives.gov.uk/doc/open-government-licence/version/3/,© Crown copyright,research|analysis,,,5/16/2024 1:19pm,,report,POCO,,,,,POCO_POGO|POCO_POGO_GB|POCO_POGO_GB_V1,en,United Kingdom (GB),,DWP Reports
https://webarchive.nationalarchives.gov.uk/ukgwa/20100208134724mp_/http://research.dwp.gov.uk/asd/asd5/rports2005-2006/rrep239.pdf,department-for-work-and-pensions-gb,department-for-work-and-pensions-gb:national-archives, Effective means of conveying messages about pensions and saving for retirement ,RR239,2005,,https://webarchive.nationalarchives.gov.uk/ukgwa/20100208134724mp_/http://research.dwp.gov.uk/asd/asd5/rports2005-2006/rrep239.pdf,,,Department for Work and Pensions,England,The National Archives,Contains public sector information licensed under the Open Government Licence v3.0.,https://webarchive.nationalarchives.gov.uk/ukgwa/20160107144900/https://www.nationalarchives.gov.uk/doc/open-government-licence/version/3/,© Crown copyright,research|analysis,,,5/16/2024 1:19pm,,report,POCO,,,,,POCO_POGO|POCO_POGO_GB|POCO_POGO_GB_V1,en,United Kingdom (GB),,DWP Reports
https://webarchive.nationalarchives.gov.uk/ukgwa/20100208134751mp_/http://research.dwp.gov.uk/asd/asd5/rports2005-2006/rrep238.pdf,department-for-work-and-pensions-gb,department-for-work-and-pensions-gb:national-archives, Evaluation of Jobcentre Plus Window Display Pilot ,RR238,2005,,https://webarchive.nationalarchives.gov.uk/ukgwa/20100208134751mp_/http://research.dwp.gov.uk/asd/asd5/rports2005-2006/rrep238.pdf,,,Department for Work and Pensions,England,The National Archives,Contains public sector information licensed under the Open Government Licence v3.0.,https://webarchive.nationalarchives.gov.uk/ukgwa/20160107144900/https://www.nationalarchives.gov.uk/doc/open-government-licence/version/3/,© Crown copyright,research|analysis,,,5/16/2024 1:19pm,,report,POCO,,,,,POCO_POGO|POCO_POGO_GB|POCO_POGO_GB_V1,en,United Kingdom (GB),,DWP Reports
https://webarchive.nationalarchives.gov.uk/ukgwa/20100208140206mp_/http://research.dwp.gov.uk/asd/asd5/rports2005-2006/rrep237.pdf,department-for-work-and-pensions-gb,department-for-work-and-pensions-gb:national-archives, Evaluation of the extension to Lone Parent Work Focused Interviews eligibility: administrative data analysis ,RR237,2005,,https://webarchive.nationalarchives.gov.uk/ukgwa/20100208140206mp_/http://research.dwp.gov.uk/asd/asd5/rports2005-2006/rrep237.pdf,,,Department for Work and Pensions,England,The National Archives,Contains public sector information licensed under the Open Government Licence v3.0.,https://webarchive.nationalarchives.gov.uk/ukgwa/20160107144900/https://www.nationalarchives.gov.uk/doc/open-government-licence/version/3/,© Crown copyright,research|analysis,,,5/16/2024 1:19pm,,report,POCO,,,,,POCO_POGO|POCO_POGO_GB|POCO_POGO_GB_V1,en,United Kingdom (GB),,DWP Reports
https://webarchive.nationalarchives.gov.uk/ukgwa/20100208140309mp_/http://research.dwp.gov.uk/asd/asd5/rports2005-2006/rrep236.pdf,department-for-work-and-pensions-gb,department-for-work-and-pensions-gb:national-archives, Staff safety in Jobcentre Plus offices ,RR236,2005,,https://webarchive.nationalarchives.gov.uk/ukgwa/20100208140309mp_/http://research.dwp.gov.uk/asd/asd5/rports2005-2006/rrep236.pdf,,,Department for Work and Pensions,England,The National Archives,Contains public sector information licensed under the Open Government Licence v3.0.,https://webarchive.nationalarchives.gov.uk/ukgwa/20160107144900/https://www.nationalarchives.gov.uk/doc/open-government-licence/version/3/,© Crown copyright,research|analysis,,,5/16/2024 1:19pm,,report,POCO,,,,,POCO_POGO|POCO_POGO_GB|POCO_POGO_GB_V1,en,United Kingdom (GB),,DWP Reports
https://webarchive.nationalarchives.gov.uk/ukgwa/20100208135707mp_/http://research.dwp.gov.uk/asd/asd5/rports2005-2006/rrep235.pdf,department-for-work-and-pensions-gb,department-for-work-and-pensions-gb:national-archives, Joint claims for JSA evaluation - synthesis of findings ,RR235,2005,,https://webarchive.nationalarchives.gov.uk/ukgwa/20100208135707mp_/http://research.dwp.gov.uk/asd/asd5/rports2005-2006/rrep235.pdf,,,Department for Work and Pensions,England,The National Archives,Contains public sector information licensed under the Open Government Licence v3.0.,https://webarchive.nationalarchives.gov.uk/ukgwa/20160107144900/https://www.nationalarchives.gov.uk/doc/open-government-licence/version/3/,© Crown copyright,research|analysis,,,5/16/2024 1:19pm,,report,POCO,,,,,POCO_POGO|POCO_POGO_GB|POCO_POGO_GB_V1,en,United Kingdom (GB),,DWP Reports
https://webarchive.nationalarchives.gov.uk/ukgwa/20100208135956mp_/http://research.dwp.gov.uk/asd/asd5/rports2005-2006/rrep234.pdf,department-for-work-and-pensions-gb,department-for-work-and-pensions-gb:national-archives, Encouraging take up: awareness of and attitudes to Pension Credit ,RR234,2005,,https://webarchive.nationalarchives.gov.uk/ukgwa/20100208135956mp_/http://research.dwp.gov.uk/asd/asd5/rports2005-2006/rrep234.pdf,,,Department for Work and Pensions,England,The National Archives,Contains public sector information licensed under the Open Government Licence v3.0.,https://webarchive.nationalarchives.gov.uk/ukgwa/20160107144900/https://www.nationalarchives.gov.uk/doc/open-government-licence/version/3/,© Crown copyright,research|analysis,,,5/16/2024 1:19pm,,report,POCO,,,,,POCO_POGO|POCO_POGO_GB|POCO_POGO_GB_V1,en,United Kingdom (GB),,DWP Reports
https://webarchive.nationalarchives.gov.uk/ukgwa/20100208140227mp_/http://research.dwp.gov.uk/asd/asd5/rports2005-2006/rrep233.pdf,department-for-work-and-pensions-gb,department-for-work-and-pensions-gb:national-archives, Review of the structure of the Jobcentre Plus Business Delivery Target ,RR233,2005,,https://webarchive.nationalarchives.gov.uk/ukgwa/20100208140227mp_/http://research.dwp.gov.uk/asd/asd5/rports2005-2006/rrep233.pdf,,,Department for Work and Pensions,England,The National Archives,Contains public sector information licensed under the Open Government Licence v3.0.,https://webarchive.nationalarchives.gov.uk/ukgwa/20160107144900/https://www.nationalarchives.gov.uk/doc/open-government-licence/version/3/,© Crown copyright,research|analysis,,,5/16/2024 1:19pm,,report,POCO,,,,,POCO_POGO|POCO_POGO_GB|POCO_POGO_GB_V1,en,United Kingdom (GB),,DWP Reports
https://webarchive.nationalarchives.gov.uk/ukgwa/20100208135222mp_/http://research.dwp.gov.uk/asd/asd5/rports2005-2006/rrep232.pdf,department-for-work-and-pensions-gb,department-for-work-and-pensions-gb:national-archives, Child Support Reform: The views and experiences of CSA staff and new clients ,RR232,2005,,https://webarchive.nationalarchives.gov.uk/ukgwa/20100208135222mp_/http://research.dwp.gov.uk/asd/asd5/rports2005-2006/rrep232.pdf,,,Department for Work and Pensions,England,The National Archives,Contains public sector information licensed under the Open Government Licence v3.0.,https://webarchive.nationalarchives.gov.uk/ukgwa/20160107144900/https://www.nationalarchives.gov.uk/doc/open-government-licence/version/3/,© Crown copyright,research|analysis,,,5/16/2024 1:19pm,,report,POCO,,,,,POCO_POGO|POCO_POGO_GB|POCO_POGO_GB_V1,en,United Kingdom (GB),,DWP Reports
https://webarchive.nationalarchives.gov.uk/ukgwa/20100208141934mp_/http://research.dwp.gov.uk/asd/asd5/rports2005-2006/rrep231.pdf,department-for-work-and-pensions-gb,department-for-work-and-pensions-gb:national-archives," Employers and the New Deal for Disabled People - Qualitative research, Wave 2 ",RR231,2005,,https://webarchive.nationalarchives.gov.uk/ukgwa/20100208141934mp_/http://research.dwp.gov.uk/asd/asd5/rports2005-2006/rrep231.pdf,,,Department for Work and Pensions,England,The National Archives,Contains public sector information licensed under the Open Government Licence v3.0.,https://webarchive.nationalarchives.gov.uk/ukgwa/20160107144900/https://www.nationalarchives.gov.uk/doc/open-government-licence/version/3/,© Crown copyright,research|analysis,,,5/16/2024 1:19pm,,report,POCO,,,,,POCO_POGO|POCO_POGO_GB|POCO_POGO_GB_V1,en,United Kingdom (GB),,DWP Reports
https://webarchive.nationalarchives.gov.uk/ukgwa/20100208140819mp_/http://research.dwp.gov.uk/asd/asd5/rports2005-2006/rrep230.pdf,department-for-work-and-pensions-gb,department-for-work-and-pensions-gb:national-archives," A question of balance: Lone parents, childcare and work ",RR230,2005,,https://webarchive.nationalarchives.gov.uk/ukgwa/20100208140819mp_/http://research.dwp.gov.uk/asd/asd5/rports2005-2006/rrep230.pdf,,,Department for Work and Pensions,England,The National Archives,Contains public sector information licensed under the Open Government Licence v3.0.,https://webarchive.nationalarchives.gov.uk/ukgwa/20160107144900/https://www.nationalarchives.gov.uk/doc/open-government-licence/version/3/,© Crown copyright,research|analysis,,,5/16/2024 1:19pm,,report,POCO,,,,,POCO_POGO|POCO_POGO_GB|POCO_POGO_GB_V1,en,United Kingdom (GB),,DWP Reports
https://webarchive.nationalarchives.gov.uk/ukgwa/20091212062413mp_/http://research.dwp.gov.uk/asd/asd5/rports2005-2006/rrep229.pdf,department-for-work-and-pensions-gb,department-for-work-and-pensions-gb:national-archives, Ethnic Minority Outreach: An evaluation ,RR229,2005,,https://webarchive.nationalarchives.gov.uk/ukgwa/20091212062413mp_/http://research.dwp.gov.uk/asd/asd5/rports2005-2006/rrep229.pdf,,,Department for Work and Pensions,England,The National Archives,Contains public sector information licensed under the Open Government Licence v3.0.,https://webarchive.nationalarchives.gov.uk/ukgwa/20160107144900/https://www.nationalarchives.gov.uk/doc/open-government-licence/version/3/,© Crown copyright,research|analysis,,,5/16/2024 1:19pm,,report,POCO,,,,,POCO_POGO|POCO_POGO_GB|POCO_POGO_GB_V1,en,United Kingdom (GB),,DWP Reports
https://webarchive.nationalarchives.gov.uk/ukgwa/20100208135713mp_/http://research.dwp.gov.uk/asd/asd5/rports2005-2006/rrep228.pdf,department-for-work-and-pensions-gb,department-for-work-and-pensions-gb:national-archives," Evaluation of Single Provider Employment Zone Extensions to Young People, lone parents and Early Entrants - Interim Report ",RR228,2005,,https://webarchive.nationalarchives.gov.uk/ukgwa/20100208135713mp_/http://research.dwp.gov.uk/asd/asd5/rports2005-2006/rrep228.pdf,,,Department for Work and Pensions,England,The National Archives,Contains public sector information licensed under the Open Government Licence v3.0.,https://webarchive.nationalarchives.gov.uk/ukgwa/20160107144900/https://www.nationalarchives.gov.uk/doc/open-government-licence/version/3/,© Crown copyright,research|analysis,,,5/16/2024 1:19pm,,report,POCO,,,,,POCO_POGO|POCO_POGO_GB|POCO_POGO_GB_V1,en,United Kingdom (GB),,DWP Reports
https://webarchive.nationalarchives.gov.uk/ukgwa/20100208135052mp_/http://research.dwp.gov.uk/asd/asd5/rports2005-2006/rrep226.pdf,department-for-work-and-pensions-gb,department-for-work-and-pensions-gb:national-archives," Attitudes towards child support and knowledge of the Child Support Agency, 2004 ",RR226,2005,,https://webarchive.nationalarchives.gov.uk/ukgwa/20100208135052mp_/http://research.dwp.gov.uk/asd/asd5/rports2005-2006/rrep226.pdf,,,Department for Work and Pensions,England,The National Archives,Contains public sector information licensed under the Open Government Licence v3.0.,https://webarchive.nationalarchives.gov.uk/ukgwa/20160107144900/https://www.nationalarchives.gov.uk/doc/open-government-licence/version/3/,© Crown copyright,research|analysis,,,5/16/2024 1:19pm,,report,POCO,,,,,POCO_POGO|POCO_POGO_GB|POCO_POGO_GB_V1,en,United Kingdom (GB),,DWP Reports
https://webarchive.nationalarchives.gov.uk/ukgwa/20091222172300mp_/http:/research.dwp.gov.uk/asd/asd5/rports2003-2004/rrep227.pdf,department-for-work-and-pensions-gb,department-for-work-and-pensions-gb:national-archives, Job Retention and Rehabilitation Pilot: Employers’ management of long-term sickness absence  ,RR227,2004,,https://webarchive.nationalarchives.gov.uk/ukgwa/20091222172300mp_/http:/research.dwp.gov.uk/asd/asd5/rports2003-2004/rrep227.pdf,,,Department for Work and Pensions,England,The National Archives,Contains public sector information licensed under the Open Government Licence v3.0.,https://webarchive.nationalarchives.gov.uk/ukgwa/20160107144900/https://www.nationalarchives.gov.uk/doc/open-government-licence/version/3/,© Crown copyright,research|analysis,,,5/16/2024 1:19pm,,report,POCO,,,,,POCO_POGO|POCO_POGO_GB|POCO_POGO_GB_V1,en,United Kingdom (GB),,DWP Reports
https://webarchive.nationalarchives.gov.uk/ukgwa/20091222172300mp_/http:/research.dwp.gov.uk/asd/asd5/rports2003-2004/rrep225.pdf,department-for-work-and-pensions-gb,department-for-work-and-pensions-gb:national-archives, The potential for certification of incapacity for work by non-medical healthcare professionals  ,RR225,2004,,https://webarchive.nationalarchives.gov.uk/ukgwa/20091222172300mp_/http:/research.dwp.gov.uk/asd/asd5/rports2003-2004/rrep225.pdf,,,Department for Work and Pensions,England,The National Archives,Contains public sector information licensed under the Open Government Licence v3.0.,https://webarchive.nationalarchives.gov.uk/ukgwa/20160107144900/https://www.nationalarchives.gov.uk/doc/open-government-licence/version/3/,© Crown copyright,research|analysis,,,5/16/2024 1:19pm,,report,POCO,,,,,POCO_POGO|POCO_POGO_GB|POCO_POGO_GB_V1,en,United Kingdom (GB),,DWP Reports
https://webarchive.nationalarchives.gov.uk/ukgwa/20091222172300mp_/http:/research.dwp.gov.uk/asd/asd5/rports2003-2004/rrep224.pdf,department-for-work-and-pensions-gb,department-for-work-and-pensions-gb:national-archives, Developing a Framework for Vocational Rehabilitation: Qualitative Research  ,RR224,2004,,https://webarchive.nationalarchives.gov.uk/ukgwa/20091222172300mp_/http:/research.dwp.gov.uk/asd/asd5/rports2003-2004/rrep224.pdf,,,Department for Work and Pensions,England,The National Archives,Contains public sector information licensed under the Open Government Licence v3.0.,https://webarchive.nationalarchives.gov.uk/ukgwa/20160107144900/https://www.nationalarchives.gov.uk/doc/open-government-licence/version/3/,© Crown copyright,research|analysis,,,5/16/2024 1:19pm,,report,POCO,,,,,POCO_POGO|POCO_POGO_GB|POCO_POGO_GB_V1,en,United Kingdom (GB),,DWP Reports
https://webarchive.nationalarchives.gov.uk/ukgwa/20091222172300mp_/http:/research.dwp.gov.uk/asd/asd5/rports2003-2004/rrep223.pdf,department-for-work-and-pensions-gb,department-for-work-and-pensions-gb:national-archives, Jobcentre Plus Service Delivery Survey (Wave 1)  ,RR223,2004,,https://webarchive.nationalarchives.gov.uk/ukgwa/20091222172300mp_/http:/research.dwp.gov.uk/asd/asd5/rports2003-2004/rrep223.pdf,,,Department for Work and Pensions,England,The National Archives,Contains public sector information licensed under the Open Government Licence v3.0.,https://webarchive.nationalarchives.gov.uk/ukgwa/20160107144900/https://www.nationalarchives.gov.uk/doc/open-government-licence/version/3/,© Crown copyright,research|analysis,,,5/16/2024 1:19pm,,report,POCO,,,,,POCO_POGO|POCO_POGO_GB|POCO_POGO_GB_V1,en,United Kingdom (GB),,DWP Reports
https://webarchive.nationalarchives.gov.uk/ukgwa/20091222172300mp_/http:/research.dwp.gov.uk/asd/asd5/rports2003-2004/rrep222.pdf,department-for-work-and-pensions-gb,department-for-work-and-pensions-gb:national-archives, Delivering the Jobcentre Plus vision: Qualitative research with staff and customers (Phase 3)  ,RR222,2004,,https://webarchive.nationalarchives.gov.uk/ukgwa/20091222172300mp_/http:/research.dwp.gov.uk/asd/asd5/rports2003-2004/rrep222.pdf,,,Department for Work and Pensions,England,The National Archives,Contains public sector information licensed under the Open Government Licence v3.0.,https://webarchive.nationalarchives.gov.uk/ukgwa/20160107144900/https://www.nationalarchives.gov.uk/doc/open-government-licence/version/3/,© Crown copyright,research|analysis,,,5/16/2024 1:19pm,,report,POCO,,,,,POCO_POGO|POCO_POGO_GB|POCO_POGO_GB_V1,en,United Kingdom (GB),,DWP Reports
https://webarchive.nationalarchives.gov.uk/ukgwa/20091222172300mp_/http:/research.dwp.gov.uk/asd/asd5/rports2003-2004/rrep221.pdf,department-for-work-and-pensions-gb,department-for-work-and-pensions-gb:national-archives, Public awareness of State Pension Age equalisation  ,RR221,2004,,https://webarchive.nationalarchives.gov.uk/ukgwa/20091222172300mp_/http:/research.dwp.gov.uk/asd/asd5/rports2003-2004/rrep221.pdf,,,Department for Work and Pensions,England,The National Archives,Contains public sector information licensed under the Open Government Licence v3.0.,https://webarchive.nationalarchives.gov.uk/ukgwa/20160107144900/https://www.nationalarchives.gov.uk/doc/open-government-licence/version/3/,© Crown copyright,research|analysis,,,5/16/2024 1:19pm,,report,POCO,,,,,POCO_POGO|POCO_POGO_GB|POCO_POGO_GB_V1,en,United Kingdom (GB),,DWP Reports
https://webarchive.nationalarchives.gov.uk/ukgwa/20091222172300mp_/http:/research.dwp.gov.uk/asd/asd5/rports2003-2004/rrep220.pdf,department-for-work-and-pensions-gb,department-for-work-and-pensions-gb:national-archives, Jobcentre Plus’ delivery of New Tax Credit policy  ,RR220,2004,,https://webarchive.nationalarchives.gov.uk/ukgwa/20091222172300mp_/http:/research.dwp.gov.uk/asd/asd5/rports2003-2004/rrep220.pdf,,,Department for Work and Pensions,England,The National Archives,Contains public sector information licensed under the Open Government Licence v3.0.,https://webarchive.nationalarchives.gov.uk/ukgwa/20160107144900/https://www.nationalarchives.gov.uk/doc/open-government-licence/version/3/,© Crown copyright,research|analysis,,,5/16/2024 1:19pm,,report,POCO,,,,,POCO_POGO|POCO_POGO_GB|POCO_POGO_GB_V1,en,United Kingdom (GB),,DWP Reports
https://webarchive.nationalarchives.gov.uk/ukgwa/20091222172300mp_/http:/research.dwp.gov.uk/asd/asd5/rports2003-2004/rrep219.pdf,department-for-work-and-pensions-gb,department-for-work-and-pensions-gb:national-archives, The dynamics of deprivation: the relationship between income and material deprivation over time  ,RR219,2004,,https://webarchive.nationalarchives.gov.uk/ukgwa/20091222172300mp_/http:/research.dwp.gov.uk/asd/asd5/rports2003-2004/rrep219.pdf,,,Department for Work and Pensions,England,The National Archives,Contains public sector information licensed under the Open Government Licence v3.0.,https://webarchive.nationalarchives.gov.uk/ukgwa/20160107144900/https://www.nationalarchives.gov.uk/doc/open-government-licence/version/3/,© Crown copyright,research|analysis,,,5/16/2024 1:19pm,,report,POCO,,,,,POCO_POGO|POCO_POGO_GB|POCO_POGO_GB_V1,en,United Kingdom (GB),,DWP Reports
https://webarchive.nationalarchives.gov.uk/ukgwa/20091222172300mp_/http:/research.dwp.gov.uk/asd/asd5/rports2003-2004/rrep218.pdf,department-for-work-and-pensions-gb,department-for-work-and-pensions-gb:national-archives, Management styles and characteristics of local authority housing benefit managers  ,RR218,2004,,https://webarchive.nationalarchives.gov.uk/ukgwa/20091222172300mp_/http:/research.dwp.gov.uk/asd/asd5/rports2003-2004/rrep218.pdf,,,Department for Work and Pensions,England,The National Archives,Contains public sector information licensed under the Open Government Licence v3.0.,https://webarchive.nationalarchives.gov.uk/ukgwa/20160107144900/https://www.nationalarchives.gov.uk/doc/open-government-licence/version/3/,© Crown copyright,research|analysis,,,5/16/2024 1:19pm,,report,POCO,,,,,POCO_POGO|POCO_POGO_GB|POCO_POGO_GB_V1,en,United Kingdom (GB),,DWP Reports
https://webarchive.nationalarchives.gov.uk/ukgwa/20091222172300mp_/http:/research.dwp.gov.uk/asd/asd5/rports2003-2004/rrep217.pdf,department-for-work-and-pensions-gb,department-for-work-and-pensions-gb:national-archives, Lone parents cycling between work and benefit  ,RR217,2004,,https://webarchive.nationalarchives.gov.uk/ukgwa/20091222172300mp_/http:/research.dwp.gov.uk/asd/asd5/rports2003-2004/rrep217.pdf,,,Department for Work and Pensions,England,The National Archives,Contains public sector information licensed under the Open Government Licence v3.0.,https://webarchive.nationalarchives.gov.uk/ukgwa/20160107144900/https://www.nationalarchives.gov.uk/doc/open-government-licence/version/3/,© Crown copyright,research|analysis,,,5/16/2024 1:19pm,,report,POCO,,,,,POCO_POGO|POCO_POGO_GB|POCO_POGO_GB_V1,en,United Kingdom (GB),,DWP Reports
https://webarchive.nationalarchives.gov.uk/ukgwa/20091222172300mp_/http:/research.dwp.gov.uk/asd/asd5/rports2003-2004/rrep216.pdf,department-for-work-and-pensions-gb,department-for-work-and-pensions-gb:national-archives, Independent living in later life  ,RR216,2004,,https://webarchive.nationalarchives.gov.uk/ukgwa/20091222172300mp_/http:/research.dwp.gov.uk/asd/asd5/rports2003-2004/rrep216.pdf,,,Department for Work and Pensions,England,The National Archives,Contains public sector information licensed under the Open Government Licence v3.0.,https://webarchive.nationalarchives.gov.uk/ukgwa/20160107144900/https://www.nationalarchives.gov.uk/doc/open-government-licence/version/3/,© Crown copyright,research|analysis,,,5/16/2024 1:19pm,,report,POCO,,,,,POCO_POGO|POCO_POGO_GB|POCO_POGO_GB_V1,en,United Kingdom (GB),,DWP Reports
https://webarchive.nationalarchives.gov.uk/ukgwa/20091222172300mp_/http:/research.dwp.gov.uk/asd/asd5/rports2003-2004/rrep215.pdf,department-for-work-and-pensions-gb,department-for-work-and-pensions-gb:national-archives, Financial support for 16 to 19 year olds: A review of the literature and evidence on the Australian Youth Allowance  ,RR215,2004,,https://webarchive.nationalarchives.gov.uk/ukgwa/20091222172300mp_/http:/research.dwp.gov.uk/asd/asd5/rports2003-2004/rrep215.pdf,,,Department for Work and Pensions,England,The National Archives,Contains public sector information licensed under the Open Government Licence v3.0.,https://webarchive.nationalarchives.gov.uk/ukgwa/20160107144900/https://www.nationalarchives.gov.uk/doc/open-government-licence/version/3/,© Crown copyright,research|analysis,,,5/16/2024 1:19pm,,report,POCO,,,,,POCO_POGO|POCO_POGO_GB|POCO_POGO_GB_V1,en,United Kingdom (GB),,DWP Reports
https://webarchive.nationalarchives.gov.uk/ukgwa/20091222172300mp_/http:/research.dwp.gov.uk/asd/asd5/rports2003-2004/rrep214.pdf,department-for-work-and-pensions-gb,department-for-work-and-pensions-gb:national-archives," Lone parents, health and work  ",RR214,2004,,https://webarchive.nationalarchives.gov.uk/ukgwa/20091222172300mp_/http:/research.dwp.gov.uk/asd/asd5/rports2003-2004/rrep214.pdf,,,Department for Work and Pensions,England,The National Archives,Contains public sector information licensed under the Open Government Licence v3.0.,https://webarchive.nationalarchives.gov.uk/ukgwa/20160107144900/https://www.nationalarchives.gov.uk/doc/open-government-licence/version/3/,© Crown copyright,research|analysis,,,5/16/2024 1:19pm,,report,POCO,,,,,POCO_POGO|POCO_POGO_GB|POCO_POGO_GB_V1,en,United Kingdom (GB),,DWP Reports
https://webarchive.nationalarchives.gov.uk/ukgwa/20091222172300mp_/http:/research.dwp.gov.uk/asd/asd5/rports2003-2004/rrep212.pdf,department-for-work-and-pensions-gb,department-for-work-and-pensions-gb:national-archives, Combined Pension Forecasts: A report on the experiences and views of CPF providers and recipients  ,RR212,2004,,https://webarchive.nationalarchives.gov.uk/ukgwa/20091222172300mp_/http:/research.dwp.gov.uk/asd/asd5/rports2003-2004/rrep212.pdf,,,Department for Work and Pensions,England,The National Archives,Contains public sector information licensed under the Open Government Licence v3.0.,https://webarchive.nationalarchives.gov.uk/ukgwa/20160107144900/https://www.nationalarchives.gov.uk/doc/open-government-licence/version/3/,© Crown copyright,research|analysis,,,5/16/2024 1:19pm,,report,POCO,,,,,POCO_POGO|POCO_POGO_GB|POCO_POGO_GB_V1,en,United Kingdom (GB),,DWP Reports
https://webarchive.nationalarchives.gov.uk/ukgwa/20091222172300mp_/http:/research.dwp.gov.uk/asd/asd5/rports2003-2004/rrep211.pdf,department-for-work-and-pensions-gb,department-for-work-and-pensions-gb:national-archives, Characteristics of families in debt and the nature of indebtedness  ,RR211,2004,,https://webarchive.nationalarchives.gov.uk/ukgwa/20091222172300mp_/http:/research.dwp.gov.uk/asd/asd5/rports2003-2004/rrep211.pdf,,,Department for Work and Pensions,England,The National Archives,Contains public sector information licensed under the Open Government Licence v3.0.,https://webarchive.nationalarchives.gov.uk/ukgwa/20160107144900/https://www.nationalarchives.gov.uk/doc/open-government-licence/version/3/,© Crown copyright,research|analysis,,,5/16/2024 1:19pm,,report,POCO,,,,,POCO_POGO|POCO_POGO_GB|POCO_POGO_GB_V1,en,United Kingdom (GB),,DWP Reports
https://webarchive.nationalarchives.gov.uk/ukgwa/20091222172300mp_/http:/research.dwp.gov.uk/asd/asd5/rports2003-2004/rrep210.pdf,department-for-work-and-pensions-gb,department-for-work-and-pensions-gb:national-archives, Experiences and consequences of being refused a Community Care Grant  ,RR210,2004,,https://webarchive.nationalarchives.gov.uk/ukgwa/20091222172300mp_/http:/research.dwp.gov.uk/asd/asd5/rports2003-2004/rrep210.pdf,,,Department for Work and Pensions,England,The National Archives,Contains public sector information licensed under the Open Government Licence v3.0.,https://webarchive.nationalarchives.gov.uk/ukgwa/20160107144900/https://www.nationalarchives.gov.uk/doc/open-government-licence/version/3/,© Crown copyright,research|analysis,,,5/16/2024 1:19pm,,report,POCO,,,,,POCO_POGO|POCO_POGO_GB|POCO_POGO_GB_V1,en,United Kingdom (GB),,DWP Reports
https://webarchive.nationalarchives.gov.uk/ukgwa/20091222172300mp_/http:/research.dwp.gov.uk/asd/asd5/rports2003-2004/rrep209.pdf,department-for-work-and-pensions-gb,department-for-work-and-pensions-gb:national-archives, The British Lone Parent Cohort and their Children 1991 to 2001  ,RR209,2004,,https://webarchive.nationalarchives.gov.uk/ukgwa/20091222172300mp_/http:/research.dwp.gov.uk/asd/asd5/rports2003-2004/rrep209.pdf,,,Department for Work and Pensions,England,The National Archives,Contains public sector information licensed under the Open Government Licence v3.0.,https://webarchive.nationalarchives.gov.uk/ukgwa/20160107144900/https://www.nationalarchives.gov.uk/doc/open-government-licence/version/3/,© Crown copyright,research|analysis,,,5/16/2024 1:19pm,,report,POCO,,,,,POCO_POGO|POCO_POGO_GB|POCO_POGO_GB_V1,en,United Kingdom (GB),,DWP Reports
https://webarchive.nationalarchives.gov.uk/ukgwa/20091222172300mp_/http:/research.dwp.gov.uk/asd/asd5/rports2003-2004/rrep208.pdf,department-for-work-and-pensions-gb,department-for-work-and-pensions-gb:national-archives, Working after State Pension Age: Qualitative Research  ,RR208,2004,,https://webarchive.nationalarchives.gov.uk/ukgwa/20091222172300mp_/http:/research.dwp.gov.uk/asd/asd5/rports2003-2004/rrep208.pdf,,,Department for Work and Pensions,England,The National Archives,Contains public sector information licensed under the Open Government Licence v3.0.,https://webarchive.nationalarchives.gov.uk/ukgwa/20160107144900/https://www.nationalarchives.gov.uk/doc/open-government-licence/version/3/,© Crown copyright,research|analysis,,,5/16/2024 1:19pm,,report,POCO,,,,,POCO_POGO|POCO_POGO_GB|POCO_POGO_GB_V1,en,United Kingdom (GB),,DWP Reports
https://webarchive.nationalarchives.gov.uk/ukgwa/20091222172300mp_/http:/research.dwp.gov.uk/asd/asd5/rports2003-2004/rrep207.pdf,department-for-work-and-pensions-gb,department-for-work-and-pensions-gb:national-archives, Employers' Pension Provision Survey 2003  ,RR207,2004,,https://webarchive.nationalarchives.gov.uk/ukgwa/20091222172300mp_/http:/research.dwp.gov.uk/asd/asd5/rports2003-2004/rrep207.pdf,,,Department for Work and Pensions,England,The National Archives,Contains public sector information licensed under the Open Government Licence v3.0.,https://webarchive.nationalarchives.gov.uk/ukgwa/20160107144900/https://www.nationalarchives.gov.uk/doc/open-government-licence/version/3/,© Crown copyright,research|analysis,,,5/16/2024 1:19pm,,report,POCO,,,,,POCO_POGO|POCO_POGO_GB|POCO_POGO_GB_V1,en,United Kingdom (GB),,DWP Reports
https://webarchive.nationalarchives.gov.uk/ukgwa/20091222172300mp_/http:/research.dwp.gov.uk/asd/asd5/rports2003-2004/rrep206.pdf,department-for-work-and-pensions-gb,department-for-work-and-pensions-gb:national-archives, Families and children in Britain: Findings from the 2002 Families and children study (FACS)  ,RR206,2004,,https://webarchive.nationalarchives.gov.uk/ukgwa/20091222172300mp_/http:/research.dwp.gov.uk/asd/asd5/rports2003-2004/rrep206.pdf,,,Department for Work and Pensions,England,The National Archives,Contains public sector information licensed under the Open Government Licence v3.0.,https://webarchive.nationalarchives.gov.uk/ukgwa/20160107144900/https://www.nationalarchives.gov.uk/doc/open-government-licence/version/3/,© Crown copyright,research|analysis,,,5/16/2024 1:19pm,,report,POCO,,,,,POCO_POGO|POCO_POGO_GB|POCO_POGO_GB_V1,en,United Kingdom (GB),,DWP Reports
https://webarchive.nationalarchives.gov.uk/ukgwa/20091222172300mp_/http:/research.dwp.gov.uk/asd/asd5/rports2003-2004/rrep205.pdf,department-for-work-and-pensions-gb,department-for-work-and-pensions-gb:national-archives, The Pension Service Customer Survey 2003  ,RR205,2004,,https://webarchive.nationalarchives.gov.uk/ukgwa/20091222172300mp_/http:/research.dwp.gov.uk/asd/asd5/rports2003-2004/rrep205.pdf,,,Department for Work and Pensions,England,The National Archives,Contains public sector information licensed under the Open Government Licence v3.0.,https://webarchive.nationalarchives.gov.uk/ukgwa/20160107144900/https://www.nationalarchives.gov.uk/doc/open-government-licence/version/3/,© Crown copyright,research|analysis,,,5/16/2024 1:19pm,,report,POCO,,,,,POCO_POGO|POCO_POGO_GB|POCO_POGO_GB_V1,en,United Kingdom (GB),,DWP Reports
https://webarchive.nationalarchives.gov.uk/ukgwa/20091222172300mp_/http:/research.dwp.gov.uk/asd/asd5/rports2003-2004/rrep204.pdf,department-for-work-and-pensions-gb,department-for-work-and-pensions-gb:national-archives, Making the transition: Addressing barriers in services for disabled people  ,RR204,2004,,https://webarchive.nationalarchives.gov.uk/ukgwa/20091222172300mp_/http:/research.dwp.gov.uk/asd/asd5/rports2003-2004/rrep204.pdf,,,Department for Work and Pensions,England,The National Archives,Contains public sector information licensed under the Open Government Licence v3.0.,https://webarchive.nationalarchives.gov.uk/ukgwa/20160107144900/https://www.nationalarchives.gov.uk/doc/open-government-licence/version/3/,© Crown copyright,research|analysis,,,5/16/2024 1:19pm,,report,POCO,,,,,POCO_POGO|POCO_POGO_GB|POCO_POGO_GB_V1,en,United Kingdom (GB),,DWP Reports
https://webarchive.nationalarchives.gov.uk/ukgwa/20091222172300mp_/http:/research.dwp.gov.uk/asd/asd5/rports2003-2004/rrep202.pdf,department-for-work-and-pensions-gb,department-for-work-and-pensions-gb:national-archives, Disability in the workplace: Employers' and service providers' responses to the Disability  ,RR202,2004,,https://webarchive.nationalarchives.gov.uk/ukgwa/20091222172300mp_/http:/research.dwp.gov.uk/asd/asd5/rports2003-2004/rrep202.pdf,,,Department for Work and Pensions,England,The National Archives,Contains public sector information licensed under the Open Government Licence v3.0.,https://webarchive.nationalarchives.gov.uk/ukgwa/20160107144900/https://www.nationalarchives.gov.uk/doc/open-government-licence/version/3/,© Crown copyright,research|analysis,,,5/16/2024 1:19pm,,report,POCO,,,,,POCO_POGO|POCO_POGO_GB|POCO_POGO_GB_V1,en,United Kingdom (GB),,DWP Reports
https://webarchive.nationalarchives.gov.uk/ukgwa/20091222172300mp_/http:/research.dwp.gov.uk/asd/asd5/rports2003-2004/rrep198.pdf,department-for-work-and-pensions-gb,department-for-work-and-pensions-gb:national-archives, Evaluation of the community sentences and withdrawal of benefits pilots  ,RR198,2004,,https://webarchive.nationalarchives.gov.uk/ukgwa/20091222172300mp_/http:/research.dwp.gov.uk/asd/asd5/rports2003-2004/rrep198.pdf,,,Department for Work and Pensions,England,The National Archives,Contains public sector information licensed under the Open Government Licence v3.0.,https://webarchive.nationalarchives.gov.uk/ukgwa/20160107144900/https://www.nationalarchives.gov.uk/doc/open-government-licence/version/3/,© Crown copyright,research|analysis,,,5/16/2024 1:19pm,,report,POCO,,,,,POCO_POGO|POCO_POGO_GB|POCO_POGO_GB_V1,en,United Kingdom (GB),,DWP Reports
https://webarchive.nationalarchives.gov.uk/ukgwa/20091222172300mp_/http:/research.dwp.gov.uk/asd/asd5/rports2003-2004/rrep201.pdf,department-for-work-and-pensions-gb,department-for-work-and-pensions-gb:national-archives, Delivering benefits and services for black and minority ethnic older people  ,RR201,2003,,https://webarchive.nationalarchives.gov.uk/ukgwa/20091222172300mp_/http:/research.dwp.gov.uk/asd/asd5/rports2003-2004/rrep201.pdf,,,Department for Work and Pensions,England,The National Archives,Contains public sector information licensed under the Open Government Licence v3.0.,https://webarchive.nationalarchives.gov.uk/ukgwa/20160107144900/https://www.nationalarchives.gov.uk/doc/open-government-licence/version/3/,© Crown copyright,research|analysis,,,5/16/2024 1:19pm,,report,POCO,,,,,POCO_POGO|POCO_POGO_GB|POCO_POGO_GB_V1,en,United Kingdom (GB),,DWP Reports
https://webarchive.nationalarchives.gov.uk/ukgwa/20091222172300mp_/http:/research.dwp.gov.uk/asd/asd5/rports2003-2004/rrep200.pdf,department-for-work-and-pensions-gb,department-for-work-and-pensions-gb:national-archives, Factors affecting the labour market participation of older workers  ,RR200,2003,,https://webarchive.nationalarchives.gov.uk/ukgwa/20091222172300mp_/http:/research.dwp.gov.uk/asd/asd5/rports2003-2004/rrep200.pdf,,,Department for Work and Pensions,England,The National Archives,Contains public sector information licensed under the Open Government Licence v3.0.,https://webarchive.nationalarchives.gov.uk/ukgwa/20160107144900/https://www.nationalarchives.gov.uk/doc/open-government-licence/version/3/,© Crown copyright,research|analysis,,,5/16/2024 1:19pm,,report,POCO,,,,,POCO_POGO|POCO_POGO_GB|POCO_POGO_GB_V1,en,United Kingdom (GB),,DWP Reports
https://webarchive.nationalarchives.gov.uk/ukgwa/20091222172300mp_/http:/research.dwp.gov.uk/asd/asd5/rports2003-2004/rrep199.pdf,department-for-work-and-pensions-gb,department-for-work-and-pensions-gb:national-archives, Pension scheme changes and retirement policies: An employer and employee perspective  ,RR199,2003,,https://webarchive.nationalarchives.gov.uk/ukgwa/20091222172300mp_/http:/research.dwp.gov.uk/asd/asd5/rports2003-2004/rrep199.pdf,,,Department for Work and Pensions,England,The National Archives,Contains public sector information licensed under the Open Government Licence v3.0.,https://webarchive.nationalarchives.gov.uk/ukgwa/20160107144900/https://www.nationalarchives.gov.uk/doc/open-government-licence/version/3/,© Crown copyright,research|analysis,,,5/16/2024 1:19pm,,report,POCO,,,,,POCO_POGO|POCO_POGO_GB|POCO_POGO_GB_V1,en,United Kingdom (GB),,DWP Reports
https://webarchive.nationalarchives.gov.uk/ukgwa/20091222172300mp_/http:/research.dwp.gov.uk/asd/asd5/rports2003-2004/rrep197.pdf,department-for-work-and-pensions-gb,department-for-work-and-pensions-gb:national-archives," Entitled but not claiming? Pensioners, the Minimum Income Guarantee and Pension Credit  ",RR197,2003,,https://webarchive.nationalarchives.gov.uk/ukgwa/20091222172300mp_/http:/research.dwp.gov.uk/asd/asd5/rports2003-2004/rrep197.pdf,,,Department for Work and Pensions,England,The National Archives,Contains public sector information licensed under the Open Government Licence v3.0.,https://webarchive.nationalarchives.gov.uk/ukgwa/20160107144900/https://www.nationalarchives.gov.uk/doc/open-government-licence/version/3/,© Crown copyright,research|analysis,,,5/16/2024 1:19pm,,report,POCO,,,,,POCO_POGO|POCO_POGO_GB|POCO_POGO_GB_V1,en,United Kingdom (GB),,DWP Reports
https://webarchive.nationalarchives.gov.uk/ukgwa/20091222172300mp_/http:/research.dwp.gov.uk/asd/asd5/rports2003-2004/rrep196.pdf,department-for-work-and-pensions-gb,department-for-work-and-pensions-gb:national-archives, Profiling benefit claimants in Britain: A feasibility study  ,RR196,2003,,https://webarchive.nationalarchives.gov.uk/ukgwa/20091222172300mp_/http:/research.dwp.gov.uk/asd/asd5/rports2003-2004/rrep196.pdf,,,Department for Work and Pensions,England,The National Archives,Contains public sector information licensed under the Open Government Licence v3.0.,https://webarchive.nationalarchives.gov.uk/ukgwa/20160107144900/https://www.nationalarchives.gov.uk/doc/open-government-licence/version/3/,© Crown copyright,research|analysis,,,5/16/2024 1:19pm,,report,POCO,,,,,POCO_POGO|POCO_POGO_GB|POCO_POGO_GB_V1,en,United Kingdom (GB),,DWP Reports
https://webarchive.nationalarchives.gov.uk/ukgwa/20091222172300mp_/http:/research.dwp.gov.uk/asd/asd5/rports2003-2004/rrep195.pdf,department-for-work-and-pensions-gb,department-for-work-and-pensions-gb:national-archives, The Myners Principles and occupational pension schemes - Volume 1 of 2 Findings from case study research  ,RR195,2003,,https://webarchive.nationalarchives.gov.uk/ukgwa/20091222172300mp_/http:/research.dwp.gov.uk/asd/asd5/rports2003-2004/rrep195.pdf,,,Department for Work and Pensions,England,The National Archives,Contains public sector information licensed under the Open Government Licence v3.0.,https://webarchive.nationalarchives.gov.uk/ukgwa/20160107144900/https://www.nationalarchives.gov.uk/doc/open-government-licence/version/3/,© Crown copyright,research|analysis,,,5/16/2024 1:19pm,,report,POCO,,,,,POCO_POGO|POCO_POGO_GB|POCO_POGO_GB_V1,en,United Kingdom (GB),,DWP Reports
https://webarchive.nationalarchives.gov.uk/ukgwa/20091222172300mp_/http:/research.dwp.gov.uk/asd/asd5/rports2003-2004/rrep194.pdf,department-for-work-and-pensions-gb,department-for-work-and-pensions-gb:national-archives, Savings and Life Events  ,RR194,2003,,https://webarchive.nationalarchives.gov.uk/ukgwa/20091222172300mp_/http:/research.dwp.gov.uk/asd/asd5/rports2003-2004/rrep194.pdf,,,Department for Work and Pensions,England,The National Archives,Contains public sector information licensed under the Open Government Licence v3.0.,https://webarchive.nationalarchives.gov.uk/ukgwa/20160107144900/https://www.nationalarchives.gov.uk/doc/open-government-licence/version/3/,© Crown copyright,research|analysis,,,5/16/2024 1:19pm,,report,POCO,,,,,POCO_POGO|POCO_POGO_GB|POCO_POGO_GB_V1,en,United Kingdom (GB),,DWP Reports
https://webarchive.nationalarchives.gov.uk/ukgwa/20091222172300mp_/http:/research.dwp.gov.uk/asd/asd5/rrep193.pdf,department-for-work-and-pensions-gb,department-for-work-and-pensions-gb:national-archives, Pensions 2002: Public attitudes to pensions and saving for retirement  ,RR193,2003,,https://webarchive.nationalarchives.gov.uk/ukgwa/20091222172300mp_/http:/research.dwp.gov.uk/asd/asd5/rrep193.pdf,,,Department for Work and Pensions,England,The National Archives,Contains public sector information licensed under the Open Government Licence v3.0.,https://webarchive.nationalarchives.gov.uk/ukgwa/20160107144900/https://www.nationalarchives.gov.uk/doc/open-government-licence/version/3/,© Crown copyright,research|analysis,,,5/16/2024 1:19pm,,report,POCO,,,,,POCO_POGO|POCO_POGO_GB|POCO_POGO_GB_V1,en,United Kingdom (GB),,DWP Reports
https://webarchive.nationalarchives.gov.uk/ukgwa/20091222172300mp_/http:/research.dwp.gov.uk/asd/asd5/rrep192.pdf,department-for-work-and-pensions-gb,department-for-work-and-pensions-gb:national-archives, Low-income Families and Household Spending  ,RR192,2003,,https://webarchive.nationalarchives.gov.uk/ukgwa/20091222172300mp_/http:/research.dwp.gov.uk/asd/asd5/rrep192.pdf,,,Department for Work and Pensions,England,The National Archives,Contains public sector information licensed under the Open Government Licence v3.0.,https://webarchive.nationalarchives.gov.uk/ukgwa/20160107144900/https://www.nationalarchives.gov.uk/doc/open-government-licence/version/3/,© Crown copyright,research|analysis,,,5/16/2024 1:19pm,,report,POCO,,,,,POCO_POGO|POCO_POGO_GB|POCO_POGO_GB_V1,en,United Kingdom (GB),,DWP Reports
https://webarchive.nationalarchives.gov.uk/ukgwa/20091222172300mp_/http:/research.dwp.gov.uk/asd/asd5/rrep191.pdf,department-for-work-and-pensions-gb,department-for-work-and-pensions-gb:national-archives, Families and Children 2001: Work and Childcare  ,RR191,2003,,https://webarchive.nationalarchives.gov.uk/ukgwa/20091222172300mp_/http:/research.dwp.gov.uk/asd/asd5/rrep191.pdf,,,Department for Work and Pensions,England,The National Archives,Contains public sector information licensed under the Open Government Licence v3.0.,https://webarchive.nationalarchives.gov.uk/ukgwa/20160107144900/https://www.nationalarchives.gov.uk/doc/open-government-licence/version/3/,© Crown copyright,research|analysis,,,5/16/2024 1:19pm,,report,POCO,,,,,POCO_POGO|POCO_POGO_GB|POCO_POGO_GB_V1,en,United Kingdom (GB),,DWP Reports
https://webarchive.nationalarchives.gov.uk/ukgwa/20091222172300mp_/http:/research.dwp.gov.uk/asd/asd5/rrep190.pdf,department-for-work-and-pensions-gb,department-for-work-and-pensions-gb:national-archives, Families and Children 2001: Living Standards and the Children  ,RR190,2003,,https://webarchive.nationalarchives.gov.uk/ukgwa/20091222172300mp_/http:/research.dwp.gov.uk/asd/asd5/rrep190.pdf,,,Department for Work and Pensions,England,The National Archives,Contains public sector information licensed under the Open Government Licence v3.0.,https://webarchive.nationalarchives.gov.uk/ukgwa/20160107144900/https://www.nationalarchives.gov.uk/doc/open-government-licence/version/3/,© Crown copyright,research|analysis,,,5/16/2024 1:19pm,,report,POCO,,,,,POCO_POGO|POCO_POGO_GB|POCO_POGO_GB_V1,en,United Kingdom (GB),,DWP Reports
https://webarchive.nationalarchives.gov.uk/ukgwa/20091222172300mp_/http:/research.dwp.gov.uk/asd/asd5/rrep189.pdf,department-for-work-and-pensions-gb,department-for-work-and-pensions-gb:national-archives, Medical Evidence and Incapacity Benefit: Evaluation of a Pilot Study  ,RR189,2003,,https://webarchive.nationalarchives.gov.uk/ukgwa/20091222172300mp_/http:/research.dwp.gov.uk/asd/asd5/rrep189.pdf,,,Department for Work and Pensions,England,The National Archives,Contains public sector information licensed under the Open Government Licence v3.0.,https://webarchive.nationalarchives.gov.uk/ukgwa/20160107144900/https://www.nationalarchives.gov.uk/doc/open-government-licence/version/3/,© Crown copyright,research|analysis,,,5/16/2024 1:19pm,,report,POCO,,,,,POCO_POGO|POCO_POGO_GB|POCO_POGO_GB_V1,en,United Kingdom (GB),,DWP Reports
https://webarchive.nationalarchives.gov.uk/ukgwa/20091222172300mp_/http:/research.dwp.gov.uk/asd/asd5/rrep188.pdf,department-for-work-and-pensions-gb,department-for-work-and-pensions-gb:national-archives," Diversity in disability - Exploring the interactions between disability, ethnicity, age, gender and sexuality  ",RR188,2003,,https://webarchive.nationalarchives.gov.uk/ukgwa/20091222172300mp_/http:/research.dwp.gov.uk/asd/asd5/rrep188.pdf,,,Department for Work and Pensions,England,The National Archives,Contains public sector information licensed under the Open Government Licence v3.0.,https://webarchive.nationalarchives.gov.uk/ukgwa/20160107144900/https://www.nationalarchives.gov.uk/doc/open-government-licence/version/3/,© Crown copyright,research|analysis,,,5/16/2024 1:19pm,,report,POCO,,,,,POCO_POGO|POCO_POGO_GB|POCO_POGO_GB_V1,en,United Kingdom (GB),,DWP Reports
https://webarchive.nationalarchives.gov.uk/ukgwa/20091222172300mp_/http:/research.dwp.gov.uk/asd/asd5/rrep187.pdf,department-for-work-and-pensions-gb,department-for-work-and-pensions-gb:national-archives, Experiences of lone parents from minority ethnic communities  ,RR187,2003,,https://webarchive.nationalarchives.gov.uk/ukgwa/20091222172300mp_/http:/research.dwp.gov.uk/asd/asd5/rrep187.pdf,,,Department for Work and Pensions,England,The National Archives,Contains public sector information licensed under the Open Government Licence v3.0.,https://webarchive.nationalarchives.gov.uk/ukgwa/20160107144900/https://www.nationalarchives.gov.uk/doc/open-government-licence/version/3/,© Crown copyright,research|analysis,,,5/16/2024 1:19pm,,report,POCO,,,,,POCO_POGO|POCO_POGO_GB|POCO_POGO_GB_V1,en,United Kingdom (GB),,DWP Reports
https://webarchive.nationalarchives.gov.uk/ukgwa/20091222172300mp_/http:/research.dwp.gov.uk/asd/asd5/rrep186.pdf,department-for-work-and-pensions-gb,department-for-work-and-pensions-gb:national-archives, Easing the transition into work (part 2 - client survey)  ,RR186,2003,,https://webarchive.nationalarchives.gov.uk/ukgwa/20091222172300mp_/http:/research.dwp.gov.uk/asd/asd5/rrep186.pdf,,,Department for Work and Pensions,England,The National Archives,Contains public sector information licensed under the Open Government Licence v3.0.,https://webarchive.nationalarchives.gov.uk/ukgwa/20160107144900/https://www.nationalarchives.gov.uk/doc/open-government-licence/version/3/,© Crown copyright,research|analysis,,,5/16/2024 1:19pm,,report,POCO,,,,,POCO_POGO|POCO_POGO_GB|POCO_POGO_GB_V1,en,United Kingdom (GB),,DWP Reports
https://webarchive.nationalarchives.gov.uk/ukgwa/20091222172300mp_/http:/research.dwp.gov.uk/asd/asd5/rrep185.pdf,department-for-work-and-pensions-gb,department-for-work-and-pensions-gb:national-archives, Employer engagement and the London labour market  ,RR185,2003,,https://webarchive.nationalarchives.gov.uk/ukgwa/20091222172300mp_/http:/research.dwp.gov.uk/asd/asd5/rrep185.pdf,,,Department for Work and Pensions,England,The National Archives,Contains public sector information licensed under the Open Government Licence v3.0.,https://webarchive.nationalarchives.gov.uk/ukgwa/20160107144900/https://www.nationalarchives.gov.uk/doc/open-government-licence/version/3/,© Crown copyright,research|analysis,,,5/16/2024 1:19pm,,report,POCO,,,,,POCO_POGO|POCO_POGO_GB|POCO_POGO_GB_V1,en,United Kingdom (GB),,DWP Reports
https://webarchive.nationalarchives.gov.uk/ukgwa/20091222172300mp_/http:/research.dwp.gov.uk/asd/asd5/rrep184.pdf,department-for-work-and-pensions-gb,department-for-work-and-pensions-gb:national-archives, Business start-up support for young adults delivered by the Prince's Trust: a comparative study of labour market outcomes  ,RR184,2003,,https://webarchive.nationalarchives.gov.uk/ukgwa/20091222172300mp_/http:/research.dwp.gov.uk/asd/asd5/rrep184.pdf,,,Department for Work and Pensions,England,The National Archives,Contains public sector information licensed under the Open Government Licence v3.0.,https://webarchive.nationalarchives.gov.uk/ukgwa/20160107144900/https://www.nationalarchives.gov.uk/doc/open-government-licence/version/3/,© Crown copyright,research|analysis,,,5/16/2024 1:19pm,,report,POCO,,,,,POCO_POGO|POCO_POGO_GB|POCO_POGO_GB_V1,en,United Kingdom (GB),,DWP Reports
https://webarchive.nationalarchives.gov.uk/ukgwa/20091222172300mp_/http:/research.dwp.gov.uk/asd/asd5/rrep183.pdf,department-for-work-and-pensions-gb,department-for-work-and-pensions-gb:national-archives, Final Effects of ONE  ,RR183,2003,,https://webarchive.nationalarchives.gov.uk/ukgwa/20091222172300mp_/http:/research.dwp.gov.uk/asd/asd5/rrep183.pdf,,,Department for Work and Pensions,England,The National Archives,Contains public sector information licensed under the Open Government Licence v3.0.,https://webarchive.nationalarchives.gov.uk/ukgwa/20160107144900/https://www.nationalarchives.gov.uk/doc/open-government-licence/version/3/,© Crown copyright,research|analysis,,,5/16/2024 1:19pm,,report,POCO,,,,,POCO_POGO|POCO_POGO_GB|POCO_POGO_GB_V1,en,United Kingdom (GB),,DWP Reports
https://webarchive.nationalarchives.gov.uk/ukgwa/20091222172300mp_/http:/research.dwp.gov.uk/asd/asd5/rrep182.pdf,department-for-work-and-pensions-gb,department-for-work-and-pensions-gb:national-archives, Working after State Pension Age: Quantitative Analysis  ,RR182,2003,,https://webarchive.nationalarchives.gov.uk/ukgwa/20091222172300mp_/http:/research.dwp.gov.uk/asd/asd5/rrep182.pdf,,,Department for Work and Pensions,England,The National Archives,Contains public sector information licensed under the Open Government Licence v3.0.,https://webarchive.nationalarchives.gov.uk/ukgwa/20160107144900/https://www.nationalarchives.gov.uk/doc/open-government-licence/version/3/,© Crown copyright,research|analysis,,,5/16/2024 1:19pm,,report,POCO,,,,,POCO_POGO|POCO_POGO_GB|POCO_POGO_GB_V1,en,United Kingdom (GB),,DWP Reports
https://webarchive.nationalarchives.gov.uk/ukgwa/20091222172300mp_/http:/research.dwp.gov.uk/asd/asd5/rrep181.pdf,department-for-work-and-pensions-gb,department-for-work-and-pensions-gb:national-archives, Working Families' Tax Credit in 2001  ,RR181,2003,,https://webarchive.nationalarchives.gov.uk/ukgwa/20091222172300mp_/http:/research.dwp.gov.uk/asd/asd5/rrep181.pdf,,,Department for Work and Pensions,England,The National Archives,Contains public sector information licensed under the Open Government Licence v3.0.,https://webarchive.nationalarchives.gov.uk/ukgwa/20160107144900/https://www.nationalarchives.gov.uk/doc/open-government-licence/version/3/,© Crown copyright,research|analysis,,,5/16/2024 1:19pm,,report,POCO,,,,,POCO_POGO|POCO_POGO_GB|POCO_POGO_GB_V1,en,United Kingdom (GB),,DWP Reports
https://webarchive.nationalarchives.gov.uk/ukgwa/20091222172300mp_/http:/research.dwp.gov.uk/asd/asd5/rrep180.pdf,department-for-work-and-pensions-gb,department-for-work-and-pensions-gb:national-archives, Family change 1999 to 2001  ,RR180,2003,,https://webarchive.nationalarchives.gov.uk/ukgwa/20091222172300mp_/http:/research.dwp.gov.uk/asd/asd5/rrep180.pdf,,,Department for Work and Pensions,England,The National Archives,Contains public sector information licensed under the Open Government Licence v3.0.,https://webarchive.nationalarchives.gov.uk/ukgwa/20160107144900/https://www.nationalarchives.gov.uk/doc/open-government-licence/version/3/,© Crown copyright,research|analysis,,,5/16/2024 1:19pm,,report,POCO,,,,,POCO_POGO|POCO_POGO_GB|POCO_POGO_GB_V1,en,United Kingdom (GB),,DWP Reports
https://webarchive.nationalarchives.gov.uk/ukgwa/20091222172300mp_/http:/research.dwp.gov.uk/asd/asd5/rrep179.pdf,department-for-work-and-pensions-gb,department-for-work-and-pensions-gb:national-archives, Refugees' Opportunities and Barriers in Employment and Training  ,RR179,2002,,https://webarchive.nationalarchives.gov.uk/ukgwa/20091222172300mp_/http:/research.dwp.gov.uk/asd/asd5/rrep179.pdf,,,Department for Work and Pensions,England,The National Archives,Contains public sector information licensed under the Open Government Licence v3.0.,https://webarchive.nationalarchives.gov.uk/ukgwa/20160107144900/https://www.nationalarchives.gov.uk/doc/open-government-licence/version/3/,© Crown copyright,research|analysis,,,5/16/2024 1:19pm,,report,POCO,,,,,POCO_POGO|POCO_POGO_GB|POCO_POGO_GB_V1,en,United Kingdom (GB),,DWP Reports
https://webarchive.nationalarchives.gov.uk/ukgwa/20091222172300mp_/http:/research.dwp.gov.uk/asd/asd5/rrep178.pdf,department-for-work-and-pensions-gb,department-for-work-and-pensions-gb:national-archives, The Wider Benefits of Education and Training: A Comparative Longitudinal Study  ,RR178,2002,,https://webarchive.nationalarchives.gov.uk/ukgwa/20091222172300mp_/http:/research.dwp.gov.uk/asd/asd5/rrep178.pdf,,,Department for Work and Pensions,England,The National Archives,Contains public sector information licensed under the Open Government Licence v3.0.,https://webarchive.nationalarchives.gov.uk/ukgwa/20160107144900/https://www.nationalarchives.gov.uk/doc/open-government-licence/version/3/,© Crown copyright,research|analysis,,,5/16/2024 1:19pm,,report,POCO,,,,,POCO_POGO|POCO_POGO_GB|POCO_POGO_GB_V1,en,United Kingdom (GB),,DWP Reports
https://webarchive.nationalarchives.gov.uk/ukgwa/20091222172300mp_/http:/research.dwp.gov.uk/asd/asd5/rrep177.pdf,department-for-work-and-pensions-gb,department-for-work-and-pensions-gb:national-archives, Self-employment as a route off benefit  ,RR177,2002,,https://webarchive.nationalarchives.gov.uk/ukgwa/20091222172300mp_/http:/research.dwp.gov.uk/asd/asd5/rrep177.pdf,,,Department for Work and Pensions,England,The National Archives,Contains public sector information licensed under the Open Government Licence v3.0.,https://webarchive.nationalarchives.gov.uk/ukgwa/20160107144900/https://www.nationalarchives.gov.uk/doc/open-government-licence/version/3/,© Crown copyright,research|analysis,,,5/16/2024 1:19pm,,report,POCO,,,,,POCO_POGO|POCO_POGO_GB|POCO_POGO_GB_V1,en,United Kingdom (GB),,DWP Reports
https://webarchive.nationalarchives.gov.uk/ukgwa/20091222172300mp_/http:/research.dwp.gov.uk/asd/asd5/rrep176.pdf,department-for-work-and-pensions-gb,department-for-work-and-pensions-gb:national-archives, Electronic government at the Department for Work and Pensions: Attitudes to electronic methods of conducting benefit business  ,RR176,2002,,https://webarchive.nationalarchives.gov.uk/ukgwa/20091222172300mp_/http:/research.dwp.gov.uk/asd/asd5/rrep176.pdf,,,Department for Work and Pensions,England,The National Archives,Contains public sector information licensed under the Open Government Licence v3.0.,https://webarchive.nationalarchives.gov.uk/ukgwa/20160107144900/https://www.nationalarchives.gov.uk/doc/open-government-licence/version/3/,© Crown copyright,research|analysis,,,5/16/2024 1:19pm,,report,POCO,,,,,POCO_POGO|POCO_POGO_GB|POCO_POGO_GB_V1,en,United Kingdom (GB),,DWP Reports
https://webarchive.nationalarchives.gov.uk/ukgwa/20091222172300mp_/http:/research.dwp.gov.uk/asd/asd5/rrep175.pdf,department-for-work-and-pensions-gb,department-for-work-and-pensions-gb:national-archives, Easing Transition to Work  ,RR175,2002,,https://webarchive.nationalarchives.gov.uk/ukgwa/20091222172300mp_/http:/research.dwp.gov.uk/asd/asd5/rrep175.pdf,,,Department for Work and Pensions,England,The National Archives,Contains public sector information licensed under the Open Government Licence v3.0.,https://webarchive.nationalarchives.gov.uk/ukgwa/20160107144900/https://www.nationalarchives.gov.uk/doc/open-government-licence/version/3/,© Crown copyright,research|analysis,,,5/16/2024 1:19pm,,report,POCO,,,,,POCO_POGO|POCO_POGO_GB|POCO_POGO_GB_V1,en,United Kingdom (GB),,DWP Reports
https://webarchive.nationalarchives.gov.uk/ukgwa/20091222172300mp_/http:/research.dwp.gov.uk/asd/asd5/rrep174.pdf,department-for-work-and-pensions-gb,department-for-work-and-pensions-gb:national-archives, A Comparison of Child Benefit Packages in 22 Countries  ,RR174,2002,,https://webarchive.nationalarchives.gov.uk/ukgwa/20091222172300mp_/http:/research.dwp.gov.uk/asd/asd5/rrep174.pdf,,,Department for Work and Pensions,England,The National Archives,Contains public sector information licensed under the Open Government Licence v3.0.,https://webarchive.nationalarchives.gov.uk/ukgwa/20160107144900/https://www.nationalarchives.gov.uk/doc/open-government-licence/version/3/,© Crown copyright,research|analysis,,,5/16/2024 1:19pm,,report,POCO,,,,,POCO_POGO|POCO_POGO_GB|POCO_POGO_GB_V1,en,United Kingdom (GB),,DWP Reports
https://webarchive.nationalarchives.gov.uk/ukgwa/20091222172300mp_/http:/research.dwp.gov.uk/asd/asd5/rrep173.pdf,department-for-work-and-pensions-gb,department-for-work-and-pensions-gb:national-archives," 'Disabled for life?' attitudes towards, and experiences of, disability in Britain  ",RR173,2002,,https://webarchive.nationalarchives.gov.uk/ukgwa/20091222172300mp_/http:/research.dwp.gov.uk/asd/asd5/rrep173.pdf,,,Department for Work and Pensions,England,The National Archives,Contains public sector information licensed under the Open Government Licence v3.0.,https://webarchive.nationalarchives.gov.uk/ukgwa/20160107144900/https://www.nationalarchives.gov.uk/doc/open-government-licence/version/3/,© Crown copyright,research|analysis,,,5/16/2024 1:19pm,,report,POCO,,,,,POCO_POGO|POCO_POGO_GB|POCO_POGO_GB_V1,en,United Kingdom (GB),,DWP Reports
https://webarchive.nationalarchives.gov.uk/ukgwa/20091222172300mp_/http:/research.dwp.gov.uk/asd/asd5/rrep172.pdf,department-for-work-and-pensions-gb,department-for-work-and-pensions-gb:national-archives, Social Fund use amongst older people in Britain  ,RR172,2002,,https://webarchive.nationalarchives.gov.uk/ukgwa/20091222172300mp_/http:/research.dwp.gov.uk/asd/asd5/rrep172.pdf,,,Department for Work and Pensions,England,The National Archives,Contains public sector information licensed under the Open Government Licence v3.0.,https://webarchive.nationalarchives.gov.uk/ukgwa/20160107144900/https://www.nationalarchives.gov.uk/doc/open-government-licence/version/3/,© Crown copyright,research|analysis,,,5/16/2024 1:19pm,,report,POCO,,,,,POCO_POGO|POCO_POGO_GB|POCO_POGO_GB_V1,en,United Kingdom (GB),,DWP Reports
https://webarchive.nationalarchives.gov.uk/ukgwa/20091222172300mp_/http:/research.dwp.gov.uk/asd/asd5/rrep171.pdf,department-for-work-and-pensions-gb,department-for-work-and-pensions-gb:national-archives, Qualitative research with clients: Longer term experiences of a work-focused service  ,RR171,2002,,https://webarchive.nationalarchives.gov.uk/ukgwa/20091222172300mp_/http:/research.dwp.gov.uk/asd/asd5/rrep171.pdf,,,Department for Work and Pensions,England,The National Archives,Contains public sector information licensed under the Open Government Licence v3.0.,https://webarchive.nationalarchives.gov.uk/ukgwa/20160107144900/https://www.nationalarchives.gov.uk/doc/open-government-licence/version/3/,© Crown copyright,research|analysis,,,5/16/2024 1:19pm,,report,POCO,,,,,POCO_POGO|POCO_POGO_GB|POCO_POGO_GB_V1,en,United Kingdom (GB),,DWP Reports
https://webarchive.nationalarchives.gov.uk/ukgwa/20091222172300mp_/http:/research.dwp.gov.uk/asd/asd5/rrep170.pdf,department-for-work-and-pensions-gb,department-for-work-and-pensions-gb:national-archives," From job seekers to job keepers: job retention, advancement and the role of in-work support programmes  ",RR170,2002,,https://webarchive.nationalarchives.gov.uk/ukgwa/20091222172300mp_/http:/research.dwp.gov.uk/asd/asd5/rrep170.pdf,,,Department for Work and Pensions,England,The National Archives,Contains public sector information licensed under the Open Government Licence v3.0.,https://webarchive.nationalarchives.gov.uk/ukgwa/20160107144900/https://www.nationalarchives.gov.uk/doc/open-government-licence/version/3/,© Crown copyright,research|analysis,,,5/16/2024 1:19pm,,report,POCO,,,,,POCO_POGO|POCO_POGO_GB|POCO_POGO_GB_V1,en,United Kingdom (GB),,DWP Reports
https://webarchive.nationalarchives.gov.uk/ukgwa/20091222172300mp_/http:/research.dwp.gov.uk/asd/asd5/rrep169.pdf,department-for-work-and-pensions-gb,department-for-work-and-pensions-gb:national-archives, Costs and benefits to service providers of making reasonable adjustments under Part III of the Disability Discrimination Act  ,RR169,2002,,https://webarchive.nationalarchives.gov.uk/ukgwa/20091222172300mp_/http:/research.dwp.gov.uk/asd/asd5/rrep169.pdf,,,Department for Work and Pensions,England,The National Archives,Contains public sector information licensed under the Open Government Licence v3.0.,https://webarchive.nationalarchives.gov.uk/ukgwa/20160107144900/https://www.nationalarchives.gov.uk/doc/open-government-licence/version/3/,© Crown copyright,research|analysis,,,5/16/2024 1:19pm,,report,POCO,,,,,POCO_POGO|POCO_POGO_GB|POCO_POGO_GB_V1,en,United Kingdom (GB),,DWP Reports
https://webarchive.nationalarchives.gov.uk/ukgwa/20091222172300mp_/http:/research.dwp.gov.uk/asd/asd5/rrep168.pdf,department-for-work-and-pensions-gb,department-for-work-and-pensions-gb:national-archives, Findings from the Macro evaluation of the New Deal for Young People  ,RR168,2002,,https://webarchive.nationalarchives.gov.uk/ukgwa/20091222172300mp_/http:/research.dwp.gov.uk/asd/asd5/rrep168.pdf,,,Department for Work and Pensions,England,The National Archives,Contains public sector information licensed under the Open Government Licence v3.0.,https://webarchive.nationalarchives.gov.uk/ukgwa/20160107144900/https://www.nationalarchives.gov.uk/doc/open-government-licence/version/3/,© Crown copyright,research|analysis,,,5/16/2024 1:19pm,,report,POCO,,,,,POCO_POGO|POCO_POGO_GB|POCO_POGO_GB_V1,en,United Kingdom (GB),,DWP Reports
https://webarchive.nationalarchives.gov.uk/ukgwa/20091222172300mp_/http:/research.dwp.gov.uk/asd/asd5/rrep167.pdf,department-for-work-and-pensions-gb,department-for-work-and-pensions-gb:national-archives, Delivering a Work-Focused Service: Views and Experiences Of Clients  ,RR167,2002,,https://webarchive.nationalarchives.gov.uk/ukgwa/20091222172300mp_/http:/research.dwp.gov.uk/asd/asd5/rrep167.pdf,,,Department for Work and Pensions,England,The National Archives,Contains public sector information licensed under the Open Government Licence v3.0.,https://webarchive.nationalarchives.gov.uk/ukgwa/20160107144900/https://www.nationalarchives.gov.uk/doc/open-government-licence/version/3/,© Crown copyright,research|analysis,,,5/16/2024 1:19pm,,report,POCO,,,,,POCO_POGO|POCO_POGO_GB|POCO_POGO_GB_V1,en,United Kingdom (GB),,DWP Reports
https://webarchive.nationalarchives.gov.uk/ukgwa/20091222172300mp_/http:/research.dwp.gov.uk/asd/asd5/rrep166.pdf,department-for-work-and-pensions-gb,department-for-work-and-pensions-gb:national-archives, Delivering a Work-Focused Service: Final Findings from ONE Case Studies and Staff Research  ,RR166,2002,,https://webarchive.nationalarchives.gov.uk/ukgwa/20091222172300mp_/http:/research.dwp.gov.uk/asd/asd5/rrep166.pdf,,,Department for Work and Pensions,England,The National Archives,Contains public sector information licensed under the Open Government Licence v3.0.,https://webarchive.nationalarchives.gov.uk/ukgwa/20160107144900/https://www.nationalarchives.gov.uk/doc/open-government-licence/version/3/,© Crown copyright,research|analysis,,,5/16/2024 1:19pm,,report,POCO,,,,,POCO_POGO|POCO_POGO_GB|POCO_POGO_GB_V1,en,United Kingdom (GB),,DWP Reports
https://webarchive.nationalarchives.gov.uk/ukgwa/20091222172300mp_/http:/research.dwp.gov.uk/asd/asd5/rrep165.pdf,department-for-work-and-pensions-gb,department-for-work-and-pensions-gb:national-archives, Low/Moderate-income Families in Britain: Changes in 1999 - 2000  ,RR165,2002,,https://webarchive.nationalarchives.gov.uk/ukgwa/20091222172300mp_/http:/research.dwp.gov.uk/asd/asd5/rrep165.pdf,,,Department for Work and Pensions,England,The National Archives,Contains public sector information licensed under the Open Government Licence v3.0.,https://webarchive.nationalarchives.gov.uk/ukgwa/20160107144900/https://www.nationalarchives.gov.uk/doc/open-government-licence/version/3/,© Crown copyright,research|analysis,,,5/16/2024 1:19pm,,report,POCO,,,,,POCO_POGO|POCO_POGO_GB|POCO_POGO_GB_V1,en,United Kingdom (GB),,DWP Reports
https://webarchive.nationalarchives.gov.uk/ukgwa/20091222172300mp_/http:/research.dwp.gov.uk/asd/asd5/rrep164.pdf,department-for-work-and-pensions-gb,department-for-work-and-pensions-gb:national-archives, Low/Moderate-income Families in Britain: Changes in Living Standards  ,RR164,2002,,https://webarchive.nationalarchives.gov.uk/ukgwa/20091222172300mp_/http:/research.dwp.gov.uk/asd/asd5/rrep164.pdf,,,Department for Work and Pensions,England,The National Archives,Contains public sector information licensed under the Open Government Licence v3.0.,https://webarchive.nationalarchives.gov.uk/ukgwa/20160107144900/https://www.nationalarchives.gov.uk/doc/open-government-licence/version/3/,© Crown copyright,research|analysis,,,5/16/2024 1:19pm,,report,POCO,,,,,POCO_POGO|POCO_POGO_GB|POCO_POGO_GB_V1,en,United Kingdom (GB),,DWP Reports
https://webarchive.nationalarchives.gov.uk/ukgwa/20091222172300mp_/http:/research.dwp.gov.uk/asd/asd5/rrep163.pdf,department-for-work-and-pensions-gb,department-for-work-and-pensions-gb:national-archives, Employers Pension Provision Survey 2000  ,RR163,2002,,https://webarchive.nationalarchives.gov.uk/ukgwa/20091222172300mp_/http:/research.dwp.gov.uk/asd/asd5/rrep163.pdf,,,Department for Work and Pensions,England,The National Archives,Contains public sector information licensed under the Open Government Licence v3.0.,https://webarchive.nationalarchives.gov.uk/ukgwa/20160107144900/https://www.nationalarchives.gov.uk/doc/open-government-licence/version/3/,© Crown copyright,research|analysis,,,5/16/2024 1:19pm,,report,POCO,,,,,POCO_POGO|POCO_POGO_GB|POCO_POGO_GB_V1,en,United Kingdom (GB),,DWP Reports
https://webarchive.nationalarchives.gov.uk/ukgwa/20091222172300mp_/http:/research.dwp.gov.uk/asd/asd5/rrep162.pdf,department-for-work-and-pensions-gb,department-for-work-and-pensions-gb:national-archives, Evaluation of the Capability Report: Identifying the Work-Related Capabilities of Incapacity Benefits Claimants  ,RR162,2002,,https://webarchive.nationalarchives.gov.uk/ukgwa/20091222172300mp_/http:/research.dwp.gov.uk/asd/asd5/rrep162.pdf,,,Department for Work and Pensions,England,The National Archives,Contains public sector information licensed under the Open Government Licence v3.0.,https://webarchive.nationalarchives.gov.uk/ukgwa/20160107144900/https://www.nationalarchives.gov.uk/doc/open-government-licence/version/3/,© Crown copyright,research|analysis,,,5/16/2024 1:19pm,,report,POCO,,,,,POCO_POGO|POCO_POGO_GB|POCO_POGO_GB_V1,en,United Kingdom (GB),,DWP Reports
https://webarchive.nationalarchives.gov.uk/ukgwa/20091222172300mp_/http:/research.dwp.gov.uk/asd/asd5/rrep161.pdf,department-for-work-and-pensions-gb,department-for-work-and-pensions-gb:national-archives," Low/Moderate-income Families in Britain: Work, Working Families' Tax Credit and Childcare in 2000  ",RR161,2002,,https://webarchive.nationalarchives.gov.uk/ukgwa/20091222172300mp_/http:/research.dwp.gov.uk/asd/asd5/rrep161.pdf,,,Department for Work and Pensions,England,The National Archives,Contains public sector information licensed under the Open Government Licence v3.0.,https://webarchive.nationalarchives.gov.uk/ukgwa/20160107144900/https://www.nationalarchives.gov.uk/doc/open-government-licence/version/3/,© Crown copyright,research|analysis,,,5/16/2024 1:19pm,,report,POCO,,,,,POCO_POGO|POCO_POGO_GB|POCO_POGO_GB_V1,en,United Kingdom (GB),,DWP Reports
https://webarchive.nationalarchives.gov.uk/ukgwa/20091222172300mp_/http:/research.dwp.gov.uk/asd/asd5/rrep159.pdf,department-for-work-and-pensions-gb,department-for-work-and-pensions-gb:national-archives, Self-Funded Admissions to Care Homes  ,RR159,2002,,https://webarchive.nationalarchives.gov.uk/ukgwa/20091222172300mp_/http:/research.dwp.gov.uk/asd/asd5/rrep159.pdf,,,Department for Work and Pensions,England,The National Archives,Contains public sector information licensed under the Open Government Licence v3.0.,https://webarchive.nationalarchives.gov.uk/ukgwa/20160107144900/https://www.nationalarchives.gov.uk/doc/open-government-licence/version/3/,© Crown copyright,research|analysis,,,5/16/2024 1:19pm,,report,POCO,,,,,POCO_POGO|POCO_POGO_GB|POCO_POGO_GB_V1,en,United Kingdom (GB),,DWP Reports
https://webarchive.nationalarchives.gov.uk/ukgwa/20091222172300mp_/http:/research.dwp.gov.uk/asd/asd5/rrep160.pdf,department-for-work-and-pensions-gb,department-for-work-and-pensions-gb:national-archives, New Deal for Disabled People: National Survey of Incapacity Benefits Claimants  ,RR160,2001,,https://webarchive.nationalarchives.gov.uk/ukgwa/20091222172300mp_/http:/research.dwp.gov.uk/asd/asd5/rrep160.pdf,,,Department for Work and Pensions,England,The National Archives,Contains public sector information licensed under the Open Government Licence v3.0.,https://webarchive.nationalarchives.gov.uk/ukgwa/20160107144900/https://www.nationalarchives.gov.uk/doc/open-government-licence/version/3/,© Crown copyright,research|analysis,,,5/16/2024 1:19pm,,report,POCO,,,,,POCO_POGO|POCO_POGO_GB|POCO_POGO_GB_V1,en,United Kingdom (GB),,DWP Reports
https://webarchive.nationalarchives.gov.uk/ukgwa/20091222172300mp_/http:/research.dwp.gov.uk/asd/asd5/rrep158.pdf,department-for-work-and-pensions-gb,department-for-work-and-pensions-gb:national-archives, Outcomes for Children of Poverty  ,RR158,2001,,https://webarchive.nationalarchives.gov.uk/ukgwa/20091222172300mp_/http:/research.dwp.gov.uk/asd/asd5/rrep158.pdf,,,Department for Work and Pensions,England,The National Archives,Contains public sector information licensed under the Open Government Licence v3.0.,https://webarchive.nationalarchives.gov.uk/ukgwa/20160107144900/https://www.nationalarchives.gov.uk/doc/open-government-licence/version/3/,© Crown copyright,research|analysis,,,5/16/2024 1:19pm,,report,POCO,,,,,POCO_POGO|POCO_POGO_GB|POCO_POGO_GB_V1,en,United Kingdom (GB),,DWP Reports
https://webarchive.nationalarchives.gov.uk/ukgwa/20091222172300mp_/http:/research.dwp.gov.uk/asd/asd5/rrep157.pdf,department-for-work-and-pensions-gb,department-for-work-and-pensions-gb:national-archives, The Dynamics of Poverty in Britain  ,RR157,2001,,https://webarchive.nationalarchives.gov.uk/ukgwa/20091222172300mp_/http:/research.dwp.gov.uk/asd/asd5/rrep157.pdf,,,Department for Work and Pensions,England,The National Archives,Contains public sector information licensed under the Open Government Licence v3.0.,https://webarchive.nationalarchives.gov.uk/ukgwa/20160107144900/https://www.nationalarchives.gov.uk/doc/open-government-licence/version/3/,© Crown copyright,research|analysis,,,5/16/2024 1:19pm,,report,POCO,,,,,POCO_POGO|POCO_POGO_GB|POCO_POGO_GB_V1,en,United Kingdom (GB),,DWP Reports
https://webarchive.nationalarchives.gov.uk/ukgwa/20091222172300mp_/http:/research.dwp.gov.uk/asd/asd5/rrep156.pdf,department-for-work-and-pensions-gb,department-for-work-and-pensions-gb:national-archives, The Short-term Effects of Compulsary Participation in ONE - Survey of Clients: Cohort 2 Wave 1  ,RR156,2001,,https://webarchive.nationalarchives.gov.uk/ukgwa/20091222172300mp_/http:/research.dwp.gov.uk/asd/asd5/rrep156.pdf,,,Department for Work and Pensions,England,The National Archives,Contains public sector information licensed under the Open Government Licence v3.0.,https://webarchive.nationalarchives.gov.uk/ukgwa/20160107144900/https://www.nationalarchives.gov.uk/doc/open-government-licence/version/3/,© Crown copyright,research|analysis,,,5/16/2024 1:19pm,,report,POCO,,,,,POCO_POGO|POCO_POGO_GB|POCO_POGO_GB_V1,en,United Kingdom (GB),,DWP Reports
https://webarchive.nationalarchives.gov.uk/ukgwa/20091222172300mp_/http:/research.dwp.gov.uk/asd/asd5/rrep155.pdf,department-for-work-and-pensions-gb,department-for-work-and-pensions-gb:national-archives, Barriers to employment for offenders and ex-offenders  ,RR155,2001,,https://webarchive.nationalarchives.gov.uk/ukgwa/20091222172300mp_/http:/research.dwp.gov.uk/asd/asd5/rrep155.pdf,,,Department for Work and Pensions,England,The National Archives,Contains public sector information licensed under the Open Government Licence v3.0.,https://webarchive.nationalarchives.gov.uk/ukgwa/20160107144900/https://www.nationalarchives.gov.uk/doc/open-government-licence/version/3/,© Crown copyright,research|analysis,,,5/16/2024 1:19pm,,report,POCO,,,,,POCO_POGO|POCO_POGO_GB|POCO_POGO_GB_V1,en,United Kingdom (GB),,DWP Reports
https://webarchive.nationalarchives.gov.uk/ukgwa/20091222172300mp_/http:/research.dwp.gov.uk/asd/asd5/rrep154.pdf,department-for-work-and-pensions-gb,department-for-work-and-pensions-gb:national-archives, ONE year on; Clients' medium term experiences of ONE  ,RR154,2001,,https://webarchive.nationalarchives.gov.uk/ukgwa/20091222172300mp_/http:/research.dwp.gov.uk/asd/asd5/rrep154.pdf,,,Department for Work and Pensions,England,The National Archives,Contains public sector information licensed under the Open Government Licence v3.0.,https://webarchive.nationalarchives.gov.uk/ukgwa/20160107144900/https://www.nationalarchives.gov.uk/doc/open-government-licence/version/3/,© Crown copyright,research|analysis,,,5/16/2024 1:19pm,,report,POCO,,,,,POCO_POGO|POCO_POGO_GB|POCO_POGO_GB_V1,en,United Kingdom (GB),,DWP Reports
https://webarchive.nationalarchives.gov.uk/ukgwa/20091222172300mp_/http:/research.dwp.gov.uk/asd/asd5/rrep153.pdf,department-for-work-and-pensions-gb,department-for-work-and-pensions-gb:national-archives," Families, Poverty, Work and Care: A Review of the Literature on lone parents and Low-Income Couple Families  ",RR153,2001,,https://webarchive.nationalarchives.gov.uk/ukgwa/20091222172300mp_/http:/research.dwp.gov.uk/asd/asd5/rrep153.pdf,,,Department for Work and Pensions,England,The National Archives,Contains public sector information licensed under the Open Government Licence v3.0.,https://webarchive.nationalarchives.gov.uk/ukgwa/20160107144900/https://www.nationalarchives.gov.uk/doc/open-government-licence/version/3/,© Crown copyright,research|analysis,,,5/16/2024 1:19pm,,report,POCO,,,,,POCO_POGO|POCO_POGO_GB|POCO_POGO_GB_V1,en,United Kingdom (GB),,DWP Reports
https://webarchive.nationalarchives.gov.uk/ukgwa/20091222172300mp_/http:/research.dwp.gov.uk/asd/asd5/rrep152.pdf,department-for-work-and-pensions-gb,department-for-work-and-pensions-gb:national-archives, National Survey of Child Support Agency Clients  ,RR152,2001,,https://webarchive.nationalarchives.gov.uk/ukgwa/20091222172300mp_/http:/research.dwp.gov.uk/asd/asd5/rrep152.pdf,,,Department for Work and Pensions,England,The National Archives,Contains public sector information licensed under the Open Government Licence v3.0.,https://webarchive.nationalarchives.gov.uk/ukgwa/20160107144900/https://www.nationalarchives.gov.uk/doc/open-government-licence/version/3/,© Crown copyright,research|analysis,,,5/16/2024 1:19pm,,report,POCO,,,,,POCO_POGO|POCO_POGO_GB|POCO_POGO_GB_V1,en,United Kingdom (GB),,DWP Reports
https://webarchive.nationalarchives.gov.uk/ukgwa/20091222172300mp_/http:/research.dwp.gov.uk/asd/asd5/rrep151.pdf,department-for-work-and-pensions-gb,department-for-work-and-pensions-gb:national-archives, Moving between sickness and work  ,RR151,2001,,https://webarchive.nationalarchives.gov.uk/ukgwa/20091222172300mp_/http:/research.dwp.gov.uk/asd/asd5/rrep151.pdf,,,Department for Work and Pensions,England,The National Archives,Contains public sector information licensed under the Open Government Licence v3.0.,https://webarchive.nationalarchives.gov.uk/ukgwa/20160107144900/https://www.nationalarchives.gov.uk/doc/open-government-licence/version/3/,© Crown copyright,research|analysis,,,5/16/2024 1:19pm,,report,POCO,,,,,POCO_POGO|POCO_POGO_GB|POCO_POGO_GB_V1,en,United Kingdom (GB),,DWP Reports
https://webarchive.nationalarchives.gov.uk/ukgwa/20091222172300mp_/http:/research.dwp.gov.uk/asd/asd5/rrep150.pdf,department-for-work-and-pensions-gb,department-for-work-and-pensions-gb:national-archives, Recruiting Benefit Claimants: A qualitative study of employers who recruited benefit claimants  ,RR150,2001,,https://webarchive.nationalarchives.gov.uk/ukgwa/20091222172300mp_/http:/research.dwp.gov.uk/asd/asd5/rrep150.pdf,,,Department for Work and Pensions,England,The National Archives,Contains public sector information licensed under the Open Government Licence v3.0.,https://webarchive.nationalarchives.gov.uk/ukgwa/20160107144900/https://www.nationalarchives.gov.uk/doc/open-government-licence/version/3/,© Crown copyright,research|analysis,,,5/16/2024 1:19pm,,report,POCO,,,,,POCO_POGO|POCO_POGO_GB|POCO_POGO_GB_V1,en,United Kingdom (GB),,DWP Reports
https://webarchive.nationalarchives.gov.uk/ukgwa/20091222172300mp_/http:/research.dwp.gov.uk/asd/asd5/rrep149.pdf,department-for-work-and-pensions-gb,department-for-work-and-pensions-gb:national-archives, The Medium-Term Effects of Voluntary Participation in ONE  ,RR149,2001,,https://webarchive.nationalarchives.gov.uk/ukgwa/20091222172300mp_/http:/research.dwp.gov.uk/asd/asd5/rrep149.pdf,,,Department for Work and Pensions,England,The National Archives,Contains public sector information licensed under the Open Government Licence v3.0.,https://webarchive.nationalarchives.gov.uk/ukgwa/20160107144900/https://www.nationalarchives.gov.uk/doc/open-government-licence/version/3/,© Crown copyright,research|analysis,,,5/16/2024 1:19pm,,report,POCO,,,,,POCO_POGO|POCO_POGO_GB|POCO_POGO_GB_V1,en,United Kingdom (GB),,DWP Reports
https://webarchive.nationalarchives.gov.uk/ukgwa/20091222172300mp_/http:/research.dwp.gov.uk/asd/asd5/rrep148.pdf,department-for-work-and-pensions-gb,department-for-work-and-pensions-gb:national-archives, The Role of GPs in Sickness Certification  ,RR148,2001,,https://webarchive.nationalarchives.gov.uk/ukgwa/20091222172300mp_/http:/research.dwp.gov.uk/asd/asd5/rrep148.pdf,,,Department for Work and Pensions,England,The National Archives,Contains public sector information licensed under the Open Government Licence v3.0.,https://webarchive.nationalarchives.gov.uk/ukgwa/20160107144900/https://www.nationalarchives.gov.uk/doc/open-government-licence/version/3/,© Crown copyright,research|analysis,,,5/16/2024 1:19pm,,report,POCO,,,,,POCO_POGO|POCO_POGO_GB|POCO_POGO_GB_V1,en,United Kingdom (GB),,DWP Reports
https://webarchive.nationalarchives.gov.uk/ukgwa/20091222172300mp_/http:/research.dwp.gov.uk/asd/asd5/rrep147.pdf,department-for-work-and-pensions-gb,department-for-work-and-pensions-gb:national-archives, Evaluation of the Minimum Income Guarantee Claim Line  ,RR147,2001,,https://webarchive.nationalarchives.gov.uk/ukgwa/20091222172300mp_/http:/research.dwp.gov.uk/asd/asd5/rrep147.pdf,,,Department for Work and Pensions,England,The National Archives,Contains public sector information licensed under the Open Government Licence v3.0.,https://webarchive.nationalarchives.gov.uk/ukgwa/20160107144900/https://www.nationalarchives.gov.uk/doc/open-government-licence/version/3/,© Crown copyright,research|analysis,,,5/16/2024 1:19pm,,report,POCO,,,,,POCO_POGO|POCO_POGO_GB|POCO_POGO_GB_V1,en,United Kingdom (GB),,DWP Reports
https://webarchive.nationalarchives.gov.uk/ukgwa/20091222172300mp_/http:/research.dwp.gov.uk/asd/asd5/rrep146.pdf,department-for-work-and-pensions-gb,department-for-work-and-pensions-gb:national-archives, Payment of pensions and benefits: A survey of social security recipients paid by order book or girocheque  ,RR146,2001,,https://webarchive.nationalarchives.gov.uk/ukgwa/20091222172300mp_/http:/research.dwp.gov.uk/asd/asd5/rrep146.pdf,,,Department for Work and Pensions,England,The National Archives,Contains public sector information licensed under the Open Government Licence v3.0.,https://webarchive.nationalarchives.gov.uk/ukgwa/20160107144900/https://www.nationalarchives.gov.uk/doc/open-government-licence/version/3/,© Crown copyright,research|analysis,,,5/16/2024 1:19pm,,report,POCO,,,,,POCO_POGO|POCO_POGO_GB|POCO_POGO_GB_V1,en,United Kingdom (GB),,DWP Reports
https://webarchive.nationalarchives.gov.uk/ukgwa/20091222172300mp_/http:/research.dwp.gov.uk/asd/asd5/rrep145.pdf,department-for-work-and-pensions-gb,department-for-work-and-pensions-gb:national-archives, Well enough to work?  ,RR145,2001,,https://webarchive.nationalarchives.gov.uk/ukgwa/20091222172300mp_/http:/research.dwp.gov.uk/asd/asd5/rrep145.pdf,,,Department for Work and Pensions,England,The National Archives,Contains public sector information licensed under the Open Government Licence v3.0.,https://webarchive.nationalarchives.gov.uk/ukgwa/20160107144900/https://www.nationalarchives.gov.uk/doc/open-government-licence/version/3/,© Crown copyright,research|analysis,,,5/16/2024 1:19pm,,report,POCO,,,,,POCO_POGO|POCO_POGO_GB|POCO_POGO_GB_V1,en,United Kingdom (GB),,DWP Reports
https://webarchive.nationalarchives.gov.uk/ukgwa/20091222172300mp_/http:/research.dwp.gov.uk/asd/asd5/rrep144.pdf,department-for-work-and-pensions-gb,department-for-work-and-pensions-gb:national-archives, Evaluation of the New Deal for Disabled People Personal Adviser Service Pilots.  ,RR144,2001,,https://webarchive.nationalarchives.gov.uk/ukgwa/20091222172300mp_/http:/research.dwp.gov.uk/asd/asd5/rrep144.pdf,,,Department for Work and Pensions,England,The National Archives,Contains public sector information licensed under the Open Government Licence v3.0.,https://webarchive.nationalarchives.gov.uk/ukgwa/20160107144900/https://www.nationalarchives.gov.uk/doc/open-government-licence/version/3/,© Crown copyright,research|analysis,,,5/16/2024 1:19pm,,report,POCO,,,,,POCO_POGO|POCO_POGO_GB|POCO_POGO_GB_V1,en,United Kingdom (GB),,DWP Reports
https://webarchive.nationalarchives.gov.uk/ukgwa/20091222172300mp_/http:/research.dwp.gov.uk/asd/asd5/rrep143.pdf,department-for-work-and-pensions-gb,department-for-work-and-pensions-gb:national-archives, Evaluation of the New Deal for Disabled People Personal Innovative Schemes Pilots  ,RR143,2001,,https://webarchive.nationalarchives.gov.uk/ukgwa/20091222172300mp_/http:/research.dwp.gov.uk/asd/asd5/rrep143.pdf,,,Department for Work and Pensions,England,The National Archives,Contains public sector information licensed under the Open Government Licence v3.0.,https://webarchive.nationalarchives.gov.uk/ukgwa/20160107144900/https://www.nationalarchives.gov.uk/doc/open-government-licence/version/3/,© Crown copyright,research|analysis,,,5/16/2024 1:19pm,,report,POCO,,,,,POCO_POGO|POCO_POGO_GB|POCO_POGO_GB_V1,en,United Kingdom (GB),,DWP Reports
https://webarchive.nationalarchives.gov.uk/ukgwa/20091222172300mp_/http:/research.dwp.gov.uk/asd/asd5/rrep142.pdf,department-for-work-and-pensions-gb,department-for-work-and-pensions-gb:national-archives, Cross-Country Comparisons of Pensioners' Incomes  ,RR142,2001,,https://webarchive.nationalarchives.gov.uk/ukgwa/20091222172300mp_/http:/research.dwp.gov.uk/asd/asd5/rrep142.pdf,,,Department for Work and Pensions,England,The National Archives,Contains public sector information licensed under the Open Government Licence v3.0.,https://webarchive.nationalarchives.gov.uk/ukgwa/20160107144900/https://www.nationalarchives.gov.uk/doc/open-government-licence/version/3/,© Crown copyright,research|analysis,,,5/16/2024 1:19pm,,report,POCO,,,,,POCO_POGO|POCO_POGO_GB|POCO_POGO_GB_V1,en,United Kingdom (GB),,DWP Reports
https://webarchive.nationalarchives.gov.uk/ukgwa/20091222172300mp_/http:/research.dwp.gov.uk/asd/asd5/rrep141.pdf,department-for-work-and-pensions-gb,department-for-work-and-pensions-gb:national-archives, Incapacity Benefits & Work Incentives  ,RR141,2001,,https://webarchive.nationalarchives.gov.uk/ukgwa/20091222172300mp_/http:/research.dwp.gov.uk/asd/asd5/rrep141.pdf,,,Department for Work and Pensions,England,The National Archives,Contains public sector information licensed under the Open Government Licence v3.0.,https://webarchive.nationalarchives.gov.uk/ukgwa/20160107144900/https://www.nationalarchives.gov.uk/doc/open-government-licence/version/3/,© Crown copyright,research|analysis,,,5/16/2024 1:19pm,,report,POCO,,,,,POCO_POGO|POCO_POGO_GB|POCO_POGO_GB_V1,en,United Kingdom (GB),,DWP Reports
https://webarchive.nationalarchives.gov.uk/ukgwa/20091222172300mp_/http:/research.dwp.gov.uk/asd/asd5/rrep140.pdf,department-for-work-and-pensions-gb,department-for-work-and-pensions-gb:national-archives, Moving towards work: The short-term impact of ONE  ,RR140,2001,,https://webarchive.nationalarchives.gov.uk/ukgwa/20091222172300mp_/http:/research.dwp.gov.uk/asd/asd5/rrep140.pdf,,,Department for Work and Pensions,England,The National Archives,Contains public sector information licensed under the Open Government Licence v3.0.,https://webarchive.nationalarchives.gov.uk/ukgwa/20160107144900/https://www.nationalarchives.gov.uk/doc/open-government-licence/version/3/,© Crown copyright,research|analysis,,,5/16/2024 1:19pm,,report,POCO,,,,,POCO_POGO|POCO_POGO_GB|POCO_POGO_GB_V1,en,United Kingdom (GB),,DWP Reports
https://webarchive.nationalarchives.gov.uk/ukgwa/20091222172300mp_/http:/research.dwp.gov.uk/asd/asd5/rrep139.pdf,department-for-work-and-pensions-gb,department-for-work-and-pensions-gb:national-archives, Recruiting Benefit Claimants: A survey of employers in ONE pilot areas  ,RR139,2001,,https://webarchive.nationalarchives.gov.uk/ukgwa/20091222172300mp_/http:/research.dwp.gov.uk/asd/asd5/rrep139.pdf,,,Department for Work and Pensions,England,The National Archives,Contains public sector information licensed under the Open Government Licence v3.0.,https://webarchive.nationalarchives.gov.uk/ukgwa/20160107144900/https://www.nationalarchives.gov.uk/doc/open-government-licence/version/3/,© Crown copyright,research|analysis,,,5/16/2024 1:19pm,,report,POCO,,,,,POCO_POGO|POCO_POGO_GB|POCO_POGO_GB_V1,en,United Kingdom (GB),,DWP Reports
https://webarchive.nationalarchives.gov.uk/ukgwa/20091222172300mp_/http:/research.dwp.gov.uk/asd/asd5/rrep138.pdf,department-for-work-and-pensions-gb,department-for-work-and-pensions-gb:national-archives, Low-income Families in Britain  ,RR138,2001,,https://webarchive.nationalarchives.gov.uk/ukgwa/20091222172300mp_/http:/research.dwp.gov.uk/asd/asd5/rrep138.pdf,,,Department for Work and Pensions,England,The National Archives,Contains public sector information licensed under the Open Government Licence v3.0.,https://webarchive.nationalarchives.gov.uk/ukgwa/20160107144900/https://www.nationalarchives.gov.uk/doc/open-government-licence/version/3/,© Crown copyright,research|analysis,,,5/16/2024 1:19pm,,report,POCO,,,,,POCO_POGO|POCO_POGO_GB|POCO_POGO_GB_V1,en,United Kingdom (GB),,DWP Reports
https://webarchive.nationalarchives.gov.uk/ukgwa/20091222172300mp_/http:/research.dwp.gov.uk/asd/asd5/rrep137.pdf,department-for-work-and-pensions-gb,department-for-work-and-pensions-gb:national-archives, The Verification Framework: Early Experiences of Implementation  ,RR137,2001,,https://webarchive.nationalarchives.gov.uk/ukgwa/20091222172300mp_/http:/research.dwp.gov.uk/asd/asd5/rrep137.pdf,,,Department for Work and Pensions,England,The National Archives,Contains public sector information licensed under the Open Government Licence v3.0.,https://webarchive.nationalarchives.gov.uk/ukgwa/20160107144900/https://www.nationalarchives.gov.uk/doc/open-government-licence/version/3/,© Crown copyright,research|analysis,,,5/16/2024 1:19pm,,report,POCO,,,,,POCO_POGO|POCO_POGO_GB|POCO_POGO_GB_V1,en,United Kingdom (GB),,DWP Reports
https://webarchive.nationalarchives.gov.uk/ukgwa/20091222172300mp_/http:/research.dwp.gov.uk/asd/asd5/rrep136.pdf,department-for-work-and-pensions-gb,department-for-work-and-pensions-gb:national-archives, Modernising Service Delivery - The Better Government for Older People Prototypes  ,RR136,2001,,https://webarchive.nationalarchives.gov.uk/ukgwa/20091222172300mp_/http:/research.dwp.gov.uk/asd/asd5/rrep136.pdf,,,Department for Work and Pensions,England,The National Archives,Contains public sector information licensed under the Open Government Licence v3.0.,https://webarchive.nationalarchives.gov.uk/ukgwa/20160107144900/https://www.nationalarchives.gov.uk/doc/open-government-licence/version/3/,© Crown copyright,research|analysis,,,5/16/2024 1:19pm,,report,POCO,,,,,POCO_POGO|POCO_POGO_GB|POCO_POGO_GB_V1,en,United Kingdom (GB),,DWP Reports
https://webarchive.nationalarchives.gov.uk/ukgwa/20091222172300mp_/http:/research.dwp.gov.uk/asd/asd5/rrep135.pdf,department-for-work-and-pensions-gb,department-for-work-and-pensions-gb:national-archives, Earnings Top-up Evaluation: Synthesis Report  ,RR135,2001,,https://webarchive.nationalarchives.gov.uk/ukgwa/20091222172300mp_/http:/research.dwp.gov.uk/asd/asd5/rrep135.pdf,,,Department for Work and Pensions,England,The National Archives,Contains public sector information licensed under the Open Government Licence v3.0.,https://webarchive.nationalarchives.gov.uk/ukgwa/20160107144900/https://www.nationalarchives.gov.uk/doc/open-government-licence/version/3/,© Crown copyright,research|analysis,,,5/16/2024 1:19pm,,report,POCO,,,,,POCO_POGO|POCO_POGO_GB|POCO_POGO_GB_V1,en,United Kingdom (GB),,DWP Reports
https://webarchive.nationalarchives.gov.uk/ukgwa/20091222172300mp_/http:/research.dwp.gov.uk/asd/asd5/rrep134.pdf,department-for-work-and-pensions-gb,department-for-work-and-pensions-gb:national-archives, Earnings Top-up Evaluation: Effects on Low Paid Workers  ,RR134,2001,,https://webarchive.nationalarchives.gov.uk/ukgwa/20091222172300mp_/http:/research.dwp.gov.uk/asd/asd5/rrep134.pdf,,,Department for Work and Pensions,England,The National Archives,Contains public sector information licensed under the Open Government Licence v3.0.,https://webarchive.nationalarchives.gov.uk/ukgwa/20160107144900/https://www.nationalarchives.gov.uk/doc/open-government-licence/version/3/,© Crown copyright,research|analysis,,,5/16/2024 1:19pm,,report,POCO,,,,,POCO_POGO|POCO_POGO_GB|POCO_POGO_GB_V1,en,United Kingdom (GB),,DWP Reports
https://webarchive.nationalarchives.gov.uk/ukgwa/20091222172300mp_/http:/research.dwp.gov.uk/asd/asd5/rrep133.pdf,department-for-work-and-pensions-gb,department-for-work-and-pensions-gb:national-archives, Earnings Top-up Evaluation: Qualitative Evidence  ,RR133,2001,,https://webarchive.nationalarchives.gov.uk/ukgwa/20091222172300mp_/http:/research.dwp.gov.uk/asd/asd5/rrep133.pdf,,,Department for Work and Pensions,England,The National Archives,Contains public sector information licensed under the Open Government Licence v3.0.,https://webarchive.nationalarchives.gov.uk/ukgwa/20160107144900/https://www.nationalarchives.gov.uk/doc/open-government-licence/version/3/,© Crown copyright,research|analysis,,,5/16/2024 1:19pm,,report,POCO,,,,,POCO_POGO|POCO_POGO_GB|POCO_POGO_GB_V1,en,United Kingdom (GB),,DWP Reports
https://webarchive.nationalarchives.gov.uk/ukgwa/20091222172300mp_/http:/research.dwp.gov.uk/asd/asd5/rrep132.pdf,department-for-work-and-pensions-gb,department-for-work-and-pensions-gb:national-archives, Earnings Top-up Evaluation: Employers' Reactions  ,RR132,2001,,https://webarchive.nationalarchives.gov.uk/ukgwa/20091222172300mp_/http:/research.dwp.gov.uk/asd/asd5/rrep132.pdf,,,Department for Work and Pensions,England,The National Archives,Contains public sector information licensed under the Open Government Licence v3.0.,https://webarchive.nationalarchives.gov.uk/ukgwa/20160107144900/https://www.nationalarchives.gov.uk/doc/open-government-licence/version/3/,© Crown copyright,research|analysis,,,5/16/2024 1:19pm,,report,POCO,,,,,POCO_POGO|POCO_POGO_GB|POCO_POGO_GB_V1,en,United Kingdom (GB),,DWP Reports
https://webarchive.nationalarchives.gov.uk/ukgwa/20091222172300mp_/http:/research.dwp.gov.uk/asd/asd5/rrep131.pdf,department-for-work-and-pensions-gb,department-for-work-and-pensions-gb:national-archives, Earnings Top-up Evaluation: Effects on Unemployed People  ,RR131,2001,,https://webarchive.nationalarchives.gov.uk/ukgwa/20091222172300mp_/http:/research.dwp.gov.uk/asd/asd5/rrep131.pdf,,,Department for Work and Pensions,England,The National Archives,Contains public sector information licensed under the Open Government Licence v3.0.,https://webarchive.nationalarchives.gov.uk/ukgwa/20160107144900/https://www.nationalarchives.gov.uk/doc/open-government-licence/version/3/,© Crown copyright,research|analysis,,,5/16/2024 1:19pm,,report,POCO,,,,,POCO_POGO|POCO_POGO_GB|POCO_POGO_GB_V1,en,United Kingdom (GB),,DWP Reports
https://webarchive.nationalarchives.gov.uk/ukgwa/20091222172300mp_/http:/research.dwp.gov.uk/asd/asd5/rrep130.pdf,department-for-work-and-pensions-gb,department-for-work-and-pensions-gb:national-archives, Pensions 2000: Public Attitudes to Pensions and Planning for Retirement  ,RR130,2001,,https://webarchive.nationalarchives.gov.uk/ukgwa/20091222172300mp_/http:/research.dwp.gov.uk/asd/asd5/rrep130.pdf,,,Department for Work and Pensions,England,The National Archives,Contains public sector information licensed under the Open Government Licence v3.0.,https://webarchive.nationalarchives.gov.uk/ukgwa/20160107144900/https://www.nationalarchives.gov.uk/doc/open-government-licence/version/3/,© Crown copyright,research|analysis,,,5/16/2024 1:19pm,,report,POCO,,,,,POCO_POGO|POCO_POGO_GB|POCO_POGO_GB_V1,en,United Kingdom (GB),,DWP Reports
https://webarchive.nationalarchives.gov.uk/ukgwa/20091222172300mp_/http:/research.dwp.gov.uk/asd/asd5/rrep129.pdf,department-for-work-and-pensions-gb,department-for-work-and-pensions-gb:national-archives, Housing Benefit and the Appeals Service  ,RR129,2001,,https://webarchive.nationalarchives.gov.uk/ukgwa/20091222172300mp_/http:/research.dwp.gov.uk/asd/asd5/rrep129.pdf,,,Department for Work and Pensions,England,The National Archives,Contains public sector information licensed under the Open Government Licence v3.0.,https://webarchive.nationalarchives.gov.uk/ukgwa/20160107144900/https://www.nationalarchives.gov.uk/doc/open-government-licence/version/3/,© Crown copyright,research|analysis,,,5/16/2024 1:19pm,,report,POCO,,,,,POCO_POGO|POCO_POGO_GB|POCO_POGO_GB_V1,en,United Kingdom (GB),,DWP Reports
https://webarchive.nationalarchives.gov.uk/ukgwa/20091222172300mp_/http:/research.dwp.gov.uk/asd/asd5/rrep128.pdf,department-for-work-and-pensions-gb,department-for-work-and-pensions-gb:national-archives, The British Lone Parent Cohort 1991 to 1998  ,RR128,2000,,https://webarchive.nationalarchives.gov.uk/ukgwa/20091222172300mp_/http:/research.dwp.gov.uk/asd/asd5/rrep128.pdf,,,Department for Work and Pensions,England,The National Archives,Contains public sector information licensed under the Open Government Licence v3.0.,https://webarchive.nationalarchives.gov.uk/ukgwa/20160107144900/https://www.nationalarchives.gov.uk/doc/open-government-licence/version/3/,© Crown copyright,research|analysis,,,5/16/2024 1:19pm,,report,POCO,,,,,POCO_POGO|POCO_POGO_GB|POCO_POGO_GB_V1,en,United Kingdom (GB),,DWP Reports
https://webarchive.nationalarchives.gov.uk/ukgwa/20091222172300mp_/http:/research.dwp.gov.uk/asd/asd5/rrep127.pdf,department-for-work-and-pensions-gb,department-for-work-and-pensions-gb:national-archives, Why Not ONE? ,RR127,2000,,https://webarchive.nationalarchives.gov.uk/ukgwa/20091222172300mp_/http:/research.dwp.gov.uk/asd/asd5/rrep127.pdf,,,Department for Work and Pensions,England,The National Archives,Contains public sector information licensed under the Open Government Licence v3.0.,https://webarchive.nationalarchives.gov.uk/ukgwa/20160107144900/https://www.nationalarchives.gov.uk/doc/open-government-licence/version/3/,© Crown copyright,research|analysis,,,5/16/2024 1:19pm,,report,POCO,,,,,POCO_POGO|POCO_POGO_GB|POCO_POGO_GB_V1,en,United Kingdom (GB),,DWP Reports
https://webarchive.nationalarchives.gov.uk/ukgwa/20091222172300mp_/http:/research.dwp.gov.uk/asd/asd5/rrep126.pdf,department-for-work-and-pensions-gb,department-for-work-and-pensions-gb:national-archives, First Effects of ONE Part One: Survey of Clients  ,RR126,2000,,https://webarchive.nationalarchives.gov.uk/ukgwa/20091222172300mp_/http:/research.dwp.gov.uk/asd/asd5/rrep126.pdf,,,Department for Work and Pensions,England,The National Archives,Contains public sector information licensed under the Open Government Licence v3.0.,https://webarchive.nationalarchives.gov.uk/ukgwa/20160107144900/https://www.nationalarchives.gov.uk/doc/open-government-licence/version/3/,© Crown copyright,research|analysis,,,5/16/2024 1:19pm,,report,POCO,,,,,POCO_POGO|POCO_POGO_GB|POCO_POGO_GB_V1,en,United Kingdom (GB),,DWP Reports
https://webarchive.nationalarchives.gov.uk/ukgwa/20091222172300mp_/http:/research.dwp.gov.uk/asd/asd5/rrep125.pdf,department-for-work-and-pensions-gb,department-for-work-and-pensions-gb:national-archives, Saving and Borrowing  ,RR125,2000,,https://webarchive.nationalarchives.gov.uk/ukgwa/20091222172300mp_/http:/research.dwp.gov.uk/asd/asd5/rrep125.pdf,,,Department for Work and Pensions,England,The National Archives,Contains public sector information licensed under the Open Government Licence v3.0.,https://webarchive.nationalarchives.gov.uk/ukgwa/20160107144900/https://www.nationalarchives.gov.uk/doc/open-government-licence/version/3/,© Crown copyright,research|analysis,,,5/16/2024 1:19pm,,report,POCO,,,,,POCO_POGO|POCO_POGO_GB|POCO_POGO_GB_V1,en,United Kingdom (GB),,DWP Reports
https://webarchive.nationalarchives.gov.uk/ukgwa/20091222172300mp_/http:/research.dwp.gov.uk/asd/asd5/rrep124.pdf,department-for-work-and-pensions-gb,department-for-work-and-pensions-gb:national-archives, The Changing Role of the Occupational Pension Scheme Trustee  ,RR124,2000,,https://webarchive.nationalarchives.gov.uk/ukgwa/20091222172300mp_/http:/research.dwp.gov.uk/asd/asd5/rrep124.pdf,,,Department for Work and Pensions,England,The National Archives,Contains public sector information licensed under the Open Government Licence v3.0.,https://webarchive.nationalarchives.gov.uk/ukgwa/20160107144900/https://www.nationalarchives.gov.uk/doc/open-government-licence/version/3/,© Crown copyright,research|analysis,,,5/16/2024 1:19pm,,report,POCO,,,,,POCO_POGO|POCO_POGO_GB|POCO_POGO_GB_V1,en,United Kingdom (GB),,DWP Reports
https://webarchive.nationalarchives.gov.uk/ukgwa/20091222172300mp_/http:/research.dwp.gov.uk/asd/asd5/rrep123.pdf,department-for-work-and-pensions-gb,department-for-work-and-pensions-gb:national-archives, Employers' Pension Provision 1998  ,RR123,2000,,https://webarchive.nationalarchives.gov.uk/ukgwa/20091222172300mp_/http:/research.dwp.gov.uk/asd/asd5/rrep123.pdf,,,Department for Work and Pensions,England,The National Archives,Contains public sector information licensed under the Open Government Licence v3.0.,https://webarchive.nationalarchives.gov.uk/ukgwa/20160107144900/https://www.nationalarchives.gov.uk/doc/open-government-licence/version/3/,© Crown copyright,research|analysis,,,5/16/2024 1:19pm,,report,POCO,,,,,POCO_POGO|POCO_POGO_GB|POCO_POGO_GB_V1,en,United Kingdom (GB),,DWP Reports
https://webarchive.nationalarchives.gov.uk/ukgwa/20091222172300mp_/http:/research.dwp.gov.uk/asd/asd5/rrep122.pdf,department-for-work-and-pensions-gb,department-for-work-and-pensions-gb:national-archives, Lone Parents and Personal Advisors: Roles and Relationships. A Follow-up Sudy of the New Deal for Lone Parents Phase One Prototype  ,RR122,2000,,https://webarchive.nationalarchives.gov.uk/ukgwa/20091222172300mp_/http:/research.dwp.gov.uk/asd/asd5/rrep122.pdf,,,Department for Work and Pensions,England,The National Archives,Contains public sector information licensed under the Open Government Licence v3.0.,https://webarchive.nationalarchives.gov.uk/ukgwa/20160107144900/https://www.nationalarchives.gov.uk/doc/open-government-licence/version/3/,© Crown copyright,research|analysis,,,5/16/2024 1:19pm,,report,POCO,,,,,POCO_POGO|POCO_POGO_GB|POCO_POGO_GB_V1,en,United Kingdom (GB),,DWP Reports
https://webarchive.nationalarchives.gov.uk/ukgwa/20091222172300mp_/http:/research.dwp.gov.uk/asd/asd5/rrep121.pdf,department-for-work-and-pensions-gb,department-for-work-and-pensions-gb:national-archives, Evaluation of the“ Pension Power for You” Helpline  ,RR121,2000,,https://webarchive.nationalarchives.gov.uk/ukgwa/20091222172300mp_/http:/research.dwp.gov.uk/asd/asd5/rrep121.pdf,,,Department for Work and Pensions,England,The National Archives,Contains public sector information licensed under the Open Government Licence v3.0.,https://webarchive.nationalarchives.gov.uk/ukgwa/20160107144900/https://www.nationalarchives.gov.uk/doc/open-government-licence/version/3/,© Crown copyright,research|analysis,,,5/16/2024 1:19pm,,report,POCO,,,,,POCO_POGO|POCO_POGO_GB|POCO_POGO_GB_V1,en,United Kingdom (GB),,DWP Reports
https://webarchive.nationalarchives.gov.uk/ukgwa/20091222172300mp_/http:/research.dwp.gov.uk/asd/asd5/rrep120.pdf,department-for-work-and-pensions-gb,department-for-work-and-pensions-gb:national-archives, Lifetime Experiences of Self-Employment  ,RR120,2000,,https://webarchive.nationalarchives.gov.uk/ukgwa/20091222172300mp_/http:/research.dwp.gov.uk/asd/asd5/rrep120.pdf,,,Department for Work and Pensions,England,The National Archives,Contains public sector information licensed under the Open Government Licence v3.0.,https://webarchive.nationalarchives.gov.uk/ukgwa/20160107144900/https://www.nationalarchives.gov.uk/doc/open-government-licence/version/3/,© Crown copyright,research|analysis,,,5/16/2024 1:19pm,,report,POCO,,,,,POCO_POGO|POCO_POGO_GB|POCO_POGO_GB_V1,en,United Kingdom (GB),,DWP Reports
https://webarchive.nationalarchives.gov.uk/ukgwa/20091222172300mp_/http:/research.dwp.gov.uk/asd/asd5/rrep119.pdf,department-for-work-and-pensions-gb,department-for-work-and-pensions-gb:national-archives, Local Authorities and Benefit Overpayments  ,RR119,2000,,https://webarchive.nationalarchives.gov.uk/ukgwa/20091222172300mp_/http:/research.dwp.gov.uk/asd/asd5/rrep119.pdf,,,Department for Work and Pensions,England,The National Archives,Contains public sector information licensed under the Open Government Licence v3.0.,https://webarchive.nationalarchives.gov.uk/ukgwa/20160107144900/https://www.nationalarchives.gov.uk/doc/open-government-licence/version/3/,© Crown copyright,research|analysis,,,5/16/2024 1:19pm,,report,POCO,,,,,POCO_POGO|POCO_POGO_GB|POCO_POGO_GB_V1,en,United Kingdom (GB),,DWP Reports
https://webarchive.nationalarchives.gov.uk/ukgwa/20091222172300mp_/http:/research.dwp.gov.uk/asd/asd5/rrep118.pdf,department-for-work-and-pensions-gb,department-for-work-and-pensions-gb:national-archives, Pensions and Divorce: Exploring Financial Settlements  ,RR118,2000,,https://webarchive.nationalarchives.gov.uk/ukgwa/20091222172300mp_/http:/research.dwp.gov.uk/asd/asd5/rrep118.pdf,,,Department for Work and Pensions,England,The National Archives,Contains public sector information licensed under the Open Government Licence v3.0.,https://webarchive.nationalarchives.gov.uk/ukgwa/20160107144900/https://www.nationalarchives.gov.uk/doc/open-government-licence/version/3/,© Crown copyright,research|analysis,,,5/16/2024 1:19pm,,report,POCO,,,,,POCO_POGO|POCO_POGO_GB|POCO_POGO_GB_V1,en,United Kingdom (GB),,DWP Reports
https://webarchive.nationalarchives.gov.uk/ukgwa/20091222172300mp_/http:/research.dwp.gov.uk/asd/asd5/rrep117.pdf,department-for-work-and-pensions-gb,department-for-work-and-pensions-gb:national-archives, Pensions and Divorce: The 1998 Survey  ,RR117,2000,,https://webarchive.nationalarchives.gov.uk/ukgwa/20091222172300mp_/http:/research.dwp.gov.uk/asd/asd5/rrep117.pdf,,,Department for Work and Pensions,England,The National Archives,Contains public sector information licensed under the Open Government Licence v3.0.,https://webarchive.nationalarchives.gov.uk/ukgwa/20160107144900/https://www.nationalarchives.gov.uk/doc/open-government-licence/version/3/,© Crown copyright,research|analysis,,,5/16/2024 1:19pm,,report,POCO,,,,,POCO_POGO|POCO_POGO_GB|POCO_POGO_GB_V1,en,United Kingdom (GB),,DWP Reports
https://webarchive.nationalarchives.gov.uk/ukgwa/20091222172300mp_/http:/research.dwp.gov.uk/asd/asd5/rrep116.pdf,department-for-work-and-pensions-gb,department-for-work-and-pensions-gb:national-archives, Evaluating Jobseeker's Allowance  ,RR116,2000,,https://webarchive.nationalarchives.gov.uk/ukgwa/20091222172300mp_/http:/research.dwp.gov.uk/asd/asd5/rrep116.pdf,,,Department for Work and Pensions,England,The National Archives,Contains public sector information licensed under the Open Government Licence v3.0.,https://webarchive.nationalarchives.gov.uk/ukgwa/20160107144900/https://www.nationalarchives.gov.uk/doc/open-government-licence/version/3/,© Crown copyright,research|analysis,,,5/16/2024 1:19pm,,report,POCO,,,,,POCO_POGO|POCO_POGO_GB|POCO_POGO_GB_V1,en,United Kingdom (GB),,DWP Reports
https://webarchive.nationalarchives.gov.uk/ukgwa/20091222172300mp_/http:/research.dwp.gov.uk/asd/asd5/rrep115.pdf,department-for-work-and-pensions-gb,department-for-work-and-pensions-gb:national-archives, Prospects of Part-Time Work: The Impact of the Back to Work Bonus  ,RR115,2000,,https://webarchive.nationalarchives.gov.uk/ukgwa/20091222172300mp_/http:/research.dwp.gov.uk/asd/asd5/rrep115.pdf,,,Department for Work and Pensions,England,The National Archives,Contains public sector information licensed under the Open Government Licence v3.0.,https://webarchive.nationalarchives.gov.uk/ukgwa/20160107144900/https://www.nationalarchives.gov.uk/doc/open-government-licence/version/3/,© Crown copyright,research|analysis,,,5/16/2024 1:19pm,,report,POCO,,,,,POCO_POGO|POCO_POGO_GB|POCO_POGO_GB_V1,en,United Kingdom (GB),,DWP Reports
https://webarchive.nationalarchives.gov.uk/ukgwa/20091222172300mp_/http:/research.dwp.gov.uk/asd/asd5/rrep114.pdf,department-for-work-and-pensions-gb,department-for-work-and-pensions-gb:national-archives, Building Up Pension Rights  ,RR114,2000,,https://webarchive.nationalarchives.gov.uk/ukgwa/20091222172300mp_/http:/research.dwp.gov.uk/asd/asd5/rrep114.pdf,,,Department for Work and Pensions,England,The National Archives,Contains public sector information licensed under the Open Government Licence v3.0.,https://webarchive.nationalarchives.gov.uk/ukgwa/20160107144900/https://www.nationalarchives.gov.uk/doc/open-government-licence/version/3/,© Crown copyright,research|analysis,,,5/16/2024 1:19pm,,report,POCO,,,,,POCO_POGO|POCO_POGO_GB|POCO_POGO_GB_V1,en,United Kingdom (GB),,DWP Reports
https://webarchive.nationalarchives.gov.uk/ukgwa/20091222172300mp_/http:/research.dwp.gov.uk/asd/asd5/rrep113.pdf,department-for-work-and-pensions-gb,department-for-work-and-pensions-gb:national-archives, Piloting Change  ,RR113,2000,,https://webarchive.nationalarchives.gov.uk/ukgwa/20091222172300mp_/http:/research.dwp.gov.uk/asd/asd5/rrep113.pdf,,,Department for Work and Pensions,England,The National Archives,Contains public sector information licensed under the Open Government Licence v3.0.,https://webarchive.nationalarchives.gov.uk/ukgwa/20160107144900/https://www.nationalarchives.gov.uk/doc/open-government-licence/version/3/,© Crown copyright,research|analysis,,,5/16/2024 1:19pm,,report,POCO,,,,,POCO_POGO|POCO_POGO_GB|POCO_POGO_GB_V1,en,United Kingdom (GB),,DWP Reports
https://webarchive.nationalarchives.gov.uk/ukgwa/20091222172300mp_/http:/research.dwp.gov.uk/asd/asd5/rrep112.pdf,department-for-work-and-pensions-gb,department-for-work-and-pensions-gb:national-archives, The First Effects of Earnings Top-up  ,RR112,2000,,https://webarchive.nationalarchives.gov.uk/ukgwa/20091222172300mp_/http:/research.dwp.gov.uk/asd/asd5/rrep112.pdf,,,Department for Work and Pensions,England,The National Archives,Contains public sector information licensed under the Open Government Licence v3.0.,https://webarchive.nationalarchives.gov.uk/ukgwa/20160107144900/https://www.nationalarchives.gov.uk/doc/open-government-licence/version/3/,© Crown copyright,research|analysis,,,5/16/2024 1:19pm,,report,POCO,,,,,POCO_POGO|POCO_POGO_GB|POCO_POGO_GB_V1,en,United Kingdom (GB),,DWP Reports
https://webarchive.nationalarchives.gov.uk/ukgwa/20091222172300mp_/http:/research.dwp.gov.uk/asd/asd5/rrep111.pdf,department-for-work-and-pensions-gb,department-for-work-and-pensions-gb:national-archives, Understanding the Impact of the Jobseeker's Allowance  ,RR111,2000,,https://webarchive.nationalarchives.gov.uk/ukgwa/20091222172300mp_/http:/research.dwp.gov.uk/asd/asd5/rrep111.pdf,,,Department for Work and Pensions,England,The National Archives,Contains public sector information licensed under the Open Government Licence v3.0.,https://webarchive.nationalarchives.gov.uk/ukgwa/20160107144900/https://www.nationalarchives.gov.uk/doc/open-government-licence/version/3/,© Crown copyright,research|analysis,,,5/16/2024 1:19pm,,report,POCO,,,,,POCO_POGO|POCO_POGO_GB|POCO_POGO_GB_V1,en,United Kingdom (GB),,DWP Reports
https://webarchive.nationalarchives.gov.uk/ukgwa/20091222172300mp_/http:/research.dwp.gov.uk/asd/asd5/rrep110.pdf,department-for-work-and-pensions-gb,department-for-work-and-pensions-gb:national-archives, Evaluation of the New Deal for Lone Parents: “Early Lessons from the Phase One Prototype - Cost-benefit and Econometric Analyses”  ,RR110,2000,,https://webarchive.nationalarchives.gov.uk/ukgwa/20091222172300mp_/http:/research.dwp.gov.uk/asd/asd5/rrep110.pdf,,,Department for Work and Pensions,England,The National Archives,Contains public sector information licensed under the Open Government Licence v3.0.,https://webarchive.nationalarchives.gov.uk/ukgwa/20160107144900/https://www.nationalarchives.gov.uk/doc/open-government-licence/version/3/,© Crown copyright,research|analysis,,,5/16/2024 1:19pm,,report,POCO,,,,,POCO_POGO|POCO_POGO_GB|POCO_POGO_GB_V1,en,United Kingdom (GB),,DWP Reports
https://webarchive.nationalarchives.gov.uk/ukgwa/20091222172300mp_/http:/research.dwp.gov.uk/asd/asd5/rrep109.pdf,department-for-work-and-pensions-gb,department-for-work-and-pensions-gb:national-archives, Evaluation of the New Deal for Lone Parents: “Early Lessons from the Phase One Prototype - Findings of Surveys”  ,RR109,2000,,https://webarchive.nationalarchives.gov.uk/ukgwa/20091222172300mp_/http:/research.dwp.gov.uk/asd/asd5/rrep109.pdf,,,Department for Work and Pensions,England,The National Archives,Contains public sector information licensed under the Open Government Licence v3.0.,https://webarchive.nationalarchives.gov.uk/ukgwa/20160107144900/https://www.nationalarchives.gov.uk/doc/open-government-licence/version/3/,© Crown copyright,research|analysis,,,5/16/2024 1:19pm,,report,POCO,,,,,POCO_POGO|POCO_POGO_GB|POCO_POGO_GB_V1,en,United Kingdom (GB),,DWP Reports
https://webarchive.nationalarchives.gov.uk/ukgwa/20091222172300mp_/http:/research.dwp.gov.uk/asd/asd5/rrep108.pdf,department-for-work-and-pensions-gb,department-for-work-and-pensions-gb:national-archives, Evaluation of the New Deal for Lone Parents: “Early lessons from the Phase One Prototype - Synthesis Report” ,RR108,2000,,https://webarchive.nationalarchives.gov.uk/ukgwa/20091222172300mp_/http:/research.dwp.gov.uk/asd/asd5/rrep108.pdf,,,Department for Work and Pensions,England,The National Archives,Contains public sector information licensed under the Open Government Licence v3.0.,https://webarchive.nationalarchives.gov.uk/ukgwa/20160107144900/https://www.nationalarchives.gov.uk/doc/open-government-licence/version/3/,© Crown copyright,research|analysis,,,5/16/2024 1:19pm,,report,POCO,,,,,POCO_POGO|POCO_POGO_GB|POCO_POGO_GB_V1,en,United Kingdom (GB),,DWP Reports
https://webarchive.nationalarchives.gov.uk/ukgwa/20091222172300mp_/http:/research.dwp.gov.uk/asd/asd5/rrep107.pdf,department-for-work-and-pensions-gb,department-for-work-and-pensions-gb:national-archives, Parents and Employment  ,RR107,2000,,https://webarchive.nationalarchives.gov.uk/ukgwa/20091222172300mp_/http:/research.dwp.gov.uk/asd/asd5/rrep107.pdf,,,Department for Work and Pensions,England,The National Archives,Contains public sector information licensed under the Open Government Licence v3.0.,https://webarchive.nationalarchives.gov.uk/ukgwa/20160107144900/https://www.nationalarchives.gov.uk/doc/open-government-licence/version/3/,© Crown copyright,research|analysis,,,5/16/2024 1:19pm,,report,POCO,,,,,POCO_POGO|POCO_POGO_GB|POCO_POGO_GB_V1,en,United Kingdom (GB),,DWP Reports
https://webarchive.nationalarchives.gov.uk/ukgwa/20091222172300mp_/http:/research.dwp.gov.uk/asd/asd5/rrep106.pdf,department-for-work-and-pensions-gb,department-for-work-and-pensions-gb:national-archives, New Deal for Disabled People: Early Implementation  ,RR106,1999,,https://webarchive.nationalarchives.gov.uk/ukgwa/20091222172300mp_/http:/research.dwp.gov.uk/asd/asd5/rrep106.pdf,,,Department for Work and Pensions,England,The National Archives,Contains public sector information licensed under the Open Government Licence v3.0.,https://webarchive.nationalarchives.gov.uk/ukgwa/20160107144900/https://www.nationalarchives.gov.uk/doc/open-government-licence/version/3/,© Crown copyright,research|analysis,,,5/16/2024 1:19pm,,report,POCO,,,,,POCO_POGO|POCO_POGO_GB|POCO_POGO_GB_V1,en,United Kingdom (GB),,DWP Reports
https://webarchive.nationalarchives.gov.uk/ukgwa/20091222172300mp_/http:/research.dwp.gov.uk/asd/asd5/rrep105.pdf,department-for-work-and-pensions-gb,department-for-work-and-pensions-gb:national-archives, Helping Pensioners: Evaluation of the Income Support Pilots ,RR105,1999,,https://webarchive.nationalarchives.gov.uk/ukgwa/20091222172300mp_/http:/research.dwp.gov.uk/asd/asd5/rrep105.pdf,,,Department for Work and Pensions,England,The National Archives,Contains public sector information licensed under the Open Government Licence v3.0.,https://webarchive.nationalarchives.gov.uk/ukgwa/20160107144900/https://www.nationalarchives.gov.uk/doc/open-government-licence/version/3/,© Crown copyright,research|analysis,,,5/16/2024 1:19pm,,report,POCO,,,,,POCO_POGO|POCO_POGO_GB|POCO_POGO_GB_V1,en,United Kingdom (GB),,DWP Reports
https://webarchive.nationalarchives.gov.uk/ukgwa/20091222172300mp_/http:/research.dwp.gov.uk/asd/asd5/rrep104.pdf,department-for-work-and-pensions-gb,department-for-work-and-pensions-gb:national-archives, Modernising Service Delivery: The Integrated Services Prototype  ,RR104,1999,,https://webarchive.nationalarchives.gov.uk/ukgwa/20091222172300mp_/http:/research.dwp.gov.uk/asd/asd5/rrep104.pdf,,,Department for Work and Pensions,England,The National Archives,Contains public sector information licensed under the Open Government Licence v3.0.,https://webarchive.nationalarchives.gov.uk/ukgwa/20160107144900/https://www.nationalarchives.gov.uk/doc/open-government-licence/version/3/,© Crown copyright,research|analysis,,,5/16/2024 1:19pm,,report,POCO,,,,,POCO_POGO|POCO_POGO_GB|POCO_POGO_GB_V1,en,United Kingdom (GB),,DWP Reports
https://webarchive.nationalarchives.gov.uk/ukgwa/20091222172300mp_/http:/research.dwp.gov.uk/asd/asd5/rrep103.pdf,department-for-work-and-pensions-gb,department-for-work-and-pensions-gb:national-archives," Relying on The State, Relying on Each Other  ",RR103,1999,,https://webarchive.nationalarchives.gov.uk/ukgwa/20091222172300mp_/http:/research.dwp.gov.uk/asd/asd5/rrep103.pdf,,,Department for Work and Pensions,England,The National Archives,Contains public sector information licensed under the Open Government Licence v3.0.,https://webarchive.nationalarchives.gov.uk/ukgwa/20160107144900/https://www.nationalarchives.gov.uk/doc/open-government-licence/version/3/,© Crown copyright,research|analysis,,,5/16/2024 1:19pm,,report,POCO,,,,,POCO_POGO|POCO_POGO_GB|POCO_POGO_GB_V1,en,United Kingdom (GB),,DWP Reports
https://webarchive.nationalarchives.gov.uk/ukgwa/20091222172300mp_/http:/research.dwp.gov.uk/asd/asd5/rrep102.pdf,department-for-work-and-pensions-gb,department-for-work-and-pensions-gb:national-archives, Attitudes and Aspirations of Older People: A Qualitative Study  ,RR102,1999,,https://webarchive.nationalarchives.gov.uk/ukgwa/20091222172300mp_/http:/research.dwp.gov.uk/asd/asd5/rrep102.pdf,,,Department for Work and Pensions,England,The National Archives,Contains public sector information licensed under the Open Government Licence v3.0.,https://webarchive.nationalarchives.gov.uk/ukgwa/20160107144900/https://www.nationalarchives.gov.uk/doc/open-government-licence/version/3/,© Crown copyright,research|analysis,,,5/16/2024 1:19pm,,report,POCO,,,,,POCO_POGO|POCO_POGO_GB|POCO_POGO_GB_V1,en,United Kingdom (GB),,DWP Reports
https://webarchive.nationalarchives.gov.uk/ukgwa/20091222172300mp_/http:/research.dwp.gov.uk/asd/asd5/rrep101.pdf,department-for-work-and-pensions-gb,department-for-work-and-pensions-gb:national-archives, Attitudes and Aspirations of Older People: A Review of the Literature  ,RR101,1999,,https://webarchive.nationalarchives.gov.uk/ukgwa/20091222172300mp_/http:/research.dwp.gov.uk/asd/asd5/rrep101.pdf,,,Department for Work and Pensions,England,The National Archives,Contains public sector information licensed under the Open Government Licence v3.0.,https://webarchive.nationalarchives.gov.uk/ukgwa/20160107144900/https://www.nationalarchives.gov.uk/doc/open-government-licence/version/3/,© Crown copyright,research|analysis,,,5/16/2024 1:19pm,,report,POCO,,,,,POCO_POGO|POCO_POGO_GB|POCO_POGO_GB_V1,en,United Kingdom (GB),,DWP Reports
https://webarchive.nationalarchives.gov.uk/ukgwa/20091222172300mp_/http:/research.dwp.gov.uk/asd/asd5/rrep100.pdf,department-for-work-and-pensions-gb,department-for-work-and-pensions-gb:national-archives, Overcoming barriers: older people and Income Support  ,RR100,1999,,https://webarchive.nationalarchives.gov.uk/ukgwa/20091222172300mp_/http:/research.dwp.gov.uk/asd/asd5/rrep100.pdf,,,Department for Work and Pensions,England,The National Archives,Contains public sector information licensed under the Open Government Licence v3.0.,https://webarchive.nationalarchives.gov.uk/ukgwa/20160107144900/https://www.nationalarchives.gov.uk/doc/open-government-licence/version/3/,© Crown copyright,research|analysis,,,5/16/2024 1:19pm,,report,POCO,,,,,POCO_POGO|POCO_POGO_GB|POCO_POGO_GB_V1,en,United Kingdom (GB),,DWP Reports
https://webarchive.nationalarchives.gov.uk/ukgwa/20091222172300mp_/http:/research.dwp.gov.uk/asd/asd5/rrep099.pdf,department-for-work-and-pensions-gb,department-for-work-and-pensions-gb:national-archives, Unemployment and Jobseeking after the Introduction of Jobseekers Allowance  ,RR99,1999,,https://webarchive.nationalarchives.gov.uk/ukgwa/20091222172300mp_/http:/research.dwp.gov.uk/asd/asd5/rrep099.pdf,,,Department for Work and Pensions,England,The National Archives,Contains public sector information licensed under the Open Government Licence v3.0.,https://webarchive.nationalarchives.gov.uk/ukgwa/20160107144900/https://www.nationalarchives.gov.uk/doc/open-government-licence/version/3/,© Crown copyright,research|analysis,,,5/16/2024 1:19pm,,report,POCO,,,,,POCO_POGO|POCO_POGO_GB|POCO_POGO_GB_V1,en,United Kingdom (GB),,DWP Reports
https://webarchive.nationalarchives.gov.uk/ukgwa/20091222172300mp_/http:/research.dwp.gov.uk/asd/asd5/rrep098.pdf,department-for-work-and-pensions-gb,department-for-work-and-pensions-gb:national-archives, Employers’ Pension Provision 1996  ,RR98,1999,,https://webarchive.nationalarchives.gov.uk/ukgwa/20091222172300mp_/http:/research.dwp.gov.uk/asd/asd5/rrep098.pdf,,,Department for Work and Pensions,England,The National Archives,Contains public sector information licensed under the Open Government Licence v3.0.,https://webarchive.nationalarchives.gov.uk/ukgwa/20160107144900/https://www.nationalarchives.gov.uk/doc/open-government-licence/version/3/,© Crown copyright,research|analysis,,,5/16/2024 1:19pm,,report,POCO,,,,,POCO_POGO|POCO_POGO_GB|POCO_POGO_GB_V1,en,United Kingdom (GB),,DWP Reports
https://webarchive.nationalarchives.gov.uk/ukgwa/20091222172300mp_/http:/research.dwp.gov.uk/asd/asd5/rrep096.pdf,department-for-work-and-pensions-gb,department-for-work-and-pensions-gb:national-archives, Keeping In Touch With The Labour Market  ,RR96,1999,,https://webarchive.nationalarchives.gov.uk/ukgwa/20091222172300mp_/http:/research.dwp.gov.uk/asd/asd5/rrep096.pdf,,,Department for Work and Pensions,England,The National Archives,Contains public sector information licensed under the Open Government Licence v3.0.,https://webarchive.nationalarchives.gov.uk/ukgwa/20160107144900/https://www.nationalarchives.gov.uk/doc/open-government-licence/version/3/,© Crown copyright,research|analysis,,,5/16/2024 1:19pm,,report,POCO,,,,,POCO_POGO|POCO_POGO_GB|POCO_POGO_GB_V1,en,United Kingdom (GB),,DWP Reports
https://webarchive.nationalarchives.gov.uk/ukgwa/20091222172300mp_/http:/research.dwp.gov.uk/asd/asd5/rrep095.pdf,department-for-work-and-pensions-gb,department-for-work-and-pensions-gb:national-archives, Low Paid Work in Britain  ,RR95,1999,,https://webarchive.nationalarchives.gov.uk/ukgwa/20091222172300mp_/http:/research.dwp.gov.uk/asd/asd5/rrep095.pdf,,,Department for Work and Pensions,England,The National Archives,Contains public sector information licensed under the Open Government Licence v3.0.,https://webarchive.nationalarchives.gov.uk/ukgwa/20160107144900/https://www.nationalarchives.gov.uk/doc/open-government-licence/version/3/,© Crown copyright,research|analysis,,,5/16/2024 1:19pm,,report,POCO,,,,,POCO_POGO|POCO_POGO_GB|POCO_POGO_GB_V1,en,United Kingdom (GB),,DWP Reports
https://webarchive.nationalarchives.gov.uk/ukgwa/20091222172300mp_/http:/research.dwp.gov.uk/asd/asd5/rrep094.pdf,department-for-work-and-pensions-gb,department-for-work-and-pensions-gb:national-archives, Disability in Great Britain  ,RR94,1999,,https://webarchive.nationalarchives.gov.uk/ukgwa/20091222172300mp_/http:/research.dwp.gov.uk/asd/asd5/rrep094.pdf,,,Department for Work and Pensions,England,The National Archives,Contains public sector information licensed under the Open Government Licence v3.0.,https://webarchive.nationalarchives.gov.uk/ukgwa/20160107144900/https://www.nationalarchives.gov.uk/doc/open-government-licence/version/3/,© Crown copyright,research|analysis,,,5/16/2024 1:19pm,,report,POCO,,,,,POCO_POGO|POCO_POGO_GB|POCO_POGO_GB_V1,en,United Kingdom (GB),,DWP Reports
https://webarchive.nationalarchives.gov.uk/ukgwa/20091222172300mp_/http:/research.dwp.gov.uk/asd/asd5/rrep093.pdf,department-for-work-and-pensions-gb,department-for-work-and-pensions-gb:national-archives, Housing Benefit and Supported Accommodation  ,RR93,1999,,https://webarchive.nationalarchives.gov.uk/ukgwa/20091222172300mp_/http:/research.dwp.gov.uk/asd/asd5/rrep093.pdf,,,Department for Work and Pensions,England,The National Archives,Contains public sector information licensed under the Open Government Licence v3.0.,https://webarchive.nationalarchives.gov.uk/ukgwa/20160107144900/https://www.nationalarchives.gov.uk/doc/open-government-licence/version/3/,© Crown copyright,research|analysis,,,5/16/2024 1:19pm,,report,POCO,,,,,POCO_POGO|POCO_POGO_GB|POCO_POGO_GB_V1,en,United Kingdom (GB),,DWP Reports
https://webarchive.nationalarchives.gov.uk/ukgwa/20091222172300mp_/http:/research.dwp.gov.uk/asd/asd5/rrep092.pdf,department-for-work-and-pensions-gb,department-for-work-and-pensions-gb:national-archives, New Deal For lone parents: Learning From the Prototype Areas  ,RR92,1999,,https://webarchive.nationalarchives.gov.uk/ukgwa/20091222172300mp_/http:/research.dwp.gov.uk/asd/asd5/rrep092.pdf,,,Department for Work and Pensions,England,The National Archives,Contains public sector information licensed under the Open Government Licence v3.0.,https://webarchive.nationalarchives.gov.uk/ukgwa/20160107144900/https://www.nationalarchives.gov.uk/doc/open-government-licence/version/3/,© Crown copyright,research|analysis,,,5/16/2024 1:19pm,,report,POCO,,,,,POCO_POGO|POCO_POGO_GB|POCO_POGO_GB_V1,en,United Kingdom (GB),,DWP Reports
https://webarchive.nationalarchives.gov.uk/ukgwa/20091222172300mp_/http:/research.dwp.gov.uk/asd/asd5/rrep091.pdf,department-for-work-and-pensions-gb,department-for-work-and-pensions-gb:national-archives, Housing Benefit Exceptional Hardship Payments  ,RR91,1999,,https://webarchive.nationalarchives.gov.uk/ukgwa/20091222172300mp_/http:/research.dwp.gov.uk/asd/asd5/rrep091.pdf,,,Department for Work and Pensions,England,The National Archives,Contains public sector information licensed under the Open Government Licence v3.0.,https://webarchive.nationalarchives.gov.uk/ukgwa/20160107144900/https://www.nationalarchives.gov.uk/doc/open-government-licence/version/3/,© Crown copyright,research|analysis,,,5/16/2024 1:19pm,,report,POCO,,,,,POCO_POGO|POCO_POGO_GB|POCO_POGO_GB_V1,en,United Kingdom (GB),,DWP Reports
https://webarchive.nationalarchives.gov.uk/ukgwa/20091222172300mp_/http:/research.dwp.gov.uk/asd/asd5/rrep090.pdf,department-for-work-and-pensions-gb,department-for-work-and-pensions-gb:national-archives, Modernising Service Delivery: The Lone Parent Prototype  ,RR90,1999,,https://webarchive.nationalarchives.gov.uk/ukgwa/20091222172300mp_/http:/research.dwp.gov.uk/asd/asd5/rrep090.pdf,,,Department for Work and Pensions,England,The National Archives,Contains public sector information licensed under the Open Government Licence v3.0.,https://webarchive.nationalarchives.gov.uk/ukgwa/20160107144900/https://www.nationalarchives.gov.uk/doc/open-government-licence/version/3/,© Crown copyright,research|analysis,,,5/16/2024 1:19pm,,report,POCO,,,,,POCO_POGO|POCO_POGO_GB|POCO_POGO_GB_V1,en,United Kingdom (GB),,DWP Reports
https://webarchive.nationalarchives.gov.uk/ukgwa/20091222172300mp_/http:/research.dwp.gov.uk/asd/asd5/rrep089.pdf,department-for-work-and-pensions-gb,department-for-work-and-pensions-gb:national-archives, New Deal for Lone Parents: Evaluation of Innovative Schemes  ,RR89,1999,,https://webarchive.nationalarchives.gov.uk/ukgwa/20091222172300mp_/http:/research.dwp.gov.uk/asd/asd5/rrep089.pdf,,,Department for Work and Pensions,England,The National Archives,Contains public sector information licensed under the Open Government Licence v3.0.,https://webarchive.nationalarchives.gov.uk/ukgwa/20160107144900/https://www.nationalarchives.gov.uk/doc/open-government-licence/version/3/,© Crown copyright,research|analysis,,,5/16/2024 1:19pm,,report,POCO,,,,,POCO_POGO|POCO_POGO_GB|POCO_POGO_GB_V1,en,United Kingdom (GB),,DWP Reports
https://webarchive.nationalarchives.gov.uk/ukgwa/20091222172300mp_/http:/research.dwp.gov.uk/asd/asd5/rrep088.pdf,department-for-work-and-pensions-gb,department-for-work-and-pensions-gb:national-archives, Attitudes to the Welfare State and The Response to Reform  ,RR88,1999,,https://webarchive.nationalarchives.gov.uk/ukgwa/20091222172300mp_/http:/research.dwp.gov.uk/asd/asd5/rrep088.pdf,,,Department for Work and Pensions,England,The National Archives,Contains public sector information licensed under the Open Government Licence v3.0.,https://webarchive.nationalarchives.gov.uk/ukgwa/20160107144900/https://www.nationalarchives.gov.uk/doc/open-government-licence/version/3/,© Crown copyright,research|analysis,,,5/16/2024 1:19pm,,report,POCO,,,,,POCO_POGO|POCO_POGO_GB|POCO_POGO_GB_V1,en,United Kingdom (GB),,DWP Reports
https://webarchive.nationalarchives.gov.uk/ukgwa/20100208135101mp_/http://research.dwp.gov.uk/asd/asd5/rrep081.pdf,department-for-work-and-pensions-gb,department-for-work-and-pensions-gb:national-archives, The role of Pension Scheme Trustees ,RR81,1998,,https://webarchive.nationalarchives.gov.uk/ukgwa/20100208135101mp_/http://research.dwp.gov.uk/asd/asd5/rrep081.pdf,,,Department for Work and Pensions,England,The National Archives,Contains public sector information licensed under the Open Government Licence v3.0.,https://webarchive.nationalarchives.gov.uk/ukgwa/20160107144900/https://www.nationalarchives.gov.uk/doc/open-government-licence/version/3/,© Crown copyright,research|analysis,,,5/16/2024 1:19pm,,report,POCO,,,,,POCO_POGO|POCO_POGO_GB|POCO_POGO_GB_V1,en,United Kingdom (GB),,DWP Reports
https://webarchive.nationalarchives.gov.uk/ukgwa/20100208140701mp_/http://research.dwp.gov.uk/asd/asd5/rrep078.pdf,department-for-work-and-pensions-gb,department-for-work-and-pensions-gb:national-archives," Lone parents lives : An analysis of partnership, fertility, employment and housing histories in the 1956 British Birth Cohort ",RR78,1998,,https://webarchive.nationalarchives.gov.uk/ukgwa/20100208140701mp_/http://research.dwp.gov.uk/asd/asd5/rrep078.pdf,,,Department for Work and Pensions,England,The National Archives,Contains public sector information licensed under the Open Government Licence v3.0.,https://webarchive.nationalarchives.gov.uk/ukgwa/20160107144900/https://www.nationalarchives.gov.uk/doc/open-government-licence/version/3/,© Crown copyright,research|analysis,,,5/16/2024 1:19pm,,report,POCO,,,,,POCO_POGO|POCO_POGO_GB|POCO_POGO_GB_V1,en,United Kingdom (GB),,DWP Reports
https://webarchive.nationalarchives.gov.uk/ukgwa/20100208135943mp_/http://research.dwp.gov.uk/asd/asd5/rrep076.pdf,department-for-work-and-pensions-gb,department-for-work-and-pensions-gb:national-archives, Recruiting Long-term Unemployed People : Employers views of the National Insurance Contributions Holiday Scheme ,RR76,1998,,https://webarchive.nationalarchives.gov.uk/ukgwa/20100208135943mp_/http://research.dwp.gov.uk/asd/asd5/rrep076.pdf,,,Department for Work and Pensions,England,The National Archives,Contains public sector information licensed under the Open Government Licence v3.0.,https://webarchive.nationalarchives.gov.uk/ukgwa/20160107144900/https://www.nationalarchives.gov.uk/doc/open-government-licence/version/3/,© Crown copyright,research|analysis,,,5/16/2024 1:19pm,,report,POCO,,,,,POCO_POGO|POCO_POGO_GB|POCO_POGO_GB_V1,en,United Kingdom (GB),,DWP Reports
https://webarchive.nationalarchives.gov.uk/ukgwa/20100208135900mp_/http://research.dwp.gov.uk/asd/asd5/rrep075.pdf,department-for-work-and-pensions-gb,department-for-work-and-pensions-gb:national-archives, Experiences of Occupation Pension Scheme wind-up ,RR75,1998,,https://webarchive.nationalarchives.gov.uk/ukgwa/20100208135900mp_/http://research.dwp.gov.uk/asd/asd5/rrep075.pdf,,,Department for Work and Pensions,England,The National Archives,Contains public sector information licensed under the Open Government Licence v3.0.,https://webarchive.nationalarchives.gov.uk/ukgwa/20160107144900/https://www.nationalarchives.gov.uk/doc/open-government-licence/version/3/,© Crown copyright,research|analysis,,,5/16/2024 1:19pm,,report,POCO,,,,,POCO_POGO|POCO_POGO_GB|POCO_POGO_GB_V1,en,United Kingdom (GB),,DWP Reports
https://webarchive.nationalarchives.gov.uk/ukgwa/20100208140148mp_/http://research.dwp.gov.uk/asd/asd5/rrep074.pdf,department-for-work-and-pensions-gb,department-for-work-and-pensions-gb:national-archives, Customer view on service delivery in the Child Support Agency ,RR74,1998,,https://webarchive.nationalarchives.gov.uk/ukgwa/20100208140148mp_/http://research.dwp.gov.uk/asd/asd5/rrep074.pdf,,,Department for Work and Pensions,England,The National Archives,Contains public sector information licensed under the Open Government Licence v3.0.,https://webarchive.nationalarchives.gov.uk/ukgwa/20160107144900/https://www.nationalarchives.gov.uk/doc/open-government-licence/version/3/,© Crown copyright,research|analysis,,,5/16/2024 1:19pm,,report,POCO,,,,,POCO_POGO|POCO_POGO_GB|POCO_POGO_GB_V1,en,United Kingdom (GB),,DWP Reports
https://webarchive.nationalarchives.gov.uk/ukgwa/20091222172300mp_/http:/research.dwp.gov.uk/asd/asd5/rrep073.pdf,department-for-work-and-pensions-gb,department-for-work-and-pensions-gb:national-archives, Unemployment and Jobseeking before Jobseeker's Allowance  ,RR73,1997,,https://webarchive.nationalarchives.gov.uk/ukgwa/20091222172300mp_/http:/research.dwp.gov.uk/asd/asd5/rrep073.pdf,,,Department for Work and Pensions,England,The National Archives,Contains public sector information licensed under the Open Government Licence v3.0.,https://webarchive.nationalarchives.gov.uk/ukgwa/20160107144900/https://www.nationalarchives.gov.uk/doc/open-government-licence/version/3/,© Crown copyright,research|analysis,,,5/16/2024 1:19pm,,report,POCO,,,,,POCO_POGO|POCO_POGO_GB|POCO_POGO_GB_V1,en,United Kingdom (GB),,DWP Reports
https://webarchive.nationalarchives.gov.uk/ukgwa/20091222172300mp_/http:/research.dwp.gov.uk/asd/asd5/rrep071.pdf,department-for-work-and-pensions-gb,department-for-work-and-pensions-gb:national-archives, Stepping Stones to Employment  ,RR71,1997,,https://webarchive.nationalarchives.gov.uk/ukgwa/20091222172300mp_/http:/research.dwp.gov.uk/asd/asd5/rrep071.pdf,,,Department for Work and Pensions,England,The National Archives,Contains public sector information licensed under the Open Government Licence v3.0.,https://webarchive.nationalarchives.gov.uk/ukgwa/20160107144900/https://www.nationalarchives.gov.uk/doc/open-government-licence/version/3/,© Crown copyright,research|analysis,,,5/16/2024 1:19pm,,report,POCO,,,,,POCO_POGO|POCO_POGO_GB|POCO_POGO_GB_V1,en,United Kingdom (GB),,DWP Reports
https://webarchive.nationalarchives.gov.uk/ukgwa/20091222172300mp_/http:/research.dwp.gov.uk/asd/asd5/rrep070.pdf,department-for-work-and-pensions-gb,department-for-work-and-pensions-gb:national-archives, Delivering Benefits to Unemployed 16 and 17 year olds  ,RR70,1997,,https://webarchive.nationalarchives.gov.uk/ukgwa/20091222172300mp_/http:/research.dwp.gov.uk/asd/asd5/rrep070.pdf,,,Department for Work and Pensions,England,The National Archives,Contains public sector information licensed under the Open Government Licence v3.0.,https://webarchive.nationalarchives.gov.uk/ukgwa/20160107144900/https://www.nationalarchives.gov.uk/doc/open-government-licence/version/3/,© Crown copyright,research|analysis,,,5/16/2024 1:19pm,,report,POCO,,,,,POCO_POGO|POCO_POGO_GB|POCO_POGO_GB_V1,en,United Kingdom (GB),,DWP Reports
https://webarchive.nationalarchives.gov.uk/ukgwa/20091222172300mp_/http:/research.dwp.gov.uk/asd/asd5/rrep069.pdf,department-for-work-and-pensions-gb,department-for-work-and-pensions-gb:national-archives, Delivering Benefits to Unemployed People  ,RR69,1997,,https://webarchive.nationalarchives.gov.uk/ukgwa/20091222172300mp_/http:/research.dwp.gov.uk/asd/asd5/rrep069.pdf,,,Department for Work and Pensions,England,The National Archives,Contains public sector information licensed under the Open Government Licence v3.0.,https://webarchive.nationalarchives.gov.uk/ukgwa/20160107144900/https://www.nationalarchives.gov.uk/doc/open-government-licence/version/3/,© Crown copyright,research|analysis,,,5/16/2024 1:19pm,,report,POCO,,,,,POCO_POGO|POCO_POGO_GB|POCO_POGO_GB_V1,en,United Kingdom (GB),,DWP Reports
https://webarchive.nationalarchives.gov.uk/ukgwa/20091222172300mp_/http:/research.dwp.gov.uk/asd/asd5/rrep068.pdf,department-for-work-and-pensions-gb,department-for-work-and-pensions-gb:national-archives, Claimants' Perceptions of the Claim Process  ,RR68,1997,,https://webarchive.nationalarchives.gov.uk/ukgwa/20091222172300mp_/http:/research.dwp.gov.uk/asd/asd5/rrep068.pdf,,,Department for Work and Pensions,England,The National Archives,Contains public sector information licensed under the Open Government Licence v3.0.,https://webarchive.nationalarchives.gov.uk/ukgwa/20160107144900/https://www.nationalarchives.gov.uk/doc/open-government-licence/version/3/,© Crown copyright,research|analysis,,,5/16/2024 1:19pm,,report,POCO,,,,,POCO_POGO|POCO_POGO_GB|POCO_POGO_GB_V1,en,United Kingdom (GB),,DWP Reports
https://webarchive.nationalarchives.gov.uk/ukgwa/20091222172300mp_/http:/research.dwp.gov.uk/asd/asd5/rrep067.pdf,department-for-work-and-pensions-gb,department-for-work-and-pensions-gb:national-archives, Maternity Rights and Benefits in Britain 1996  ,RR67,1997,,https://webarchive.nationalarchives.gov.uk/ukgwa/20091222172300mp_/http:/research.dwp.gov.uk/asd/asd5/rrep067.pdf,,,Department for Work and Pensions,England,The National Archives,Contains public sector information licensed under the Open Government Licence v3.0.,https://webarchive.nationalarchives.gov.uk/ukgwa/20160107144900/https://www.nationalarchives.gov.uk/doc/open-government-licence/version/3/,© Crown copyright,research|analysis,,,5/16/2024 1:19pm,,report,POCO,,,,,POCO_POGO|POCO_POGO_GB|POCO_POGO_GB_V1,en,United Kingdom (GB),,DWP Reports
https://webarchive.nationalarchives.gov.uk/ukgwa/20091222172300mp_/http:/research.dwp.gov.uk/asd/asd5/rrep066.pdf,department-for-work-and-pensions-gb,department-for-work-and-pensions-gb:national-archives, Pension Scheme Inquiries And Disputes  ,RR66,1997,,https://webarchive.nationalarchives.gov.uk/ukgwa/20091222172300mp_/http:/research.dwp.gov.uk/asd/asd5/rrep066.pdf,,,Department for Work and Pensions,England,The National Archives,Contains public sector information licensed under the Open Government Licence v3.0.,https://webarchive.nationalarchives.gov.uk/ukgwa/20160107144900/https://www.nationalarchives.gov.uk/doc/open-government-licence/version/3/,© Crown copyright,research|analysis,,,5/16/2024 1:19pm,,report,POCO,,,,,POCO_POGO|POCO_POGO_GB|POCO_POGO_GB_V1,en,United Kingdom (GB),,DWP Reports
https://webarchive.nationalarchives.gov.uk/ukgwa/20091222172300mp_/http:/research.dwp.gov.uk/asd/asd5/rrep065.pdf,department-for-work-and-pensions-gb,department-for-work-and-pensions-gb:national-archives, Customer Contact with the Benefits Agency  ,RR65,1997,,https://webarchive.nationalarchives.gov.uk/ukgwa/20091222172300mp_/http:/research.dwp.gov.uk/asd/asd5/rrep065.pdf,,,Department for Work and Pensions,England,The National Archives,Contains public sector information licensed under the Open Government Licence v3.0.,https://webarchive.nationalarchives.gov.uk/ukgwa/20160107144900/https://www.nationalarchives.gov.uk/doc/open-government-licence/version/3/,© Crown copyright,research|analysis,,,5/16/2024 1:19pm,,report,POCO,,,,,POCO_POGO|POCO_POGO_GB|POCO_POGO_GB_V1,en,United Kingdom (GB),,DWP Reports
https://webarchive.nationalarchives.gov.uk/ukgwa/20091222172300mp_/http:/research.dwp.gov.uk/asd/asd5/rrep063.pdf,department-for-work-and-pensions-gb,department-for-work-and-pensions-gb:national-archives, Exploring Customer Satisfaction  ,RR63,1997,,https://webarchive.nationalarchives.gov.uk/ukgwa/20091222172300mp_/http:/research.dwp.gov.uk/asd/asd5/rrep063.pdf,,,Department for Work and Pensions,England,The National Archives,Contains public sector information licensed under the Open Government Licence v3.0.,https://webarchive.nationalarchives.gov.uk/ukgwa/20160107144900/https://www.nationalarchives.gov.uk/doc/open-government-licence/version/3/,© Crown copyright,research|analysis,,,5/16/2024 1:19pm,,report,POCO,,,,,POCO_POGO|POCO_POGO_GB|POCO_POGO_GB_V1,en,United Kingdom (GB),,DWP Reports
https://webarchive.nationalarchives.gov.uk/ukgwa/20091222172300mp_/http:/research.dwp.gov.uk/asd/asd5/rrep062.pdf,department-for-work-and-pensions-gb,department-for-work-and-pensions-gb:national-archives, Unemployment and Jobseeking  ,RR62,1997,,https://webarchive.nationalarchives.gov.uk/ukgwa/20091222172300mp_/http:/research.dwp.gov.uk/asd/asd5/rrep062.pdf,,,Department for Work and Pensions,England,The National Archives,Contains public sector information licensed under the Open Government Licence v3.0.,https://webarchive.nationalarchives.gov.uk/ukgwa/20160107144900/https://www.nationalarchives.gov.uk/doc/open-government-licence/version/3/,© Crown copyright,research|analysis,,,5/16/2024 1:19pm,,report,POCO,,,,,POCO_POGO|POCO_POGO_GB|POCO_POGO_GB_V1,en,United Kingdom (GB),,DWP Reports
https://webarchive.nationalarchives.gov.uk/ukgwa/20091222172300mp_/http:/research.dwp.gov.uk/asd/asd5/rrep061.pdf,department-for-work-and-pensions-gb,department-for-work-and-pensions-gb:national-archives," Lone Parents, Work and Benefits  ",RR61,1997,,https://webarchive.nationalarchives.gov.uk/ukgwa/20091222172300mp_/http:/research.dwp.gov.uk/asd/asd5/rrep061.pdf,,,Department for Work and Pensions,England,The National Archives,Contains public sector information licensed under the Open Government Licence v3.0.,https://webarchive.nationalarchives.gov.uk/ukgwa/20160107144900/https://www.nationalarchives.gov.uk/doc/open-government-licence/version/3/,© Crown copyright,research|analysis,,,5/16/2024 1:19pm,,report,POCO,,,,,POCO_POGO|POCO_POGO_GB|POCO_POGO_GB_V1,en,United Kingdom (GB),,DWP Reports
https://webarchive.nationalarchives.gov.uk/ukgwa/20091222172300mp_/http:/research.dwp.gov.uk/asd/asd5/rrep060.pdf,department-for-work-and-pensions-gb,department-for-work-and-pensions-gb:national-archives, A Comparative Study of Housing Allowances  ,RR60,1997,,https://webarchive.nationalarchives.gov.uk/ukgwa/20091222172300mp_/http:/research.dwp.gov.uk/asd/asd5/rrep060.pdf,,,Department for Work and Pensions,England,The National Archives,Contains public sector information licensed under the Open Government Licence v3.0.,https://webarchive.nationalarchives.gov.uk/ukgwa/20160107144900/https://www.nationalarchives.gov.uk/doc/open-government-licence/version/3/,© Crown copyright,research|analysis,,,5/16/2024 1:19pm,,report,POCO,,,,,POCO_POGO|POCO_POGO_GB|POCO_POGO_GB_V1,en,United Kingdom (GB),,DWP Reports
https://webarchive.nationalarchives.gov.uk/ukgwa/20091222172300mp_/http:/research.dwp.gov.uk/asd/asd5/rrep059.pdf,department-for-work-and-pensions-gb,department-for-work-and-pensions-gb:national-archives, Delivering Social Security: A Cross-National Study  ,RR59,1996,,https://webarchive.nationalarchives.gov.uk/ukgwa/20091222172300mp_/http:/research.dwp.gov.uk/asd/asd5/rrep059.pdf,,,Department for Work and Pensions,England,The National Archives,Contains public sector information licensed under the Open Government Licence v3.0.,https://webarchive.nationalarchives.gov.uk/ukgwa/20160107144900/https://www.nationalarchives.gov.uk/doc/open-government-licence/version/3/,© Crown copyright,research|analysis,,,5/16/2024 1:19pm,,report,POCO,,,,,POCO_POGO|POCO_POGO_GB|POCO_POGO_GB_V1,en,United Kingdom (GB),,DWP Reports
https://webarchive.nationalarchives.gov.uk/ukgwa/20091222172300mp_/http:/research.dwp.gov.uk/asd/asd5/rrep058.pdf,department-for-work-and-pensions-gb,department-for-work-and-pensions-gb:national-archives, Employers Pension Provision 1994  ,RR58,1996,,https://webarchive.nationalarchives.gov.uk/ukgwa/20091222172300mp_/http:/research.dwp.gov.uk/asd/asd5/rrep058.pdf,,,Department for Work and Pensions,England,The National Archives,Contains public sector information licensed under the Open Government Licence v3.0.,https://webarchive.nationalarchives.gov.uk/ukgwa/20160107144900/https://www.nationalarchives.gov.uk/doc/open-government-licence/version/3/,© Crown copyright,research|analysis,,,5/16/2024 1:19pm,,report,POCO,,,,,POCO_POGO|POCO_POGO_GB|POCO_POGO_GB_V1,en,United Kingdom (GB),,DWP Reports
https://webarchive.nationalarchives.gov.uk/ukgwa/20091222172300mp_/http:/research.dwp.gov.uk/asd/asd5/rrep057.pdf,department-for-work-and-pensions-gb,department-for-work-and-pensions-gb:national-archives, Helping Disabled Workers: Disability Working Allowance & Supported Employment  ,RR57,1996,,https://webarchive.nationalarchives.gov.uk/ukgwa/20091222172300mp_/http:/research.dwp.gov.uk/asd/asd5/rrep057.pdf,,,Department for Work and Pensions,England,The National Archives,Contains public sector information licensed under the Open Government Licence v3.0.,https://webarchive.nationalarchives.gov.uk/ukgwa/20160107144900/https://www.nationalarchives.gov.uk/doc/open-government-licence/version/3/,© Crown copyright,research|analysis,,,5/16/2024 1:19pm,,report,POCO,,,,,POCO_POGO|POCO_POGO_GB|POCO_POGO_GB_V1,en,United Kingdom (GB),,DWP Reports
https://webarchive.nationalarchives.gov.uk/ukgwa/20091222172300mp_/http:/research.dwp.gov.uk/asd/asd5/rrep056.pdf,department-for-work-and-pensions-gb,department-for-work-and-pensions-gb:national-archives, Confidentiality: the Public View  ,RR56,1996,,https://webarchive.nationalarchives.gov.uk/ukgwa/20091222172300mp_/http:/research.dwp.gov.uk/asd/asd5/rrep056.pdf,,,Department for Work and Pensions,England,The National Archives,Contains public sector information licensed under the Open Government Licence v3.0.,https://webarchive.nationalarchives.gov.uk/ukgwa/20160107144900/https://www.nationalarchives.gov.uk/doc/open-government-licence/version/3/,© Crown copyright,research|analysis,,,5/16/2024 1:19pm,,report,POCO,,,,,POCO_POGO|POCO_POGO_GB|POCO_POGO_GB_V1,en,United Kingdom (GB),,DWP Reports
https://webarchive.nationalarchives.gov.uk/ukgwa/20091222172300mp_/http:/research.dwp.gov.uk/asd/asd5/rrep055.pdf,department-for-work-and-pensions-gb,department-for-work-and-pensions-gb:national-archives, Housing Benefit & Service Charges  ,RR55,1996,,https://webarchive.nationalarchives.gov.uk/ukgwa/20091222172300mp_/http:/research.dwp.gov.uk/asd/asd5/rrep055.pdf,,,Department for Work and Pensions,England,The National Archives,Contains public sector information licensed under the Open Government Licence v3.0.,https://webarchive.nationalarchives.gov.uk/ukgwa/20160107144900/https://www.nationalarchives.gov.uk/doc/open-government-licence/version/3/,© Crown copyright,research|analysis,,,5/16/2024 1:19pm,,report,POCO,,,,,POCO_POGO|POCO_POGO_GB|POCO_POGO_GB_V1,en,United Kingdom (GB),,DWP Reports
https://webarchive.nationalarchives.gov.uk/ukgwa/20091222172300mp_/http:/research.dwp.gov.uk/asd/asd5/rrep054.pdf,department-for-work-and-pensions-gb,department-for-work-and-pensions-gb:national-archives," Disability, and Benefits and Employment  ",RR54,1996,,https://webarchive.nationalarchives.gov.uk/ukgwa/20091222172300mp_/http:/research.dwp.gov.uk/asd/asd5/rrep054.pdf,,,Department for Work and Pensions,England,The National Archives,Contains public sector information licensed under the Open Government Licence v3.0.,https://webarchive.nationalarchives.gov.uk/ukgwa/20160107144900/https://www.nationalarchives.gov.uk/doc/open-government-licence/version/3/,© Crown copyright,research|analysis,,,5/16/2024 1:19pm,,report,POCO,,,,,POCO_POGO|POCO_POGO_GB|POCO_POGO_GB_V1,en,United Kingdom (GB),,DWP Reports
https://webarchive.nationalarchives.gov.uk/ukgwa/20100208135353mp_/http://research.dwp.gov.uk/asd/asd5/rrep053.pdf,department-for-work-and-pensions-gb,department-for-work-and-pensions-gb:national-archives, Moving off Income Support: Barriers and Bridges ,RR53,1996,,https://webarchive.nationalarchives.gov.uk/ukgwa/20100208135353mp_/http://research.dwp.gov.uk/asd/asd5/rrep053.pdf,,,Department for Work and Pensions,England,The National Archives,Contains public sector information licensed under the Open Government Licence v3.0.,https://webarchive.nationalarchives.gov.uk/ukgwa/20160107144900/https://www.nationalarchives.gov.uk/doc/open-government-licence/version/3/,© Crown copyright,research|analysis,,,5/16/2024 1:19pm,,report,POCO,,,,,POCO_POGO|POCO_POGO_GB|POCO_POGO_GB_V1,en,United Kingdom (GB),,DWP Reports
https://webarchive.nationalarchives.gov.uk/ukgwa/20091222172300mp_/http:/research.dwp.gov.uk/asd/asd5/rrep052.pdf,department-for-work-and-pensions-gb,department-for-work-and-pensions-gb:national-archives, Take-up of Second Adult Rebate  ,RR52,1996,,https://webarchive.nationalarchives.gov.uk/ukgwa/20091222172300mp_/http:/research.dwp.gov.uk/asd/asd5/rrep052.pdf,,,Department for Work and Pensions,England,The National Archives,Contains public sector information licensed under the Open Government Licence v3.0.,https://webarchive.nationalarchives.gov.uk/ukgwa/20160107144900/https://www.nationalarchives.gov.uk/doc/open-government-licence/version/3/,© Crown copyright,research|analysis,,,5/16/2024 1:19pm,,report,POCO,,,,,POCO_POGO|POCO_POGO_GB|POCO_POGO_GB_V1,en,United Kingdom (GB),,DWP Reports
https://webarchive.nationalarchives.gov.uk/ukgwa/20091222172300mp_/http:/research.dwp.gov.uk/asd/asd5/rrep051.pdf,department-for-work-and-pensions-gb,department-for-work-and-pensions-gb:national-archives, Child Support Agency National Client Satisfaction Survey 1995  ,RR51,1996,,https://webarchive.nationalarchives.gov.uk/ukgwa/20091222172300mp_/http:/research.dwp.gov.uk/asd/asd5/rrep051.pdf,,,Department for Work and Pensions,England,The National Archives,Contains public sector information licensed under the Open Government Licence v3.0.,https://webarchive.nationalarchives.gov.uk/ukgwa/20160107144900/https://www.nationalarchives.gov.uk/doc/open-government-licence/version/3/,© Crown copyright,research|analysis,,,5/16/2024 1:19pm,,report,POCO,,,,,POCO_POGO|POCO_POGO_GB|POCO_POGO_GB_V1,en,United Kingdom (GB),,DWP Reports
https://webarchive.nationalarchives.gov.uk/ukgwa/20091222172300mp_/http:/research.dwp.gov.uk/asd/asd5/rrep050.pdf,department-for-work-and-pensions-gb,department-for-work-and-pensions-gb:national-archives, Pensions and Divorce  ,RR50,1996,,https://webarchive.nationalarchives.gov.uk/ukgwa/20091222172300mp_/http:/research.dwp.gov.uk/asd/asd5/rrep050.pdf,,,Department for Work and Pensions,England,The National Archives,Contains public sector information licensed under the Open Government Licence v3.0.,https://webarchive.nationalarchives.gov.uk/ukgwa/20160107144900/https://www.nationalarchives.gov.uk/doc/open-government-licence/version/3/,© Crown copyright,research|analysis,,,5/16/2024 1:19pm,,report,POCO,,,,,POCO_POGO|POCO_POGO_GB|POCO_POGO_GB_V1,en,United Kingdom (GB),,DWP Reports
https://webarchive.nationalarchives.gov.uk/ukgwa/20091222172300mp_/http:/research.dwp.gov.uk/asd/asd5/rrep049.pdf,department-for-work-and-pensions-gb,department-for-work-and-pensions-gb:national-archives, Women and Pensions  ,RR49,1996,,https://webarchive.nationalarchives.gov.uk/ukgwa/20091222172300mp_/http:/research.dwp.gov.uk/asd/asd5/rrep049.pdf,,,Department for Work and Pensions,England,The National Archives,Contains public sector information licensed under the Open Government Licence v3.0.,https://webarchive.nationalarchives.gov.uk/ukgwa/20160107144900/https://www.nationalarchives.gov.uk/doc/open-government-licence/version/3/,© Crown copyright,research|analysis,,,5/16/2024 1:19pm,,report,POCO,,,,,POCO_POGO|POCO_POGO_GB|POCO_POGO_GB_V1,en,United Kingdom (GB),,DWP Reports
https://webarchive.nationalarchives.gov.uk/ukgwa/20091222172300mp_/http:/research.dwp.gov.uk/asd/asd5/rrep048.pdf,department-for-work-and-pensions-gb,department-for-work-and-pensions-gb:national-archives, Leaving Family Credit  ,RR48,1996,,https://webarchive.nationalarchives.gov.uk/ukgwa/20091222172300mp_/http:/research.dwp.gov.uk/asd/asd5/rrep048.pdf,,,Department for Work and Pensions,England,The National Archives,Contains public sector information licensed under the Open Government Licence v3.0.,https://webarchive.nationalarchives.gov.uk/ukgwa/20160107144900/https://www.nationalarchives.gov.uk/doc/open-government-licence/version/3/,© Crown copyright,research|analysis,,,5/16/2024 1:19pm,,report,POCO,,,,,POCO_POGO|POCO_POGO_GB|POCO_POGO_GB_V1,en,United Kingdom (GB),,DWP Reports
https://webarchive.nationalarchives.gov.uk/ukgwa/20091222172300mp_/http:/research.dwp.gov.uk/asd/asd5/rrep047.pdf,department-for-work-and-pensions-gb,department-for-work-and-pensions-gb:national-archives, Social Assistance in OECD Countries Volume II: Country Reports  ,RR47,1996,,https://webarchive.nationalarchives.gov.uk/ukgwa/20091222172300mp_/http:/research.dwp.gov.uk/asd/asd5/rrep047.pdf,,,Department for Work and Pensions,England,The National Archives,Contains public sector information licensed under the Open Government Licence v3.0.,https://webarchive.nationalarchives.gov.uk/ukgwa/20160107144900/https://www.nationalarchives.gov.uk/doc/open-government-licence/version/3/,© Crown copyright,research|analysis,,,5/16/2024 1:19pm,,report,POCO,,,,,POCO_POGO|POCO_POGO_GB|POCO_POGO_GB_V1,en,United Kingdom (GB),,DWP Reports
https://webarchive.nationalarchives.gov.uk/ukgwa/20091222172300mp_/http:/research.dwp.gov.uk/asd/asd5/rrep046.pdf,department-for-work-and-pensions-gb,department-for-work-and-pensions-gb:national-archives, Social Assistance in OECD countries Volume I: Synthesis Report  ,RR46,1996,,https://webarchive.nationalarchives.gov.uk/ukgwa/20091222172300mp_/http:/research.dwp.gov.uk/asd/asd5/rrep046.pdf,,,Department for Work and Pensions,England,The National Archives,Contains public sector information licensed under the Open Government Licence v3.0.,https://webarchive.nationalarchives.gov.uk/ukgwa/20160107144900/https://www.nationalarchives.gov.uk/doc/open-government-licence/version/3/,© Crown copyright,research|analysis,,,5/16/2024 1:19pm,,report,POCO,,,,,POCO_POGO|POCO_POGO_GB|POCO_POGO_GB_V1,en,United Kingdom (GB),,DWP Reports
https://webarchive.nationalarchives.gov.uk/ukgwa/20091222172300mp_/http:/research.dwp.gov.uk/asd/asd5/rrep045.pdf,department-for-work-and-pensions-gb,department-for-work-and-pensions-gb:national-archives, Changing Lives and the Role of Income Support  ,RR45,1996,,https://webarchive.nationalarchives.gov.uk/ukgwa/20091222172300mp_/http:/research.dwp.gov.uk/asd/asd5/rrep045.pdf,,,Department for Work and Pensions,England,The National Archives,Contains public sector information licensed under the Open Government Licence v3.0.,https://webarchive.nationalarchives.gov.uk/ukgwa/20160107144900/https://www.nationalarchives.gov.uk/doc/open-government-licence/version/3/,© Crown copyright,research|analysis,,,5/16/2024 1:19pm,,report,POCO,,,,,POCO_POGO|POCO_POGO_GB|POCO_POGO_GB_V1,en,United Kingdom (GB),,DWP Reports
https://webarchive.nationalarchives.gov.uk/ukgwa/20091222172300mp_/http:/research.dwp.gov.uk/asd/asd5/rrep044.pdf,department-for-work-and-pensions-gb,department-for-work-and-pensions-gb:national-archives, Resettlement Agency Customer Satisfaction Survey 1994  ,RR44,1996,,https://webarchive.nationalarchives.gov.uk/ukgwa/20091222172300mp_/http:/research.dwp.gov.uk/asd/asd5/rrep044.pdf,,,Department for Work and Pensions,England,The National Archives,Contains public sector information licensed under the Open Government Licence v3.0.,https://webarchive.nationalarchives.gov.uk/ukgwa/20160107144900/https://www.nationalarchives.gov.uk/doc/open-government-licence/version/3/,© Crown copyright,research|analysis,,,5/16/2024 1:19pm,,report,POCO,,,,,POCO_POGO|POCO_POGO_GB|POCO_POGO_GB_V1,en,United Kingdom (GB),,DWP Reports
https://webarchive.nationalarchives.gov.uk/ukgwa/20091222172300mp_/http:/research.dwp.gov.uk/asd/asd5/rrep043.pdf,department-for-work-and-pensions-gb,department-for-work-and-pensions-gb:national-archives, Paying for Rented Housing  ,RR43,1996,,https://webarchive.nationalarchives.gov.uk/ukgwa/20091222172300mp_/http:/research.dwp.gov.uk/asd/asd5/rrep043.pdf,,,Department for Work and Pensions,England,The National Archives,Contains public sector information licensed under the Open Government Licence v3.0.,https://webarchive.nationalarchives.gov.uk/ukgwa/20160107144900/https://www.nationalarchives.gov.uk/doc/open-government-licence/version/3/,© Crown copyright,research|analysis,,,5/16/2024 1:19pm,,report,POCO,,,,,POCO_POGO|POCO_POGO_GB|POCO_POGO_GB_V1,en,United Kingdom (GB),,DWP Reports
https://webarchive.nationalarchives.gov.uk/ukgwa/20091222172300mp_/http:/research.dwp.gov.uk/asd/asd5/rrep042.pdf,department-for-work-and-pensions-gb,department-for-work-and-pensions-gb:national-archives, War Pensions Agency Customer Satisfaction Survey 1994    ,RR42,1995,,https://webarchive.nationalarchives.gov.uk/ukgwa/20091222172300mp_/http:/research.dwp.gov.uk/asd/asd5/rrep042.pdf,,,Department for Work and Pensions,England,The National Archives,Contains public sector information licensed under the Open Government Licence v3.0.,https://webarchive.nationalarchives.gov.uk/ukgwa/20160107144900/https://www.nationalarchives.gov.uk/doc/open-government-licence/version/3/,© Crown copyright,research|analysis,,,5/16/2024 1:19pm,,report,POCO,,,,,POCO_POGO|POCO_POGO_GB|POCO_POGO_GB_V1,en,United Kingdom (GB),,DWP Reports
https://webarchive.nationalarchives.gov.uk/ukgwa/20091222172300mp_/http:/research.dwp.gov.uk/asd/asd5/rrep041.pdf,department-for-work-and-pensions-gb,department-for-work-and-pensions-gb:national-archives, Evaluation of Disability Living Allowance and Attendance Allowance    ,RR41,1995,,https://webarchive.nationalarchives.gov.uk/ukgwa/20091222172300mp_/http:/research.dwp.gov.uk/asd/asd5/rrep041.pdf,,,Department for Work and Pensions,England,The National Archives,Contains public sector information licensed under the Open Government Licence v3.0.,https://webarchive.nationalarchives.gov.uk/ukgwa/20160107144900/https://www.nationalarchives.gov.uk/doc/open-government-licence/version/3/,© Crown copyright,research|analysis,,,5/16/2024 1:19pm,,report,POCO,,,,,POCO_POGO|POCO_POGO_GB|POCO_POGO_GB_V1,en,United Kingdom (GB),,DWP Reports
https://webarchive.nationalarchives.gov.uk/ukgwa/20091222172300mp_/http:/research.dwp.gov.uk/asd/asd5/rrep040.pdf,department-for-work-and-pensions-gb,department-for-work-and-pensions-gb:national-archives, Changes in Lone Parenthood    ,RR40,1995,,https://webarchive.nationalarchives.gov.uk/ukgwa/20091222172300mp_/http:/research.dwp.gov.uk/asd/asd5/rrep040.pdf,,,Department for Work and Pensions,England,The National Archives,Contains public sector information licensed under the Open Government Licence v3.0.,https://webarchive.nationalarchives.gov.uk/ukgwa/20160107144900/https://www.nationalarchives.gov.uk/doc/open-government-licence/version/3/,© Crown copyright,research|analysis,,,5/16/2024 1:19pm,,report,POCO,,,,,POCO_POGO|POCO_POGO_GB|POCO_POGO_GB_V1,en,United Kingdom (GB),,DWP Reports
https://webarchive.nationalarchives.gov.uk/ukgwa/20091222172300mp_/http:/research.dwp.gov.uk/asd/asd5/rrep039.pdf,department-for-work-and-pensions-gb,department-for-work-and-pensions-gb:national-archives, Child Support Agency National Client Satisfaction Survey 1994    ,RR39,1995,,https://webarchive.nationalarchives.gov.uk/ukgwa/20091222172300mp_/http:/research.dwp.gov.uk/asd/asd5/rrep039.pdf,,,Department for Work and Pensions,England,The National Archives,Contains public sector information licensed under the Open Government Licence v3.0.,https://webarchive.nationalarchives.gov.uk/ukgwa/20160107144900/https://www.nationalarchives.gov.uk/doc/open-government-licence/version/3/,© Crown copyright,research|analysis,,,5/16/2024 1:19pm,,report,POCO,,,,,POCO_POGO|POCO_POGO_GB|POCO_POGO_GB_V1,en,United Kingdom (GB),,DWP Reports
https://webarchive.nationalarchives.gov.uk/ukgwa/20091222172300mp_/http:/research.dwp.gov.uk/asd/asd5/rrep038.pdf,department-for-work-and-pensions-gb,department-for-work-and-pensions-gb:national-archives, Managing Money in Later Life    ,RR38,1995,,https://webarchive.nationalarchives.gov.uk/ukgwa/20091222172300mp_/http:/research.dwp.gov.uk/asd/asd5/rrep038.pdf,,,Department for Work and Pensions,England,The National Archives,Contains public sector information licensed under the Open Government Licence v3.0.,https://webarchive.nationalarchives.gov.uk/ukgwa/20160107144900/https://www.nationalarchives.gov.uk/doc/open-government-licence/version/3/,© Crown copyright,research|analysis,,,5/16/2024 1:19pm,,report,POCO,,,,,POCO_POGO|POCO_POGO_GB|POCO_POGO_GB_V1,en,United Kingdom (GB),,DWP Reports
https://webarchive.nationalarchives.gov.uk/ukgwa/20091222172300mp_/http:/research.dwp.gov.uk/asd/asd5/rrep037.pdf,department-for-work-and-pensions-gb,department-for-work-and-pensions-gb:national-archives, Contributions Agency Customer Satisfaction Survey 1994    ,RR37,1995,,https://webarchive.nationalarchives.gov.uk/ukgwa/20091222172300mp_/http:/research.dwp.gov.uk/asd/asd5/rrep037.pdf,,,Department for Work and Pensions,England,The National Archives,Contains public sector information licensed under the Open Government Licence v3.0.,https://webarchive.nationalarchives.gov.uk/ukgwa/20160107144900/https://www.nationalarchives.gov.uk/doc/open-government-licence/version/3/,© Crown copyright,research|analysis,,,5/16/2024 1:19pm,,report,POCO,,,,,POCO_POGO|POCO_POGO_GB|POCO_POGO_GB_V1,en,United Kingdom (GB),,DWP Reports
https://webarchive.nationalarchives.gov.uk/ukgwa/20091222172300mp_/http:/research.dwp.gov.uk/asd/asd5/rrep036.pdf,department-for-work-and-pensions-gb,department-for-work-and-pensions-gb:national-archives, First Time Customers    ,RR36,1995,,https://webarchive.nationalarchives.gov.uk/ukgwa/20091222172300mp_/http:/research.dwp.gov.uk/asd/asd5/rrep036.pdf,,,Department for Work and Pensions,England,The National Archives,Contains public sector information licensed under the Open Government Licence v3.0.,https://webarchive.nationalarchives.gov.uk/ukgwa/20160107144900/https://www.nationalarchives.gov.uk/doc/open-government-licence/version/3/,© Crown copyright,research|analysis,,,5/16/2024 1:19pm,,report,POCO,,,,,POCO_POGO|POCO_POGO_GB|POCO_POGO_GB_V1,en,United Kingdom (GB),,DWP Reports
https://webarchive.nationalarchives.gov.uk/ukgwa/20091222172300mp_/http:/research.dwp.gov.uk/asd/asd5/rrep035.pdf,department-for-work-and-pensions-gb,department-for-work-and-pensions-gb:national-archives, Choosing Advice on Benefits    ,RR35,1995,,https://webarchive.nationalarchives.gov.uk/ukgwa/20091222172300mp_/http:/research.dwp.gov.uk/asd/asd5/rrep035.pdf,,,Department for Work and Pensions,England,The National Archives,Contains public sector information licensed under the Open Government Licence v3.0.,https://webarchive.nationalarchives.gov.uk/ukgwa/20160107144900/https://www.nationalarchives.gov.uk/doc/open-government-licence/version/3/,© Crown copyright,research|analysis,,,5/16/2024 1:19pm,,report,POCO,,,,,POCO_POGO|POCO_POGO_GB|POCO_POGO_GB_V1,en,United Kingdom (GB),,DWP Reports
https://webarchive.nationalarchives.gov.uk/ukgwa/20091222172300mp_/http:/research.dwp.gov.uk/asd/asd5/rrep034.pdf,department-for-work-and-pensions-gb,department-for-work-and-pensions-gb:national-archives, Incomes and Living Standards of Older People    ,RR34,1995,,https://webarchive.nationalarchives.gov.uk/ukgwa/20091222172300mp_/http:/research.dwp.gov.uk/asd/asd5/rrep034.pdf,,,Department for Work and Pensions,England,The National Archives,Contains public sector information licensed under the Open Government Licence v3.0.,https://webarchive.nationalarchives.gov.uk/ukgwa/20160107144900/https://www.nationalarchives.gov.uk/doc/open-government-licence/version/3/,© Crown copyright,research|analysis,,,5/16/2024 1:19pm,,report,POCO,,,,,POCO_POGO|POCO_POGO_GB|POCO_POGO_GB_V1,en,United Kingdom (GB),,DWP Reports
https://webarchive.nationalarchives.gov.uk/ukgwa/20091222172300mp_/http:/research.dwp.gov.uk/asd/asd5/rrep033.pdf,department-for-work-and-pensions-gb,department-for-work-and-pensions-gb:national-archives, Direct Payments from Income Support    ,RR33,1995,,https://webarchive.nationalarchives.gov.uk/ukgwa/20091222172300mp_/http:/research.dwp.gov.uk/asd/asd5/rrep033.pdf,,,Department for Work and Pensions,England,The National Archives,Contains public sector information licensed under the Open Government Licence v3.0.,https://webarchive.nationalarchives.gov.uk/ukgwa/20160107144900/https://www.nationalarchives.gov.uk/doc/open-government-licence/version/3/,© Crown copyright,research|analysis,,,5/16/2024 1:19pm,,report,POCO,,,,,POCO_POGO|POCO_POGO_GB|POCO_POGO_GB_V1,en,United Kingdom (GB),,DWP Reports
https://webarchive.nationalarchives.gov.uk/ukgwa/20091222172300mp_/http:/research.dwp.gov.uk/asd/asd5/rrep032.pdf,department-for-work-and-pensions-gb,department-for-work-and-pensions-gb:national-archives, Employers and Family Credit    ,RR32,1995,,https://webarchive.nationalarchives.gov.uk/ukgwa/20091222172300mp_/http:/research.dwp.gov.uk/asd/asd5/rrep032.pdf,,,Department for Work and Pensions,England,The National Archives,Contains public sector information licensed under the Open Government Licence v3.0.,https://webarchive.nationalarchives.gov.uk/ukgwa/20160107144900/https://www.nationalarchives.gov.uk/doc/open-government-licence/version/3/,© Crown copyright,research|analysis,,,5/16/2024 1:19pm,,report,POCO,,,,,POCO_POGO|POCO_POGO_GB|POCO_POGO_GB_V1,en,United Kingdom (GB),,DWP Reports
https://webarchive.nationalarchives.gov.uk/ukgwa/20091222172300mp_/http:/research.dwp.gov.uk/asd/asd5/rrep031.pdf,department-for-work-and-pensions-gb,department-for-work-and-pensions-gb:national-archives, Educating Employers  ,RR31,1994,,https://webarchive.nationalarchives.gov.uk/ukgwa/20091222172300mp_/http:/research.dwp.gov.uk/asd/asd5/rrep031.pdf,,,Department for Work and Pensions,England,The National Archives,Contains public sector information licensed under the Open Government Licence v3.0.,https://webarchive.nationalarchives.gov.uk/ukgwa/20160107144900/https://www.nationalarchives.gov.uk/doc/open-government-licence/version/3/,© Crown copyright,research|analysis,,,5/16/2024 1:19pm,,report,POCO,,,,,POCO_POGO|POCO_POGO_GB|POCO_POGO_GB_V1,en,United Kingdom (GB),,DWP Reports
https://webarchive.nationalarchives.gov.uk/ukgwa/20091222172300mp_/http:/research.dwp.gov.uk/asd/asd5/rrep030.pdf,department-for-work-and-pensions-gb,department-for-work-and-pensions-gb:national-archives, Lone Mothers  ,RR30,1994,,https://webarchive.nationalarchives.gov.uk/ukgwa/20091222172300mp_/http:/research.dwp.gov.uk/asd/asd5/rrep030.pdf,,,Department for Work and Pensions,England,The National Archives,Contains public sector information licensed under the Open Government Licence v3.0.,https://webarchive.nationalarchives.gov.uk/ukgwa/20160107144900/https://www.nationalarchives.gov.uk/doc/open-government-licence/version/3/,© Crown copyright,research|analysis,,,5/16/2024 1:19pm,,report,POCO,,,,,POCO_POGO|POCO_POGO_GB|POCO_POGO_GB_V1,en,United Kingdom (GB),,DWP Reports
https://webarchive.nationalarchives.gov.uk/ukgwa/20091222172300mp_/http:/research.dwp.gov.uk/asd/asd5/rrep029.pdf,department-for-work-and-pensions-gb,department-for-work-and-pensions-gb:national-archives, Child Support Agency National Client Satisfaction Survey 1993  ,RR29,1994,,https://webarchive.nationalarchives.gov.uk/ukgwa/20091222172300mp_/http:/research.dwp.gov.uk/asd/asd5/rrep029.pdf,,,Department for Work and Pensions,England,The National Archives,Contains public sector information licensed under the Open Government Licence v3.0.,https://webarchive.nationalarchives.gov.uk/ukgwa/20160107144900/https://www.nationalarchives.gov.uk/doc/open-government-licence/version/3/,© Crown copyright,research|analysis,,,5/16/2024 1:19pm,,report,POCO,,,,,POCO_POGO|POCO_POGO_GB|POCO_POGO_GB_V1,en,United Kingdom (GB),,DWP Reports
https://webarchive.nationalarchives.gov.uk/ukgwa/20091222172300mp_/http:/research.dwp.gov.uk/asd/asd5/rrep028.pdf,department-for-work-and-pensions-gb,department-for-work-and-pensions-gb:national-archives, Contributions Agency Customer Satisfaction 1993  ,RR28,1994,,https://webarchive.nationalarchives.gov.uk/ukgwa/20091222172300mp_/http:/research.dwp.gov.uk/asd/asd5/rrep028.pdf,,,Department for Work and Pensions,England,The National Archives,Contains public sector information licensed under the Open Government Licence v3.0.,https://webarchive.nationalarchives.gov.uk/ukgwa/20160107144900/https://www.nationalarchives.gov.uk/doc/open-government-licence/version/3/,© Crown copyright,research|analysis,,,5/16/2024 1:19pm,,report,POCO,,,,,POCO_POGO|POCO_POGO_GB|POCO_POGO_GB_V1,en,United Kingdom (GB),,DWP Reports
https://webarchive.nationalarchives.gov.uk/ukgwa/20091222172300mp_/http:/research.dwp.gov.uk/asd/asd5/rrep027.pdf,department-for-work-and-pensions-gb,department-for-work-and-pensions-gb:national-archives, Making a Claim for Disability Benefits  ,RR27,1994,,https://webarchive.nationalarchives.gov.uk/ukgwa/20091222172300mp_/http:/research.dwp.gov.uk/asd/asd5/rrep027.pdf,,,Department for Work and Pensions,England,The National Archives,Contains public sector information licensed under the Open Government Licence v3.0.,https://webarchive.nationalarchives.gov.uk/ukgwa/20160107144900/https://www.nationalarchives.gov.uk/doc/open-government-licence/version/3/,© Crown copyright,research|analysis,,,5/16/2024 1:19pm,,report,POCO,,,,,POCO_POGO|POCO_POGO_GB|POCO_POGO_GB_V1,en,United Kingdom (GB),,DWP Reports
https://webarchive.nationalarchives.gov.uk/ukgwa/20091222172300mp_/http:/research.dwp.gov.uk/asd/asd5/rrep026.pdf,department-for-work-and-pensions-gb,department-for-work-and-pensions-gb:national-archives, The Effects of Benefit on Housing Decisions  ,RR26,1994,,https://webarchive.nationalarchives.gov.uk/ukgwa/20091222172300mp_/http:/research.dwp.gov.uk/asd/asd5/rrep026.pdf,,,Department for Work and Pensions,England,The National Archives,Contains public sector information licensed under the Open Government Licence v3.0.,https://webarchive.nationalarchives.gov.uk/ukgwa/20160107144900/https://www.nationalarchives.gov.uk/doc/open-government-licence/version/3/,© Crown copyright,research|analysis,,,5/16/2024 1:19pm,,report,POCO,,,,,POCO_POGO|POCO_POGO_GB|POCO_POGO_GB_V1,en,United Kingdom (GB),,DWP Reports
https://webarchive.nationalarchives.gov.uk/ukgwa/20091222172300mp_/http:/research.dwp.gov.uk/asd/asd5/rrep025.pdf,department-for-work-and-pensions-gb,department-for-work-and-pensions-gb:national-archives, Lone Parents and Work  ,RR25,1994,,https://webarchive.nationalarchives.gov.uk/ukgwa/20091222172300mp_/http:/research.dwp.gov.uk/asd/asd5/rrep025.pdf,,,Department for Work and Pensions,England,The National Archives,Contains public sector information licensed under the Open Government Licence v3.0.,https://webarchive.nationalarchives.gov.uk/ukgwa/20160107144900/https://www.nationalarchives.gov.uk/doc/open-government-licence/version/3/,© Crown copyright,research|analysis,,,5/16/2024 1:19pm,,report,POCO,,,,,POCO_POGO|POCO_POGO_GB|POCO_POGO_GB_V1,en,United Kingdom (GB),,DWP Reports
https://webarchive.nationalarchives.gov.uk/ukgwa/20091222172300mp_/http:/research.dwp.gov.uk/asd/asd5/rrep024.pdf,department-for-work-and-pensions-gb,department-for-work-and-pensions-gb:national-archives, Statutory Sick Pay  ,RR24,1994,,https://webarchive.nationalarchives.gov.uk/ukgwa/20091222172300mp_/http:/research.dwp.gov.uk/asd/asd5/rrep024.pdf,,,Department for Work and Pensions,England,The National Archives,Contains public sector information licensed under the Open Government Licence v3.0.,https://webarchive.nationalarchives.gov.uk/ukgwa/20160107144900/https://www.nationalarchives.gov.uk/doc/open-government-licence/version/3/,© Crown copyright,research|analysis,,,5/16/2024 1:19pm,,report,POCO,,,,,POCO_POGO|POCO_POGO_GB|POCO_POGO_GB_V1,en,United Kingdom (GB),,DWP Reports
https://webarchive.nationalarchives.gov.uk/ukgwa/20091222172300mp_/http:/research.dwp.gov.uk/asd/asd5/rrep023.pdf,department-for-work-and-pensions-gb,department-for-work-and-pensions-gb:national-archives, Crossing National Frontiers  ,RR23,1993,,https://webarchive.nationalarchives.gov.uk/ukgwa/20091222172300mp_/http:/research.dwp.gov.uk/asd/asd5/rrep023.pdf,,,Department for Work and Pensions,England,The National Archives,Contains public sector information licensed under the Open Government Licence v3.0.,https://webarchive.nationalarchives.gov.uk/ukgwa/20160107144900/https://www.nationalarchives.gov.uk/doc/open-government-licence/version/3/,© Crown copyright,research|analysis,,,5/16/2024 1:19pm,,report,POCO,,,,,POCO_POGO|POCO_POGO_GB|POCO_POGO_GB_V1,en,United Kingdom (GB),,DWP Reports
https://webarchive.nationalarchives.gov.uk/ukgwa/20091222172300mp_/http:/research.dwp.gov.uk/asd/asd5/rrep022.pdf,department-for-work-and-pensions-gb,department-for-work-and-pensions-gb:national-archives, Pension Choices  ,RR22,1993,,https://webarchive.nationalarchives.gov.uk/ukgwa/20091222172300mp_/http:/research.dwp.gov.uk/asd/asd5/rrep022.pdf,,,Department for Work and Pensions,England,The National Archives,Contains public sector information licensed under the Open Government Licence v3.0.,https://webarchive.nationalarchives.gov.uk/ukgwa/20160107144900/https://www.nationalarchives.gov.uk/doc/open-government-licence/version/3/,© Crown copyright,research|analysis,,,5/16/2024 1:19pm,,report,POCO,,,,,POCO_POGO|POCO_POGO_GB|POCO_POGO_GB_V1,en,United Kingdom (GB),,DWP Reports
https://webarchive.nationalarchives.gov.uk/ukgwa/20091222172300mp_/http:/research.dwp.gov.uk/asd/asd5/rrep021.pdf,department-for-work-and-pensions-gb,department-for-work-and-pensions-gb:national-archives, Support for Children  ,RR21,1993,,https://webarchive.nationalarchives.gov.uk/ukgwa/20091222172300mp_/http:/research.dwp.gov.uk/asd/asd5/rrep021.pdf,,,Department for Work and Pensions,England,The National Archives,Contains public sector information licensed under the Open Government Licence v3.0.,https://webarchive.nationalarchives.gov.uk/ukgwa/20160107144900/https://www.nationalarchives.gov.uk/doc/open-government-licence/version/3/,© Crown copyright,research|analysis,,,5/16/2024 1:19pm,,report,POCO,,,,,POCO_POGO|POCO_POGO_GB|POCO_POGO_GB_V1,en,United Kingdom (GB),,DWP Reports
https://webarchive.nationalarchives.gov.uk/ukgwa/20091222172300mp_/http:/research.dwp.gov.uk/asd/asd5/rrep020.pdf,department-for-work-and-pensions-gb,department-for-work-and-pensions-gb:national-archives, Invalidity Benefit – A longitudinal survey of new recipients  ,RR20,1993,,https://webarchive.nationalarchives.gov.uk/ukgwa/20091222172300mp_/http:/research.dwp.gov.uk/asd/asd5/rrep020.pdf,,,Department for Work and Pensions,England,The National Archives,Contains public sector information licensed under the Open Government Licence v3.0.,https://webarchive.nationalarchives.gov.uk/ukgwa/20160107144900/https://www.nationalarchives.gov.uk/doc/open-government-licence/version/3/,© Crown copyright,research|analysis,,,5/16/2024 1:19pm,,report,POCO,,,,,POCO_POGO|POCO_POGO_GB|POCO_POGO_GB_V1,en,United Kingdom (GB),,DWP Reports
https://webarchive.nationalarchives.gov.uk/ukgwa/20091222172300mp_/http:/research.dwp.gov.uk/asd/asd5/rrep019.pdf,department-for-work-and-pensions-gb,department-for-work-and-pensions-gb:national-archives, Invalidity Benefit – A survey of recipients  ,RR19,1993,,https://webarchive.nationalarchives.gov.uk/ukgwa/20091222172300mp_/http:/research.dwp.gov.uk/asd/asd5/rrep019.pdf,,,Department for Work and Pensions,England,The National Archives,Contains public sector information licensed under the Open Government Licence v3.0.,https://webarchive.nationalarchives.gov.uk/ukgwa/20160107144900/https://www.nationalarchives.gov.uk/doc/open-government-licence/version/3/,© Crown copyright,research|analysis,,,5/16/2024 1:19pm,,report,POCO,,,,,POCO_POGO|POCO_POGO_GB|POCO_POGO_GB_V1,en,United Kingdom (GB),,DWP Reports
https://webarchive.nationalarchives.gov.uk/ukgwa/20091222172300mp_/http:/research.dwp.gov.uk/asd/asd5/rrep018.pdf,department-for-work-and-pensions-gb,department-for-work-and-pensions-gb:national-archives, GPs and IVB  ,RR18,1993,,https://webarchive.nationalarchives.gov.uk/ukgwa/20091222172300mp_/http:/research.dwp.gov.uk/asd/asd5/rrep018.pdf,,,Department for Work and Pensions,England,The National Archives,Contains public sector information licensed under the Open Government Licence v3.0.,https://webarchive.nationalarchives.gov.uk/ukgwa/20160107144900/https://www.nationalarchives.gov.uk/doc/open-government-licence/version/3/,© Crown copyright,research|analysis,,,5/16/2024 1:19pm,,report,POCO,,,,,POCO_POGO|POCO_POGO_GB|POCO_POGO_GB_V1,en,United Kingdom (GB),,DWP Reports
https://webarchive.nationalarchives.gov.uk/ukgwa/20091222172300mp_/http:/research.dwp.gov.uk/asd/asd5/rrep017.pdf,department-for-work-and-pensions-gb,department-for-work-and-pensions-gb:national-archives, Employers' Choice of Pension Schemes  ,RR17,1993,,https://webarchive.nationalarchives.gov.uk/ukgwa/20091222172300mp_/http:/research.dwp.gov.uk/asd/asd5/rrep017.pdf,,,Department for Work and Pensions,England,The National Archives,Contains public sector information licensed under the Open Government Licence v3.0.,https://webarchive.nationalarchives.gov.uk/ukgwa/20160107144900/https://www.nationalarchives.gov.uk/doc/open-government-licence/version/3/,© Crown copyright,research|analysis,,,5/16/2024 1:19pm,,report,POCO,,,,,POCO_POGO|POCO_POGO_GB|POCO_POGO_GB_V1,en,United Kingdom (GB),,DWP Reports
https://webarchive.nationalarchives.gov.uk/ukgwa/20091222172300mp_/http:/research.dwp.gov.uk/asd/asd5/rrep016.pdf,department-for-work-and-pensions-gb,department-for-work-and-pensions-gb:national-archives, Contributions Agency Customer Satisfaction Survey 1992  ,RR16,1993,,https://webarchive.nationalarchives.gov.uk/ukgwa/20091222172300mp_/http:/research.dwp.gov.uk/asd/asd5/rrep016.pdf,,,Department for Work and Pensions,England,The National Archives,Contains public sector information licensed under the Open Government Licence v3.0.,https://webarchive.nationalarchives.gov.uk/ukgwa/20160107144900/https://www.nationalarchives.gov.uk/doc/open-government-licence/version/3/,© Crown copyright,research|analysis,,,5/16/2024 1:19pm,,report,POCO,,,,,POCO_POGO|POCO_POGO_GB|POCO_POGO_GB_V1,en,United Kingdom (GB),,DWP Reports
https://webarchive.nationalarchives.gov.uk/ukgwa/20091222172300mp_/http:/research.dwp.gov.uk/asd/asd5/rrep015.pdf,department-for-work-and-pensions-gb,department-for-work-and-pensions-gb:national-archives, Preparing for Council Tax Benefit: a Study of Local Authorities  ,RR15,1993,,https://webarchive.nationalarchives.gov.uk/ukgwa/20091222172300mp_/http:/research.dwp.gov.uk/asd/asd5/rrep015.pdf,,,Department for Work and Pensions,England,The National Archives,Contains public sector information licensed under the Open Government Licence v3.0.,https://webarchive.nationalarchives.gov.uk/ukgwa/20160107144900/https://www.nationalarchives.gov.uk/doc/open-government-licence/version/3/,© Crown copyright,research|analysis,,,5/16/2024 1:19pm,,report,POCO,,,,,POCO_POGO|POCO_POGO_GB|POCO_POGO_GB_V1,en,United Kingdom (GB),,DWP Reports
https://webarchive.nationalarchives.gov.uk/ukgwa/20091222172300mp_/http:/research.dwp.gov.uk/asd/asd5/rrep014.pdf,department-for-work-and-pensions-gb,department-for-work-and-pensions-gb:national-archives, Child Support Unit National Client Survey 1992  ,RR14,1993,,https://webarchive.nationalarchives.gov.uk/ukgwa/20091222172300mp_/http:/research.dwp.gov.uk/asd/asd5/rrep014.pdf,,,Department for Work and Pensions,England,The National Archives,Contains public sector information licensed under the Open Government Licence v3.0.,https://webarchive.nationalarchives.gov.uk/ukgwa/20160107144900/https://www.nationalarchives.gov.uk/doc/open-government-licence/version/3/,© Crown copyright,research|analysis,,,5/16/2024 1:19pm,,report,POCO,,,,,POCO_POGO|POCO_POGO_GB|POCO_POGO_GB_V1,en,United Kingdom (GB),,DWP Reports
https://webarchive.nationalarchives.gov.uk/ukgwa/20091222172300mp_/http:/research.dwp.gov.uk/asd/asd5/rrep013.pdf,department-for-work-and-pensions-gb,department-for-work-and-pensions-gb:national-archives, Researching the Disability Working Allowance Self Assessment Form  ,RR13,1993,,https://webarchive.nationalarchives.gov.uk/ukgwa/20091222172300mp_/http:/research.dwp.gov.uk/asd/asd5/rrep013.pdf,,,Department for Work and Pensions,England,The National Archives,Contains public sector information licensed under the Open Government Licence v3.0.,https://webarchive.nationalarchives.gov.uk/ukgwa/20160107144900/https://www.nationalarchives.gov.uk/doc/open-government-licence/version/3/,© Crown copyright,research|analysis,,,5/16/2024 1:19pm,,report,POCO,,,,,POCO_POGO|POCO_POGO_GB|POCO_POGO_GB_V1,en,United Kingdom (GB),,DWP Reports
https://webarchive.nationalarchives.gov.uk/ukgwa/20091222172300mp_/http:/research.dwp.gov.uk/asd/asd5/rrep012.pdf,department-for-work-and-pensions-gb,department-for-work-and-pensions-gb:national-archives, Survey of Admissions to London Resettlement Units ,RR12,1992,,https://webarchive.nationalarchives.gov.uk/ukgwa/20091222172300mp_/http:/research.dwp.gov.uk/asd/asd5/rrep012.pdf,,,Department for Work and Pensions,England,The National Archives,Contains public sector information licensed under the Open Government Licence v3.0.,https://webarchive.nationalarchives.gov.uk/ukgwa/20160107144900/https://www.nationalarchives.gov.uk/doc/open-government-licence/version/3/,© Crown copyright,research|analysis,,,5/16/2024 1:19pm,,report,POCO,,,,,POCO_POGO|POCO_POGO_GB|POCO_POGO_GB_V1,en,United Kingdom (GB),,DWP Reports
https://webarchive.nationalarchives.gov.uk/ukgwa/20091222172300mp_/http:/research.dwp.gov.uk/asd/asd5/rrep011.pdf,department-for-work-and-pensions-gb,department-for-work-and-pensions-gb:national-archives, Customer Perceptions of Ressetlement Units ,RR11,1992,,https://webarchive.nationalarchives.gov.uk/ukgwa/20091222172300mp_/http:/research.dwp.gov.uk/asd/asd5/rrep011.pdf,,,Department for Work and Pensions,England,The National Archives,Contains public sector information licensed under the Open Government Licence v3.0.,https://webarchive.nationalarchives.gov.uk/ukgwa/20160107144900/https://www.nationalarchives.gov.uk/doc/open-government-licence/version/3/,© Crown copyright,research|analysis,,,5/16/2024 1:19pm,,report,POCO,,,,,POCO_POGO|POCO_POGO_GB|POCO_POGO_GB_V1,en,United Kingdom (GB),,DWP Reports
https://webarchive.nationalarchives.gov.uk/ukgwa/20091222172300mp_/http:/research.dwp.gov.uk/asd/asd5/rrep010.pdf,department-for-work-and-pensions-gb,department-for-work-and-pensions-gb:national-archives, The Benefits Agency National Customer Survey 1991 ,RR10,1992,,https://webarchive.nationalarchives.gov.uk/ukgwa/20091222172300mp_/http:/research.dwp.gov.uk/asd/asd5/rrep010.pdf,,,Department for Work and Pensions,England,The National Archives,Contains public sector information licensed under the Open Government Licence v3.0.,https://webarchive.nationalarchives.gov.uk/ukgwa/20160107144900/https://www.nationalarchives.gov.uk/doc/open-government-licence/version/3/,© Crown copyright,research|analysis,,,5/16/2024 1:19pm,,report,POCO,,,,,POCO_POGO|POCO_POGO_GB|POCO_POGO_GB_V1,en,United Kingdom (GB),,DWP Reports
https://webarchive.nationalarchives.gov.uk/ukgwa/20091222172300mp_/http:/research.dwp.gov.uk/asd/asd5/rrep009.pdf,department-for-work-and-pensions-gb,department-for-work-and-pensions-gb:national-archives, Evaluating the Social Fund  ,RR9,1992,,https://webarchive.nationalarchives.gov.uk/ukgwa/20091222172300mp_/http:/research.dwp.gov.uk/asd/asd5/rrep009.pdf,,,Department for Work and Pensions,England,The National Archives,Contains public sector information licensed under the Open Government Licence v3.0.,https://webarchive.nationalarchives.gov.uk/ukgwa/20160107144900/https://www.nationalarchives.gov.uk/doc/open-government-licence/version/3/,© Crown copyright,research|analysis,,,5/16/2024 1:19pm,,report,POCO,,,,,POCO_POGO|POCO_POGO_GB|POCO_POGO_GB_V1,en,United Kingdom (GB),,DWP Reports
https://webarchive.nationalarchives.gov.uk/ukgwa/20091222172300mp_/http:/research.dwp.gov.uk/asd/asd5/rrep008.pdf,department-for-work-and-pensions-gb,department-for-work-and-pensions-gb:national-archives, Working the Social Fund ,RR8,1992,,https://webarchive.nationalarchives.gov.uk/ukgwa/20091222172300mp_/http:/research.dwp.gov.uk/asd/asd5/rrep008.pdf,,,Department for Work and Pensions,England,The National Archives,Contains public sector information licensed under the Open Government Licence v3.0.,https://webarchive.nationalarchives.gov.uk/ukgwa/20160107144900/https://www.nationalarchives.gov.uk/doc/open-government-licence/version/3/,© Crown copyright,research|analysis,,,5/16/2024 1:19pm,,report,POCO,,,,,POCO_POGO|POCO_POGO_GB|POCO_POGO_GB_V1,en,United Kingdom (GB),,DWP Reports
https://webarchive.nationalarchives.gov.uk/ukgwa/20091222172300mp_/http:/research.dwp.gov.uk/asd/asd5/rrep007.pdf,department-for-work-and-pensions-gb,department-for-work-and-pensions-gb:national-archives, Incomes in and out of Work ,RR7,1992,,https://webarchive.nationalarchives.gov.uk/ukgwa/20091222172300mp_/http:/research.dwp.gov.uk/asd/asd5/rrep007.pdf,,,Department for Work and Pensions,England,The National Archives,Contains public sector information licensed under the Open Government Licence v3.0.,https://webarchive.nationalarchives.gov.uk/ukgwa/20160107144900/https://www.nationalarchives.gov.uk/doc/open-government-licence/version/3/,© Crown copyright,research|analysis,,,5/16/2024 1:19pm,,report,POCO,,,,,POCO_POGO|POCO_POGO_GB|POCO_POGO_GB_V1,en,United Kingdom (GB),,DWP Reports
https://webarchive.nationalarchives.gov.uk/ukgwa/20091222172300mp_/http:/research.dwp.gov.uk/asd/asd5/rrep006.pdf,department-for-work-and-pensions-gb,department-for-work-and-pensions-gb:national-archives, Lone Parent Families in the UK  ,RR6,1991,,https://webarchive.nationalarchives.gov.uk/ukgwa/20091222172300mp_/http:/research.dwp.gov.uk/asd/asd5/rrep006.pdf,,,Department for Work and Pensions,England,The National Archives,Contains public sector information licensed under the Open Government Licence v3.0.,https://webarchive.nationalarchives.gov.uk/ukgwa/20160107144900/https://www.nationalarchives.gov.uk/doc/open-government-licence/version/3/,© Crown copyright,research|analysis,,,5/16/2024 1:19pm,,report,POCO,,,,,POCO_POGO|POCO_POGO_GB|POCO_POGO_GB_V1,en,United Kingdom (GB),,DWP Reports
https://webarchive.nationalarchives.gov.uk/ukgwa/20091222172300mp_/http:/research.dwp.gov.uk/asd/asd5/rrep005.pdf,department-for-work-and-pensions-gb,department-for-work-and-pensions-gb:national-archives, The Attendance Allowance Medical Examination ,RR5,1991,,https://webarchive.nationalarchives.gov.uk/ukgwa/20091222172300mp_/http:/research.dwp.gov.uk/asd/asd5/rrep005.pdf,,,Department for Work and Pensions,England,The National Archives,Contains public sector information licensed under the Open Government Licence v3.0.,https://webarchive.nationalarchives.gov.uk/ukgwa/20160107144900/https://www.nationalarchives.gov.uk/doc/open-government-licence/version/3/,© Crown copyright,research|analysis,,,5/16/2024 1:19pm,,report,POCO,,,,,POCO_POGO|POCO_POGO_GB|POCO_POGO_GB_V1,en,United Kingdom (GB),,DWP Reports
https://webarchive.nationalarchives.gov.uk/ukgwa/20091222172300mp_/http:/research.dwp.gov.uk/asd/asd5/rrep004.pdf,department-for-work-and-pensions-gb,department-for-work-and-pensions-gb:national-archives, Social Security and Community Care: The case of the Invalid Care Allowance  ,RR4,1991,,https://webarchive.nationalarchives.gov.uk/ukgwa/20091222172300mp_/http:/research.dwp.gov.uk/asd/asd5/rrep004.pdf,,,Department for Work and Pensions,England,The National Archives,Contains public sector information licensed under the Open Government Licence v3.0.,https://webarchive.nationalarchives.gov.uk/ukgwa/20160107144900/https://www.nationalarchives.gov.uk/doc/open-government-licence/version/3/,© Crown copyright,research|analysis,,,5/16/2024 1:19pm,,report,POCO,,,,,POCO_POGO|POCO_POGO_GB|POCO_POGO_GB_V1,en,United Kingdom (GB),,DWP Reports
https://webarchive.nationalarchives.gov.uk/ukgwa/20091222172300mp_/http:/research.dwp.gov.uk/asd/asd5/rrep003.pdf,department-for-work-and-pensions-gb,department-for-work-and-pensions-gb:national-archives, Housing Benefit Reviews  ,RR3,1991,,https://webarchive.nationalarchives.gov.uk/ukgwa/20091222172300mp_/http:/research.dwp.gov.uk/asd/asd5/rrep003.pdf,,,Department for Work and Pensions,England,The National Archives,Contains public sector information licensed under the Open Government Licence v3.0.,https://webarchive.nationalarchives.gov.uk/ukgwa/20160107144900/https://www.nationalarchives.gov.uk/doc/open-government-licence/version/3/,© Crown copyright,research|analysis,,,5/16/2024 1:19pm,,report,POCO,,,,,POCO_POGO|POCO_POGO_GB|POCO_POGO_GB_V1,en,United Kingdom (GB),,DWP Reports
https://webarchive.nationalarchives.gov.uk/ukgwa/20091222172300mp_/http:/research.dwp.gov.uk/asd/asd5/rrep002.pdf,department-for-work-and-pensions-gb,department-for-work-and-pensions-gb:national-archives," Disability, Household Income and Expenditure ",RR2,1990,,https://webarchive.nationalarchives.gov.uk/ukgwa/20091222172300mp_/http:/research.dwp.gov.uk/asd/asd5/rrep002.pdf,,,Department for Work and Pensions,England,The National Archives,Contains public sector information licensed under the Open Government Licence v3.0.,https://webarchive.nationalarchives.gov.uk/ukgwa/20160107144900/https://www.nationalarchives.gov.uk/doc/open-government-licence/version/3/,© Crown copyright,research|analysis,,,5/16/2024 1:19pm,,report,POCO,,,,,POCO_POGO|POCO_POGO_GB|POCO_POGO_GB_V1,en,United Kingdom (GB),,DWP Reports
https://webarchive.nationalarchives.gov.uk/ukgwa/20091222172300mp_/http:/research.dwp.gov.uk/asd/asd5/rrep001.pdf,department-for-work-and-pensions-gb,department-for-work-and-pensions-gb:national-archives,Thirty Families: Their living standards in unemployment  ,RR1,1990,,https://webarchive.nationalarchives.gov.uk/ukgwa/20091222172300mp_/http:/research.dwp.gov.uk/asd/asd5/rrep001.pdf,,,Department for Work and Pensions,England,The National Archives,Contains public sector information licensed under the Open Government Licence v3.0.,https://webarchive.nationalarchives.gov.uk/ukgwa/20160107144900/https://www.nationalarchives.gov.uk/doc/open-government-licence/version/3/,© Crown copyright,research|analysis,,,5/16/2024 1:19pm,,report,POCO,,,,,POCO_POGO|POCO_POGO_GB|POCO_POGO_GB_V1,en,United Kingdom (GB),,DWP Reports