artifact__title,artifact__summary,artifact__type,artifact__date_published,artifact__date_published_year,artifact__date_circa,artifact__uri,artifact__tags,artifact__people__author,artifact__people__editor,collection__uuid,file__url
Deadly Failures: Preventable Deaths in U.S. Immigration Detention,"Since January 1, 2017, Immigration and Customs Enforcement (ICE) has reported that 68 people have died in its custody. This number does not include detained people who ICE released immediately prior to their deaths, which ICE has admitted reduces the number of reported deaths, and allows the agency to avoid accountability requirements.[1] These deaths raise serious concern about continued, systemic problems with medical and mental health care provided in immigration detention facilities, and the absence of accountability or consequences faced by facilities where detained people have died. ICE currently detains, on average, approximately 38,000 people each day in a network of approximately 130 detention facilities nationwide. Congress, however, recently increased ICE’s budget to detain 41,500 people on a daily basis for FY 2024, at a cost of $3.4 billion.[2] This report, a joint project of the American Civil Liberties Union (ACLU), Physicians for Human Rights (PHR), and American Oversight, provides a comprehensive examination of the deaths of 52 people whom ICE reported to have died in its custody between January 1, 2017 and December 31, 2021. Our analysis is based on a review of over 14,500 pages of documents obtained from the Department of Homeland Security (DHS) and ICE through Freedom of Information Act (FOIA) requests; from local government agencies through state public record act requests; and from civil litigation. Report analysis also incorporates the review of ICE’s own investigatory reports into deaths in custody by independent medical experts, as well as interviews with two family members of people who died in ICE detention during the studied period. Deadly Failures exposes the ways in which the Department of Homeland Security’s (DHS) internal oversight mechanisms have failed to conduct rigorous investigations, impose meaningful consequences, or improve conditions that cause immigrants to die in ICE detention. Based on independent medical expert reviews of deaths, the report further examines the ways in which systemic failures in medical and mental health care in ICE detention have caused otherwise preventable deaths.",report,2024-06-25,,,https://phr.org/our-work/resources/deadly-failures-preventable-deaths-in-u-s-immigration-detention/,Asylum|United States,Tessa Wilson,,b693cdac-b16e-4685-8b4c-4f5e6d1d58d8,https://phr.org/wp-content/uploads/2024/06/REPORT-ICE-Deadly-Failures-ACLU-PHR-AO-2024.pdf
Unleashed Brutality: An Expert Medical Opinion on the Health Harms from California Police Attack Dogs,,other,2024-01-10,,,https://phr.org/our-work/resources/unleashed-brutality-expert-medical-opinion-california-police-attack-dogs/,Excessive Force|United States,"Altaf Saadi, MD|Michele Heisler, MD, MPA",,b693cdac-b16e-4685-8b4c-4f5e6d1d58d8,https://phr.org/wp-content/uploads/2024/01/PHR-Expert-Opinion-Police-Canine-Medical-Harms-January-2024.pdf
PHR to President Erdoğan: End Harassment of Turkish Physician Ayşe Uğurlu,,correspondence,2023-09-19,,,https://phr.org/our-work/resources/phr-to-president-erdogan-end-harassment-of-turkish-physician-ayse-ugurlu/,Persecution of Health Workers,,,b693cdac-b16e-4685-8b4c-4f5e6d1d58d8,https://phr.org/wp-content/uploads/2023/09/Letter_President-Ergodan_18-Sept-2023.pdf
Letter: 475 Medical Professionals Demand an End to Solitary Confinement in U.S. Immigration Detention ,,correspondence,2024-05-31,,,https://phr.org/our-work/resources/letter-medical-professionals-demand-an-end-to-solitary-confinement-in-u-s-immigration-detention/,Asylum|United States,,,b693cdac-b16e-4685-8b4c-4f5e6d1d58d8,https://phr.org/wp-content/uploads/2024/05/2024-PHR-Health-Professional-Letter-ICE-Solitary-Confinement.pdf
Coercion and Control: Ukraine’s Health Care System under Russian Occupation,"This case study expands on existing documentation of Russia’s widespread and systematic attacks on Ukraine’s health care system. It explores ways in which Russia has sought to systematically target health care as an apparent means of degrading resistance and, in Ukraine’s occupied territories, as a means of enforcing control over the civilian population, including by limiting and conditioning access to health care through a range of coercive practices. These practices include: (1) Russian forces misusing civilian health facilities for nonmedical purposes; (2) requiring forced changes of nationality as a precondition for gaining access to health care (otherwise known as “passportization”); and (3) threatening and harassing health care professionals as a way to further limit care and assert control over Ukraine’s health care system. Based on a joint dataset, the study details a range of reported incidents that collectively suggest an apparent pattern of illegal attacks on health by Russia that both limit and violate the right to health of Ukrainian civilians. These attacks are violations of both international humanitarian law (IHL) and international human rights law. They also threaten the integrity of Ukraine’s health care system, which, while resilient, faces ongoing challenges following Russia’s full-scale invasion in February 2022. The destructive impact of a compromised health care system threatens to impose long-lasting and severe hardship on Ukraine’s people. Russia must end its war of aggression and return the administration of Ukraine’s health care system in the occupied territories back to the Ukrainian government. At the same time, there remains a pressing need to ensure accountability for violations of IHL with respect to health care, for which there has been almost complete impunity in both Ukraine and globally. All investigative and prosecutorial bodies with relevant jurisdiction – including the International Criminal Court’s Office of the Prosecutor, the Prosecutor General of Ukraine, the UN’s Independent International Commission of Inquiry on Ukraine, and other national prosecutors – must prioritize the investigation of attacks on health care as both war crimes and crimes against humanity, including the range of violations discussed herein.",case-study,2023-12-12,,,https://phr.org/our-work/resources/coercion-and-control-ukraines-health-care-system-under-russian-occupation/,Attacks on Health Care|Ukraine,,,b693cdac-b16e-4685-8b4c-4f5e6d1d58d8,https://phr.org/wp-content/uploads/2023/12/PHR-Report-Ukraine-Coercion-and-Control-December-2023.pdf
“Endless Nightmare”: Torture and Inhuman Treatment in Solitary Confinement in U.S. Immigration Detention,"The United States maintains the world’s largest immigration detention system, detaining tens of thousands of people in a network of facilities, including those managed by private prison corporations, county jails, U.S. Immigration and Customs Enforcement (ICE), U.S. Customs and Border Protection (CBP), and the Office of Refugee Resettlement (ORR). At the time of writing, ICE is detaining over 35,000 people, including long-term residents of the United States, people seeking asylum, and survivors of trafficking or torture. Instead of finding refuge, these people are held in ICE custody for extended periods, enduring inhuman conditions such as solitary confinement (dubbed “segregation” by ICE), where they are isolated in small cells with minimal contact with others for days, weeks, or even years. In many instances, such conditions would meet the definition of torture, or cruel, inhuman, or degrading treatment under international human rights law. Solitary confinement causes a range of adverse health effects, including post-traumatic stress disorder (PTSD), self-harm, and suicide risks. Prolonged confinement can lead to lasting brain damage, hallucinations, confusion, disrupted sleep, and reduced cognitive function. These effects persist beyond the confinement period, often resulting in enduring psychological and physical disabilities, especially for people with preexisting medical and mental health conditions or other vulnerabilities. In recognition of this well-documented harm, ICE issued a directive in 2013 to limit the use of solitary confinement in its facilities, especially for people with vulnerabilities. A 2015 memorandum further protected transgender people, emphasizing solitary confinement as a last resort. In 2022, ICE reinforced reporting requirements for people with mental health conditions in solitary confinement, highlighting the need for strict oversight. Despite these directives, however, government audits and whistleblowers alike have repeatedly revealed stark failures in oversight. This report – a joint effort by Physicians for Human Rights (PHR), Harvard Law School’s Immigration and Refugee Clinical Program (HIRCP), and researchers at Harvard Medical School (HMS) – provides a detailed overview of how solitary confinement is being used by ICE across detention facilities in the United States, and its failure to adhere to its own policies, guidance, and directives. It is based on a comprehensive examination of data gathered from ICE and other agencies, including through Freedom of Information Act (FOIA) requests, first filed in 2017, and partly acquired after subsequent litigation. It is further enriched by interviews with 26 people who were formerly held in immigration facilities and experienced solitary confinement over the last 10 years. The study reveals that immigration detention facilities fail to comply with ICE guidelines and directives regarding solitary confinement. Despite significant documented issues, including whistleblower alarms and supposed monitoring and oversight measures, there has been negligible progress. The report highlights a significant discrepancy between the 2020 campaign promise of U.S. President Joseph Biden to end solitary confinement and the ongoing practices observed in ICE detention. Over the last decade, the use of solitary confinement has persisted, and worse, the recent trend under the current administration reflects an increase in frequency and duration. Data from solitary confinement use in 2023 – though likely an underestimation as this report explains – demonstrates a marked increase in the instances of solitary confinement. This report exposes a continuing trend of ICE using solitary confinement for punitive purposes rather than as a last resort – in violation of its own directives. Many of the people interviewed were placed in solitary confinement for minor disciplinary infractions or as a form of retaliation for participating in hunger strikes or for submitting complaints. Many reported inadequate access to medical care, including mental health care, during their solitary confinement, which they said led to the exacerbation of existing conditions or the development of new ones, including symptoms consistent with depression, anxiety, and PTSD. The conditions in solitary confinement were described as dehumanizing, with people experiencing harsh living conditions, limited access to communication and recreation, and verbal abuse or harassment from facility staff. Analysis of FOIA data revealed persistent and prolonged use of solitary confinement and demonstrated significant inadequacies of current oversight and accountability mechanisms. In the last five years alone, ICE has placed people in solitary confinement over 14,000 times, with an average duration of 27 days, well exceeding the 15-day threshold that United Nations (UN) human rights experts have found constitutes torture. Many of the longest solitary confinement placements involved people with mental health conditions, indicating a failure to provide appropriate care for vulnerable populations more broadly. Some solitary confinement placements lasted significantly longer, with 682 lasting at least 90 days and 42 lasting over one year. Many of these instances involved people with mental health conditions and other vulnerabilities, including 10 of those 42 placements lasting over a year in solitary confinement. Data provided by ICE also demonstrated a disproportionately harmful impact on people with vulnerabilities, particularly transgender people and those with mental health and medical conditions. The treatment of people in immigration detention facilities and the excessive, punitive use of solitary confinement is not only contrary to ICE’s own policies and guidance but also violates U.S. constitutional law and international human rights law. The Fifth Amendment prohibits the deprivation of life, liberty, or property without due process of law, protection that extends to all persons within the United States, including people in immigration detention. The government has a duty to ensure the health and safety of people in immigration detention facilities, providing for their basic needs such as food and medical care. Persons in detention also have First Amendment rights, including the freedom to protest conditions or report issues without fear of retaliation. International human rights law has also made clear that the detention of immigrants, especially in solitary confinement, should be a last resort, for the shortest time possible, and used only for limited purposes. The United States has signed and ratified the International Covenant on Civil and Political Rights (ICCPR), which prohibits arbitrary and unlawful detention. The use of prolonged solitary confinement, especially for people with mental health conditions, is prohibited under the UN Standard Minimum Rules for the Treatment of Prisoners (the Nelson Mandela Rules). The United States has also signed and ratified the UN Convention against Torture and Other Cruel, Inhuman or Degrading Treatment or Punishment. The UN Special Rapporteur on Torture has highlighted the severe psychological and physical harm caused by prolonged solitary confinement, especially for people with mental health conditions. ICE’s failure to adhere to domestic and international law and its own guidelines has created dangerous conditions in detention centers, particularly for people with mental and medical health conditions or other vulnerabilities. The persistent use of solitary confinement over the last decade underscores the need for radical changes in ICE policy and practice. The evidence of profound physical and mental health deterioration caused by solitary confinement, in combination with ICE’s inability to implement policies around its use that adhere to its own guidelines as well as constitutional and international law, necessitates an immediate commitment by ICE to end the practice entirely. Prior to publication, the authors of this report had the opportunity to present the findings to key personnel in DHS and ICE. The report makes the following recommendations to the Secretary of the U.S. Department of Homeland Security (DHS) and to the Director of ICE, which serve as a road map to completely phase out the use of solitary confinement in immigration detention.  The plan must be presented to Congress and publicly accessible on ICE’s website upon completion, which shall be no later than one year after formation of the task force. Finally, recommendations included in the plan should ensure the end of ICE’s use of solitary confinement in immigration detention within one year of presentation of the plan to Congress and the public.",report,2024-02-06,,,https://phr.org/our-work/resources/endless-nightmare-solitary-confinement-in-us-immigration-detention/,Asylum|United States,Tessa Wilson,,b693cdac-b16e-4685-8b4c-4f5e6d1d58d8,https://phr.org/wp-content/uploads/2024/02/PHR-REPORT-ICE-Solitary-Confinement-2024.pdf
Expert Report: Russia’s Attacks on Health Care in Syria,,report,2024-05-02,,,https://phr.org/our-work/resources/russias-attacks-on-health-care-in-syria/,Attacks on Health Care|Syria,,,b693cdac-b16e-4685-8b4c-4f5e6d1d58d8,https://phr.org/wp-content/uploads/2024/05/PHR-Syria-Expert-Report-HRC-May-2024-EN.pdf
Criminalized Care: How Louisiana’s Abortion Bans Endanger Patients and Clinicians,,report,2024-03-19,,,https://phr.org/our-work/resources/louisiana-abortion-bans/,Reproductive Justice|United States,"Michele Heisler, MD, MPA|Payal Shah, JD",,b693cdac-b16e-4685-8b4c-4f5e6d1d58d8,https://phr.org/wp-content/uploads/2024/03/PHR-Report-Criminalized-Care-March-2024.pdf
"What Constitutes a High-Quality, Comprehensive Medico-Legal Affidavit in the United States Immigration Context?",,factsheet,2023-06-09,,,https://phr.org/our-work/resources/what-constitutes-a-high-quality-comprehensive-medico-legal-affidavit-in-the-united-states-immigration-context/,Asylum|United States,,,b693cdac-b16e-4685-8b4c-4f5e6d1d58d8,https://phr.org/wp-content/uploads/2023/06/PHR-Fact-Sheet-Medico-Legal-Affadavit-Immigration-June-2023.pdf
"Evidence for Impact, Advocacy for Justice",,report,,,,https://phr.org/our-work/resources/annual-report-2023/,,,,b693cdac-b16e-4685-8b4c-4f5e6d1d58d8,https://phr.org/wp-content/uploads/2024/04/PHR-Annual-Report-2023.pdf
No One Could Say: Accessing Emergency Obstetrics Information as a Prospective Prenatal Patient in Post-Roe Oklahoma,"In the wake of the 2022 U.S. Supreme Court decision in Dobbs v. Jackson Women’s Health Organization, Oklahoma residents are currently living under three overlapping and inconsistent state abortion bans that, if violated, impose severe civil and criminal penalties on health care providers. Exceptions to these new laws, enacted around the Supreme Court’s overturning of its 1973 ruling in Roe v. Wade, are extremely limited and confusing to health professionals and potential patients alike. Because the exceptions drafted by legislators are often conflicting and use non-medical terminology, they sow confusion around what kinds of care and procedures health care providers can legally offer when a pregnancy threatens a person’s health or life. These challenges, combined with the significant penalties under these bans, constitute a situation of “dual loyalty”: health professionals are forced to balance their obligation to provide ethical, high-quality medical care against the threat of legal and professional sanctions. The decision to provide emergency medical care risks becoming a legal question – determined by lawyers – rather than a question of clinical judgment and the duty of care to the patient – determined by health care professionals.   In light of the extensive anti-abortion legal framework newly in place in the state, Oklahoma offers an important insight into the potential effects of near-total abortion bans on pregnant patients and the clinicians who care for them. While bans such as Oklahoma’s have already severely limited access to abortion medication or procedures, reproductive justice advocates have raised concerns that it is especially unclear what care remains accessible in practice in cases of obstetric emergencies. Accordingly, Physicians for Human Rights (PHR), Oklahoma Call for Reproductive Justice (OCRJ), and the Center for Reproductive Rights (CRR) have examined Oklahoma as a case study to investigate two key questions:  To study these questions, PHR, OCRJ, and CRR used a “simulated patient” research methodology, in which research assistants posed as prospective patients and called hospitals that provide prenatal and peripartum care across the state of Oklahoma to ask questions related to emergency pregnancy care. The results of this research are alarming. Not a single hospital in Oklahoma appeared to be able to articulate clear, consistent policies for emergency obstetric care that supported their clinicians’ ability to make decisions based solely on their clinical judgement and pregnant patients’ stated preferences and needs. Of the 34 out of 37 hospitals offering obstetric care across the state of Oklahoma that were reached, 65 percent (22 hospitals) were unable to provide information about procedures, policies, or support provided to doctors when the clinical decision is that it is necessary to terminate a pregnancy to save the life of a pregnant patient; only two hospitals described providing legal support for clinicians in such situations. In 14 cases (41 percent), hospital representatives provided unclear and/or incomplete answers about whether doctors require approval to perform a medically necessary abortion. Three hospitals indicated that they have policies for these situations but refused to share any information about them; four stated they have approval processes that clinicians must go through if they deem it necessary to terminate a pregnancy; and three stated that their hospitals do not provide abortions at all. (Oklahoma hospitals that are affiliated with an Indigenous nation were excluded from the study; because they operate under federal oversight, it is unclear how the Oklahoma bans impact them.) Some examples of the information the simulated patients received include: In sum, in response to questioning, hospitals provided opaque, contradictory, and incorrect information about when an abortion is available; lacked clarity on criteria and approval processes for abortions; and offered little reassurance to patients that their survival would be prioritized or that their perspectives would be considered. The study’s findings demonstrate that despite apparently good-faith efforts from most hospital representatives, callers could not access clear and accurate information about the care they would receive if facing a pregnancy-related medical emergency at any given institution. Moreover, the information they received was often confusing – at some hospitals, callers received conflicting information from separate staff within the same hospital. These findings raise grave concerns about the ability of a pregnant person in Oklahoma – and the other 12 states with similar, near-total abortion bans – to receive clear, sufficient, and necessary information to make informed decisions about their medical care, as well as the ability of such patients to receive medically-necessary treatment. Callers also found that some hospital administrations, in an effort to comply with state laws, imposed restrictive policies on medical personnel that would impede their ability to provide prompt and effective care for pregnant patients with medical emergencies, including in cases of miscarriage. Health care providers face a similarly untenable situation under the current abortion bans. The criminalization of abortion denies access to abortion for pregnant people under most circumstances, and narrow exceptions such as “only to save the life” of the pregnant patient lead to confusion, uncertainty, and fear, both for pregnant people and for the hospitals and health care providers that care for them. Clinicians face severe criminal and civil penalties, such as the loss of their medical licenses and long prison sentences, if prosecutors and state legislators disagree with their medical decision-making. In light of these obstacles, pregnant people are faced with the frightening possibility that they will be unable to receive science-informed, patient-centered, and ethical medical care should they face an obstetric emergency. These results reflect how Oklahoma’s abortion bans threaten the health and well-being of pregnant people and violate their human rights. These violations include individuals’ rights to life, health, equality, information, freedom from torture and ill-treatment, and to exercise reproductive autonomy. These findings further affirm what has been recognized by the World Health Organization: that the criminalization and penalization of abortion care – even with an exception for medical necessity – is fundamentally inconsistent with evidence-based, ethical, and patient-centered health care.  Given these findings, PHR, OCRJ, and CRR make the following topline recommendations: (full recommendations can be found below)",report,2023-04-25,,,https://phr.org/our-work/resources/oklahoma-abortion-rights/,Reproductive Justice|United States,"Michele Heisler, MD, MPA|Will Jaffe|Payal Shah, JD",,b693cdac-b16e-4685-8b4c-4f5e6d1d58d8,https://phr.org/wp-content/uploads/2023/04/Oklahoma-Abortion-Ban-Report-2023.pdf
Destruction and Devastation: One Year of Russia’s Assault on Ukraine’s Health Care System,"On February 24, 2022, the Russian Federation began its full-scale invasion of Ukraine. This act of aggression against a sovereign nation is a gross violation of international law, one that has been widely condemned by the international community. In the year that has followed, attacks on civilians and civilian objects have been a hallmark of the war, with violence against the Ukrainian health care system a prominent feature of Russia’s unlawful conduct. One notorious incident came only two weeks after the full-scale invasion began, when Russia’s air force bombed a maternity and children’s hospital in the city of Mariupol. The photograph of a heavily pregnant woman being carried from the hospital on a stretcher, who later died, together with her baby, became an early, stark example of the brutal, indiscriminate way in which Russia has waged its illegal war. This report – a joint undertaking among eyeWitness to Atrocities (eyeWitness), Insecurity Insight, the Media Initiative for Human Rights (MIHR), Physicians for Human Rights (PHR), and the Ukrainian Healthcare Center (UHC) – documents the staggering toll that Russia’s aggression has had on Ukraine’s health care system since February 2022. Using 10 case studies and a joint dataset of attacks, this report shows how Russia appears to be violating international humanitarian law by deliberately and indiscriminately targeting Ukraine’s health care system as part of a broader attack on its civilian population and infrastructure. As the report details, the apparent targeting of the health care system is carried out through a variety of means, including: (1) attacks on health care facilities, (2) attacks on ambulances, (3) destruction of critical health infrastructure and theft of supplies, and (4) assaults, torture, and ill-treatment of health workers, including doctors, nurses, and paramedics. Targeting functioning health care infrastructure and workers in an armed conflict and carrying out indiscriminate attacks that affect civilian infrastructure – including hospitals and clinics – are war crimes. When committed as part of a state policy on a widespread or systematic basis, such attacks are also crimes against humanity. Based on the evidence gathered in this report, there is a reasonable basis to believe that attacks on Ukraine’s health care system constitute war crimes and comprise a course of conduct that could potentially constitute crimes against humanity as well. This evidence urgently warrants immediate investigation by prosecutorial authorities.  The broader impact of these attacks – in terms of the ability of the Ukrainian government to ensure the human right to access adequate health care – is equally devastating. While it is too soon to know the full extent of this war’s damage on Ukraine, a recent health needs assessment conducted by the World Health Organization (WHO) notes that “spiraling costs, logistical hurdles and damaged infrastructure are making access to essential services all the more challenging for growing numbers of civilians.” This report breaks new ground by providing the most comprehensive documentation to date of attacks on Ukraine’s health care system as well as their devastating impact on the right to health. The report draws on a dataset of attacks – collectively developed from open-source and confidential information over the course of 2022 – supplemented by detailed case studies based on visits to hospitals in four different regions of Ukraine to inspect attack sites, assess damage, take photographs, and conduct semi-structured interviews with hospital staff who were present at the time of the attacks. The findings are stark. During just the first weeks of the Russian full-scale invasion, there were constant, daily attacks on Ukraine’s health care system. For 35 days, Ukraine’s health care system was damaged every single day. Assaults were particularly intense in February and March; during the first two weeks of the invasion, an average of four to five hospitals and clinics were attacked daily. Attacks continued throughout the year, with 235 attacks on health care overall in March and an average of 47 attacks each month from April through December 2022. Over the entire period studied in this report (February 24-December 31, 2022), there was an average of more than two attacks on health care each day. Between February 24 and December 31, 2022, the research team documented a total of 707 attacks on Ukraine’s health care system. One out of 10 of Ukraine’s hospitals have been directly damaged from attacks, with the heaviest destruction in the eastern oblasts of Kharkivska, Donetska, and Luhanska, and also in Khersonska and Kyivska. In some cities and towns, nearly all the health facilities were harmed in some way. In Mariupol, in the southern part of Donetska oblast, almost 8 out of 10 points of health care service provision, sites where medical assistance is available, were either damaged or destroyed. In the Makariv municipality – where three health facilities and 30 pharmacies have been damaged or destroyed – the scale of the attacks has led to the severe disruption of health services and infrastructure in the area. In 10 oblasts, 48 hospitals were hit multiple times, underscoring not only the indiscriminate nature of attacks but also the possibility that they were deliberately targeted. For instance, the Severodonetsk City Multiprofile Hospital in Luhanska oblast was hit 10 times between March and May 2022. One hospital in Kharkivska oblast was hit five times, and another was hit four times. Many hospitals bore internationally recognized symbols of their status as medical centers, which were clearly visible from the air. Bashtanka Multiprofile Hospital, which was heavily damaged in an April attack, was marked with a Red Cross painted on a white canvas placed on the roof.[1] According to Dr. Alla Barsehian, the Bashtanka Multiprofile Hospital director, drones flew over the facility and “they saw very well, they knew that this was a medical institution.”[2] “We hoped this would somehow save us. But it turns out nothing is sacred in this war.”[3] The scale of these attacks underscores the broader destabilizing effects they have on Ukraine’s population, from reduced access to critical medications to severely restricted access to health care and vastly diminished vaccine rates. An International Organization for Migration survey found that, as of the beginning of December 2022, one in every three Ukrainians was experiencing the lack of medical services. The Russian Federation’s continued aggression – leading to both targeted and indiscriminate attacks on Ukraine’s health care facilities, amongst other civilian infrastructure – constitutes a gross violation of international law. Russia must cease these attacks and end its aggression. Accountability for war crimes and crimes against humanity, as well as for the crime of aggression, will be critical; however, Russia is also obligated to make reparations for its breaches of international law, including compensating the Ukrainian state and individual Ukrainians – and other killed or injured nationals – for devastating loss of life and injury, extensive destruction, and the enormous costs of reconstruction. Because protecting health care is a shared responsibility of all parties to an armed conflict, all parties to the conflict must ensure compliance with international humanitarian law principles. To other engaged actors, the report makes the topline recommendations below (full recommendations can be found starting on p. 82). To the International Criminal Court’s Office of the Prosecutor, the Prosecutor General of Ukraine, the Independent International Commission of Inquiry on Ukraine, and other National Prosecutors:   To the Diplomatic Community, including Member States of the European Union, the United Nations (UN) Security Council, and the Organization for Security and Co-operation in Europe:  To the Government of Ukraine:  To the UN Human Rights Council and its Member States:",report,2023-02-21,,,https://phr.org/our-work/resources/russias-assault-on-ukraines-health-care-system/,Attacks on Health Care|Ukraine,,,b693cdac-b16e-4685-8b4c-4f5e6d1d58d8,https://phr.org/wp-content/uploads/2023/02/REPORT-Destruction-and-Devastation-Ukraine-Feb-21-2023-ENG-WebOptimized.pdf
Submission to the United Nations Universal Periodic Review of the Russian Federation,,other,2023-08-07,,,https://phr.org/our-work/resources/submission-to-the-united-nations-universal-periodic-review-of-the-russian-federation/,Attacks on Health Care|Ukraine,,,b693cdac-b16e-4685-8b4c-4f5e6d1d58d8,https://phr.org/wp-content/uploads/2023/04/UN-UPR-SUBMISSION-RUSSIAN-FEDERATION-2023.pdf
Lethal in Disguise 2,,report,2023-03-22,,,https://phr.org/our-work/resources/lethal-in-disguise-2/,United States,"Rohini J. Haar, MD, MPH",,b693cdac-b16e-4685-8b4c-4f5e6d1d58d8,https://phr.org/wp-content/uploads/2023/03/REPORT-Lethal-in-Disguise-2-PHR-INCLO-March-2023.pdf
Human Rights Crisis: Abortion in the United States After Dobbs,,other,2023-04-18,,,https://phr.org/our-work/resources/letter-to-un-special-procedures/,,,,b693cdac-b16e-4685-8b4c-4f5e6d1d58d8,https://phr.org/wp-content/uploads/2023/04/4.13.23_UN_SR_briefingPaper_FINAL.pdf
Mobilizing Health Workers to Safeguard Rights,,report,,,,https://phr.org/our-work/resources/annual-report-2022/,,,,b693cdac-b16e-4685-8b4c-4f5e6d1d58d8,https://phr.org/wp-content/uploads/2023/06/PHR-2022-Annual-Report-for-Web.pdf
"Broken Promises: Conflict-Related Sexual Violence Before and After the Cessation of Hostilities Agreement in Tigray, Ethiopia",,report,2023-08-24,,,https://phr.org/our-work/resources/medical-records-sexual-violence-tigray-ethiopia/,Sexual Violence|Ethiopia,"Lindsey Green, MA|Thomas McHale, SM|Ranit Mishori, MD, MHS|Payal Shah, JD",,b693cdac-b16e-4685-8b4c-4f5e6d1d58d8,https://phr.org/wp-content/uploads/2023/08/Report-PHR-OJAH-Ethiopia-Sexual-Violence-August-2023-ENG-WEB.pdf
Stop Attacks on Health in Ukraine: Open Letter to Dr. Tedros Adhanom Ghebreyesus,,correspondence,2022-03-24,,,https://phr.org/our-work/resources/open-letter-to-dr-tedros-adhanom-ghebreyesus/,Attacks on Health Care|Ukraine,,,b693cdac-b16e-4685-8b4c-4f5e6d1d58d8,https://phr.org/wp-content/uploads/2022/03/Letter-to-Dr.-Tedros-about-attacks-on-health-care3.24.2022.pdf
Survivors’ Experiences of Accessing Mental Health Services following Sexual and Gender-based Violence in Kenya,,other,2023-02-24,,,https://phr.org/our-work/resources/survivors-experiences-of-accessing-mental-health-services-following-sexual-and-gender-based-violence-in-kenya/,Sexual Violence|Kenya,,,b693cdac-b16e-4685-8b4c-4f5e6d1d58d8,https://phr.org/wp-content/uploads/2023/02/PHR-Policy-Brief-Kenya-Photovoice-2023.pdf.pdf
“Part of my heart was torn away”: What the U.S. Government Owes the Tortured Survivors of Family Separation,"When the news broke in 2018 that the U.S. government was forcibly separating thousands of parents and children as young as infants at the U.S.-Mexico border, nationwide outcry ensued due to the evident trauma caused by the separations. Physicians for Human Rights (PHR) found that the cases of forcible family separation by the U.S. government that we documented constituted torture. PHR’s torture finding was cited by the Biden campaign during the 2020 U.S. presidential election. However, as the election passed, uproar and outrage around family separation abated, but parents and children who were eventually reunited struggle to recover from severe psychological effects of the trauma they endured. Parents who were deported and separated from their children for three or even four years continued to suffer and wait in desperation for the moment when they could be with their children again.  This study documents the longer-term psychological impact of this inhumane policy of forced separation on parents who were deported by the United States government, most of them separated from their children for three to four years. The persistent and damaging psychological effects documented by PHR call out for acknowledgement, accountability, redress, and rehabilitation. This study also seeks to make visible the desires of the parents who were interviewed regarding means of redress owed to them by the U.S. government. In the context of a broad discussion about redress, it is essential that the views of affected communities be directly incorporated into research and policy recommendations. PHR researchers conducted a content analysis of 13 psychological evaluations by PHR-affiliated expert clinicians who interviewed parents deported after being forcibly separated from their children by the U.S. government in conjunction with the “Zero Tolerance” policy. These forensic evaluations are conducted in accordance with the principles and methods of the UN Manual on the Effective Investigation and Documentation of Torture and Other Cruel, Inhuman or Degrading Treatment or Punishment (known as the “Istanbul Protocol”). The parents were all clients of a collaborating partner, Al Otro Lado, a civil society organization based in Tijuana, Mexico that provides legal representation to refugees, asylum seekers, and other migrants. At the end of the evaluation interview, the clinicians asked a few additional questions concerning parents’ wishes regarding accountability and redress. According to the affidavits reviewed by PHR, all 13 parents interviewed had arrived with their families to seek asylum in the United States and were forcibly separated from their children, almost all in unexpected and chaotic ways. U.S. immigration officials conducted the separations in a brusque and cold manner and did not offer information about the reason for the separation or the process, causing great distress to both parents and children. In 10 out of 13 cases, parents describe not being given proper information, or any information at all, about why they were being separated, where their children would be taken, or for how long. In all but one case, the government initially failed to provide information to parents about where their children were, for weeks or even up to two months. Most of the parents were deported to dangerous situations. Over half of the parents (7 out of 13) reported that they continue to live in constant fear of persecution and hiding from gangs or cartels who threatened them before. Although in most cases the separation had taken place several years before, the parents’ despair was evident in the reporting of current symptoms at the time of the PHR evaluation. Almost universally, parents noted continued disturbances in sleep, nightmares, loss of appetite, loss of interest, fear for the future, constant worry, hopelessness, and loss of the ability to concentrate. One mother said, “I don’t know if I will ever be able to recover from what I have experienced.”  Almost all of the affidavits documented a diagnosis of post-traumatic stress disorder (PTSD) (11/13), which means that their symptoms persisted for more than a month and continue to interfere with their daily life, while the remaining two parents displayed symptoms of PTSD just below the clinical level.  Other diagnoses, according to PHR clinicians, included: major depressive disorder (10/13), generalized anxiety disorder (5/13), trauma related disorder (1), and adjustment disorder with mixed anxiety and depressed mood (1). Indications that the forced separation event played a significant role in mental health outcomes included symptoms directly related to the separation event, such as nightmares and flashbacks about the separation event, crying or other forms of distress when describing the separation or talking about their children, or being triggered by related stimuli. Many parents subjectively described the separation event as the worst thing they had ever experienced, even compared with other severe forms of trauma, such as assault. In virtually every case encountered, PHR’s expert evaluators noted that the trauma suffered by the parents and the children warranted further intervention and ongoing therapeutic support, because the events were causing “significant distress” and ongoing functional impairment. As in the 26 cases documented in PHR’s 2020 report on family separation, PHR concludes that each of the 13 cases documented for this study constituted torture and temporary enforced disappearance. In response to these U.S. government abuses and subsequent psychological effects, parents called for a formal public apology by the government, an investigation such as a truth commission, financial compensation and funding for rehabilitation expenses, legal reforms to prevent repetition, and, importantly, permanent immigration status in the United States, to ensure that they would not be separated from their children again. These measures are all strongly supported in international human rights law, which requires states that inflict torture to ensure prompt and effective remedies for victims and survivors. Reparation is not a policy choice; it is the fulfilment of the U.S. government’s obligation owed to victims as a result of its unlawful breach of international and domestic law. International treaties ratified by the United States require that states provide remedy, rehabilitation, and redress to survivors of torture and enforced disappearance and to their affected family members. The U.S. Administration, Department of Justice, and Department of Homeland Security should:  Provide redress to victims who suffered harm through forced separations in line with U.S. law and international treaty obligations:",report,2022-04-19,,,https://phr.org/our-work/resources/part-of-my-heart-was-torn-away/,Asylum|United States,,,b693cdac-b16e-4685-8b4c-4f5e6d1d58d8,https://phr.org/wp-content/uploads/2022/04/PHR_-Report_Deported-Parents_2022.pdf
Violence Against or Obstruction of Health Care in Myanmar,,brief,2021-12-23,,,https://phr.org/our-work/resources/violence-against-health-care-in-myanmar/,Attacks on Health Care|Myanmar,,,b693cdac-b16e-4685-8b4c-4f5e6d1d58d8,https://phr.org/wp-content/uploads/2021/12/Violence-Against-or-Obstruction-of-Health-Care-in-Myanmar-February-December-2021-23-December-update.pdf
"“Our Health Workers Are Working in Fear”: After Myanmar’s Military Coup, One Year of Targeted Violence against Health Care",,report,,,,https://phr.org/our-work/resources/one-year-anniversary-of-the-myanmar-coup-detat/,,"Lindsey Green, MA",,b693cdac-b16e-4685-8b4c-4f5e6d1d58d8,https://phr.org/wp-content/uploads/2022/01/PHR_Report_Our-Health-Workers-Are-Working-in-Fear_One-year-anniversary-of-the-Myanmar-Coup_January-2022-Reduced.pdf
"The Survivors, the Dead, and the Disappeared: Detention of Health Care Workers in Syria, 2011-2012","In March 2011, the Arab Spring movement spread to Syria when civilians across the country began peacefully demonstrating against the government of President Bashar al-Assad. Although the Syrian government tried to signal to the international community that it was responding to the demands of peaceful demonstrators, in reality, it violently cracked down on peaceful protesters.[1] Security forces began brutally suppressing protests and detaining health care workers who treated injured protesters, effectively criminalizing health care. Most of the health care workers detained by the government were forcibly disappeared – they were never charged, and their fate remains unknown; some were released, and an unknown number have died in detention. Enforced disappearance is a crime with multiple victims: in addition to the physical and psychological suffering of the detainees, their families and community are all forced to live with mental anguish and uncertainty about their loved ones’ fate, without access to their remains for proper burial and memorial when they are deceased. In this report, Physicians for Human Rights (PHR) examines patterns in the Syrian government’s forced disappearance, detention, and abuse of health care workers during the early years of the Syrian uprising. The findings are based on a new data set of 1,685 detentions that occurred in 2011 and 2012, which PHR compiled using data sets provided by the Open Society Justice Initiative, the Syrian Network for Human Rights, and the Violations Documentation Center. The PHR research team systematically reviewed the original data sets to standardize the format, create new variables using information from notes sections, and deduplicate repeated cases. In addition to several examples from previous PHR interviews with physicians detained for providing health care, this report includes a case study of a medical team that operated in Aleppo in 2012. Many of the team’s members were detained by the Syrian government and several were killed while in detention. This newly compiled data and PHR’s analysis illuminate the government’s massive violent crackdown on dissent and its persecution of health care workers who responded to the injured during the initial years of the Syrian crisis. The report reveals that a health care worker’s profession and the reason they were detained appear to have had a significant impact on the outcome of their detention. PHR’s analysis yielded two main findings: health care workers detained for providing medical care experienced worse outcomes than health care workers detained for their political activities, and among detained health care workers, physicians overall experienced better outcomes than non-physicians. If the Syrian government detained a health care worker for providing medical care to an injured protester, the odds of release for that person were 91 percent lower and the odds of being forcibly disappeared were 550 percent higher compared to the fate of health care workers detained for political reasons. If two health care workers from similar professions were detained in the same place for different reasons, the data show that the one detained for providing health care would have 400 percent higher odds of dying in detention than the person detained for a political reason. Further, while most health care workers experienced poor outcomes, either dying or being forcibly disappeared, the odds that a physician would be released were 143 percent higher than for non-physicians. Physicians were also 52 percent less likely to be forcibly disappeared and 48 percent less likely to die in detention compared to non-physicians. There are many potential explanations for why and how these factors influenced detention outcomes, which this report explores. PHR’s analysis shows that, from the earliest days of the Syrian uprising, the Syrian government targeted health care workers with detention, abuse, and torture for providing medical assistance to those who opposed the regime. The United Nations has estimated that the Syrian government arbitrarily detained or forcibly disappeared at least 100,000 people, among them thousands of health care workers, in contravention of domestic laws, human rights law, and international humanitarian law. As the Syrian conflict moves towards a potential phase of negotiation, it is imperative that the voices of the survivors and missing persons’ families be heard and that they be told the truth about their loved ones’ disappearance. In addition to the need for truth, Syrians deserve justice and accountability for the mass forced disappearance of opponents to the Syrian regime and those who provided care to the sick and wounded according to their ethical and moral duties. In February 2021, a coalition of five Syrian organizations representing survivors, their families, and family members of the missing drafted a vision of its goals called the “Truth and Justice Charter.” In it, they have called for the United Nations to address the needs of survivors and their families. PHR urges the international community to heed their call, in order to lay the foundation for a future peace. Immediately and unconditionally release all arbitrarily or unlawfully detained health care workers from official and unofficial detention sites. Ensure that discussions of human rights and international humanitarian law violations, including arbitrary detention, torture, enforced disappearances, and attacks on health, are prominent within the political process. Coordinate efforts and endorse the Truth and Justice Charter and ensure that survivor-led short- and long-term plans for peace and accountability are the main drivers of decision making.",report,2021-11-10,,,https://phr.org/our-work/resources/the-survivors-the-dead-and-the-disappeared/,Persecution of Health Workers|Syria,,,b693cdac-b16e-4685-8b4c-4f5e6d1d58d8,https://phr.org/wp-content/uploads/2021/11/PHR-Detention-of-Syrian-Health-Workers-Report-Nov-2021-Full-Report-ENG.pdf
"Destruction, Obstruction, and Inaction: The Makings of a Health Crisis in Northern Syria","Destruction of the health sector is a signature of the conflict which continues to unfold in Syria. It has occurred in the context of one of the most severe humanitarian crises in the world. Physicians for Human Rights (PHR) and others have documented deliberate attacks on health care facilities and personnel during the past 10 years of this crisis, but less attention has been paid to the impact of these long years of conflict, human rights violations, and collapse of health systems on health and health care delivery. As of November 2021, northern Syria has been divided into three main areas: one controlled by the Autonomous Administration of North and East Syria in northeast Syria, another controlled by opposition groups in northwest Syria, and the third, the Turkish-controlled areas.[1] For this report, PHR conducted and analyzed 20 interviews with health care workers and experts knowledgeable about the health sectors working in these three areas. The PHR research team coded and systematically reviewed transcripts of the interviews to identify critical themes impacting the provision of health care in each area. In this report, PHR describes how the Syrian government’s attacks on health infrastructure in northern Syria and its attempts to impede the delivery of humanitarian aid have driven the creation of a patchwork of health systems that has produced deep disparities in access to care, effectively denying people’s right to health. Understanding this complex issue is vital ahead of the United Nations Security Council’s upcoming meeting in January 2022 to consider whether to reauthorize the last remaining border crossing in northern Syria for UN humanitarian aid, Bab al-Hawa, which provides aid to 3.4 million people alone in northwest Syria, three million of whom are considered in acute need of lifesaving assistance.[2] The Syrian government’s failure to deliver cross-line aid to needy areas from within the country spurred the Security Council’s 2014 resolution authorizing cross-border aid from other countries through four points in the north and south. Currently, the Bab al-Hawa border crossing in northwest Syria is the only entry point open to serve the humanitarian needs of people across northern Syria. In northeast Syria, the al-Yarubiya crossing was closed in January 2020 after Syria’s longtime ally, Russia, and China vetoed renewal of cross-border operations. This has caused the near collapse of the public health care system.[3] If the Security Council fails to reauthorize the Bab al-Hawa crossing, the Syrian government would gain full control over most humanitarian aid going to the north, a potentially disastrous outcome for the 6.4 million people living in areas outside the control of the Syrian government in northern Syria. Syria’s population arguably needs a functioning health care system more than ever before. Instead, the health system is straining from a decade of deterioration. Disparities that existed between government- and non-government-held areas prior to the conflict have become entrenched. Nine in 10 Syrians live below the poverty line.[4] Areas outside of government control, which host many internally displaced Syrians, have fewer resources but significant public health problems. For example, in northeast Syria, where health resources are reportedly most scarce, 55 percent of households are reported to have at least one disabled member.[5] Health choices are increasingly driven by scarcity and conflict, with women reportedly choosing cesarean sections to minimize time spent in the hospitals, which are known to be targets of attacks. By one estimate, the percentage of cesarean sections has more than doubled since the start of the conflict in 2011.[6] This report provides a snapshot of the state of the health care systems delivery in northern Syria from August to October 2021, the period in which PHR conducted interviews. It demonstrates that the right to health of millions of Syrians is being violated by a lack of availability, accessibility, acceptability, and quality of health care – all of which are mandated by international instruments to which Syria is a party. Furthermore, the lack of coordination among the international aid community, non-governmental organizations, and local actors overseeing health systems has greatly impacted population health, as has structural discrimination. Specifically, women and girls face a lack of gynecological and reproductive medical care because health care administrators do not prioritize these services, and people with physical disabilities face difficulty accessing repurposed buildings, let alone specialized care.    This report also details the challenges northern Syrian health systems face in their response to the COVID-19 pandemic. Northern Syria is now experiencing another major wave of the disease.[7] In September 2021, the number of coronavirus cases in the northwest increased 170 percent, intensive care units were filled, and designated COVID-19 health facilities reached 100 percent capacity.[8] Major issues include the diversion of resources away from non-COVID-19 health services, limited prevention and treatment supplies, and unstable funding for longitudinal pandemic management. Additional behavioral factors include lack of public adherence to health guidelines due to misinformation, financial barriers, and apathy towards the threat of COVID-19 among Syrian civilians. Women and girls in particular face barriers to accessing COVID-19 care that effectively deprive them of care. PHR calls on donors, humanitarian actors, and all parties to the conflict involved in providing humanitarian aid to northern Syria to uphold the right to health as provided for in the Convention on Economic, Social and Cultural Rights, as well as the right to humanitarian assistance provided in the Geneva Conventions. PHR also recommends increased collaboration between donors and the humanitarian agencies they fund with local health ministries, health directorates, and health commissions across northern Syria to increase accountability for aid distribution and emphasize the importance of providing aid that is acceptable to and considers the needs of local communities. Donors and local actors alike must address structural discrimination against vulnerable populations. To the Syrian Government and Affiliated Forces, and All Parties to the Conflict: To UN Security Council Member States and the International Community: To International Donors and their Implementing Partners:",report,2021-12-15,,,https://phr.org/our-work/resources/syria-health-disparities/,COVID-19|Syria,"Adrienne L. Fricke, JD, MA|Houssam al-Nahhas, MD, MPH",,b693cdac-b16e-4685-8b4c-4f5e6d1d58d8,https://phr.org/wp-content/uploads/2021/12/PHR-Syrian-Health-Disparities-Report-Dec-2021-Executive-Summary-English.pdf
Amici Brief in the case of United States of America v. Abu Zubaydah,,other,2021-08-20,,,https://phr.org/our-work/resources/amicus-brief-united-states-abu-zubaydah/,Torture|United States,,,b693cdac-b16e-4685-8b4c-4f5e6d1d58d8,https://phr.org/wp-content/uploads/2021/08/PHR-US-v-Abu-Zubaydah-Amicus-Brief.pdf
“Excited Delirium” and Deaths in Police Custody,"On December 23, 2020, Bella Quinto-Collins called 911, seeking help for her 30-year-old brother, Angelo Quinto, who was agitated and exhibiting signs of a mental health crisis at their home in Antioch, California. When two police officers arrived, they pulled Quinto from his mother’s arms onto the floor. At least twice, Quinto’s mother, Cassandra Quinto-Collins, heard him say to the officers, “Please don’t kill me.” Bella and Cassandra then watched in disbelief and horror as the two officers knelt on Quinto’s back for five minutes until he stopped breathing. Three days later, Quinto died in the hospital.[1] It was not until August 2021 that the family learned the official determination of cause of death: a forensic pathologist testified during a coroner’s inquest that Quinto died from “excited delirium syndrome.”[2] Angelo Quinto, a Filipino-American Navy veteran, is one of many people, disproportionately people of color, whose deaths at the hands of police have been attributed to “excited delirium” rather than to the conduct of law enforcement officers. In recent years, others have included Manuel Ellis, Zachary Bear Heels, Elijah McClain, Natasha McKenna, and Daniel Prude.[3] “Excited delirium” even emerged as a defense for the officers who killed George Floyd in 2020.[4] An Austin-American Statesman investigation into each non-shooting death of a person in police custody in Texas from 2005 to 2017 found that more than one in six of these deaths (of 289 total) were attributed to “excited delirium.”[5] A January 2020 Florida Today report found that of 85 deaths attributed to “excited delirium” by Florida medical examiners since 2010, at least 62 percent involved the use of force by law enforcement.[6] A Berkeley professor of law and bioethics conducted a search of these two news databases and three others from 2010 to 2020 and found that of 166 reported deaths in police custody from possible “excited delirium,” Black people made up 43.3 percent and Black and Latinx people together made up at least 56 percent.[7]  When did the term “excited delirium” evolve to describe a distinct type of “delirium?” How did the corresponding term “excited delirium syndrome” become a go-to diagnosis for medical examiners and coroners to use in explaining deaths in police custody? What is the evidence that it is indeed a valid diagnosis? This report traces the evolution of the term from when it appears to have first been coined in the 1980s to the present. Physicians for Human Rights (PHR) reconstructed the history of the term “excited delirium” through a review of the medical literature, news archives, and deposition transcripts of expert witnesses in wrongful death cases. We evaluated current views and applications of the term through interviews with 20 medical and legal experts on deaths in law enforcement custody. Additionally, we spoke to six experts on severe mental illness and substance use disorders to better understand the context in which the term most often arises. Finally, we interviewed members of two families who lost loved ones to police violence for a firsthand account of the harms of the term’s continued use. This report concludes that the term “excited delirium” cannot be disentangled from its racist and unscientific origins. Dr. Charles Wetli, who first coined the term with Dr. David Fishbain in case reports on cocaine intoxication in 1981 and 1985,[8] soon after extended his theory to explain how more than 12 Black women in Miami, who were presumed sex workers, died after consuming small amounts of cocaine.[9] “For some reason the male of the species becomes psychotic and the female of the species dies in relation to sex,” he postulated.[10] As to why all the women dying were Black, he further speculated, without any scientific basis, “We might find out that cocaine in combination with a certain (blood) type (more common in blacks) is lethal.”[11] After a 14-year-old girl was found dead in similar circumstances but without any cocaine in her system, Wetli’s supervisor, chief medical examiner Dr. Joseph Davis, reviewed the case files.[12] Davis concluded that all of the women –19 by that point – had actually been murdered, pointing to evidence of asphyxiation in many of the cases.[13] Investigators eventually came to hold a serial killer responsible for the murders of as many as 32 women from 1980 to 1989.[14] The year after the suspected killer’s arrest, Wetli continued to assert that at least some of the women had died from a combination of sex and cocaine: “I have trouble accepting that you can kill someone without a struggle when they’re on cocaine … cocaine is a stimulant. And these girls were streetwise.”[15] He also continued to promote a corresponding theory of Black male death from cocaine-related delirium, without any scientific basis: “Seventy percent of people dying of coke-induced delirium are black males, even though most users are white. Why? It may be genetic.”[16] Wetli’s grave mischaracterization of the murders of Black women in Miami – and the racism and misogyny that seemed to inform it – should have discredited his other equally racialized and gendered theory of sudden death from cocaine. Instead, the use of the term “excited delirium” grew. A small cohort of authors, many working as researchers or legal defense experts for TASER International (now Axon Enterprise) – a U.S. company that produces technology products and weapons, including the “Taser” line of electroshock weapons marketed as so-called “less-lethal” “stun” weapons – increased the broader use of the term by populating the medical literature with articles about “excited delirium.” In 2007, TASER/Axon purchased many copies of a book entitled Excited Delirium Syndrome written by one of its defense experts, Dr. Vincent Di Maio, and his wife Theresa Di Maio, that built on Wetli’s description of “excited delirium” by describing an “excited delirium syndrome.”[17] They distributed the book for free and also gave out other materials on “excited delirium” at conferences of medical examiners and police chiefs.[18] Seven years later, during a deposition, Dr. Di Maio acknowledged that he and his wife had “come up with” the term “excited delirium syndrome.”[19] The term has come to be used as a catch-all for deaths occurring in the context of law enforcement restraint, often coinciding with substance use or mental illness, and disproportionately used to explain the deaths of young Black men in police encounters.[20] PHR’s review leads to the conclusion that “excited delirium” is not a valid, independent medical or psychiatric diagnosis. There is no clear or consistent definition, established etiology, or known underlying pathophysiology. There are no diagnostic standards, and it is not included as a diagnosis in any version of the International Classification of Diseases, the international standard for reporting diseases and health conditions, currently in its tenth revision (ICD-10), or in the Diagnostic and Statistical Manual of Mental Disorders (DSM-5) criteria for psychiatric illness. Neither the American Medical Association nor the American Psychiatric Association currently recognize the validity of the diagnosis. In general, there is a lack of scientific data, and the body of literature supporting the diagnosis is small and of poor quality, with homogenous citations rife with conflicts of interest. The foundations underpinning the diagnosis of “excited delirium” have been misrepresented, misquoted, and distorted. The ICD-10 and DSM-5 acknowledge delirium and its subtypes as valid, but these do not align with purported criteria for “excited delirium” and are described as stemming from underlying causes. It seems that “excited delirium” as a diagnosis and standalone cause of death was originally brought about by one or a few people’s subjective opinions. The term has since taken on a meaning and life of its own, with a deleterious impact. In our interviews with clinicians and scientists across disciplines, there was no consensus on the definition of “excited delirium.” A review of the medical literature further confirms that the syndrome is not well defined or understood. The term is therefore scientifically meaningless because of this lack of consensus or rigorous evidentiary basis. Many of the studies that have been used to support the diagnosis have serious methodological deficiencies and are laden with conflicts of interest with law enforcement and TASER/Axon. Moreover, the use of “excited delirium” to explain agitated behavior raises the concern that underlying causes of these behaviors, such as a mental illness or substance intoxication, are not being diagnosed or treated. Most significantly, it is disturbing that “excited delirium” as a diagnosis has been used to justify aggressive and even fatal police tactics. It is also concerning that “excited delirium” has come to pervade law enforcement policies and training manuals, at least in part due to the continued acceptance of the term by the American College of Emergency Physicians (ACEP) and National Association of Medical Examiners (NAME). Officers in many law enforcement agencies are trained to respond to an array of medical emergencies as “excited delirium,” which in practice have included conditions that may not all warrant the same medical response, including heart attacks, drug or substance overdoses or withdrawals, acute psychosis, and oxygen deprivation. “Excited delirium” has also gained international reach, having received attention in the wake of in-custody deaths in Australia, Canada, and the United Kingdom, among other countries.[21] The diagnosis of “excited delirium” has come to rest on racist tropes of Black men and other people of color as having “superhuman strength” and being “impervious to pain,” while pathologizing resistance to law enforcement, which may be an expected or unsurprising reaction of a scared or ill individual (or anyone who is being restrained in a position that inhibits breathing). Presently, there is no rigorous scientific research that examines prevalence of death for people with “excited delirium” who are not physically restrained. People who present with symptoms and signs such as agitation, confusion, fear, hyperactivity, acute psychosis, sweats, noncompliance with directions, tachycardia (rapid heart rate), and tachypnea (rapid breathing), which are too often classified by medical examiners and coroners as “excited delirium,” must be recognized as having an underlying diagnosis. The specific underlying condition should be identified and treated. Too often, law enforcement officers are called as the sole first responders to medical emergencies and then use violent methods to forcibly restrain people manifesting these signs, methods – such as those that induce asphyxia from prone and other forms of restraint – that themselves may cause death. Consequently, “excited delirium,” rather than law enforcement actions, is cited as the cause of death, or as a factor contributing to death, in autopsy reports. PHR holds that “excited delirium” is a descriptive term of a myriad of symptoms and signs, not a medical diagnosis, and, as such, should not be cited as a cause of death. It is essential to end the use of “excited delirium” as an officially determined cause of death, particularly in cases of deaths in police custody. This is one critical step among many to stop these preventable deaths.",report,2022-03-02,,,https://phr.org/our-work/resources/excited-delirium/,Death Investigations|United States,"Altaf Saadi, MD|Joanna Naples-Mitchell, JD|Michele Heisler, MD, MPA",,b693cdac-b16e-4685-8b4c-4f5e6d1d58d8,https://phr.org/wp-content/uploads/2022/03/PHR-Excited-Delirium-Report-March-2022.pdf
Ukraine Crisis: Statement of Civil Society Organizations on Sexual and Reproductive Health Rights,,correspondence,2022-04-05,,,https://phr.org/our-work/resources/ukraine-crisis-statement-of-civil-society-organizations-on-sexual-and-reproductive-health-rights/,Sexual Violence|Ukraine,,,b693cdac-b16e-4685-8b4c-4f5e6d1d58d8,https://phr.org/wp-content/uploads/2022/04/Statement-by-Civil-Society-Organizations.pdf
Open Letter on COVID-19 Boosters in U.S. Immigration and Customs Enforcement’s Detention Facilities,,correspondence,2022-01-28,,,https://phr.org/our-work/resources/open-letter-on-covid-19-boosters-in-ice-detention/,COVID-19|United States,,,b693cdac-b16e-4685-8b4c-4f5e6d1d58d8,https://phr.org/wp-content/uploads/2022/01/Letter-on-COVID-boosters-in-ICE-detention-1.27.2022.pdf
She Pays the Highest Price: The Toll of Conflict on Sexual and Reproductive Health in Northwest Syria,"Attacking health care facilities has been a deliberate tactic in the Syrian conflict, which is now 12 years old. Even as international recognition of the systematic nature of these attacks has grown in response to widespread documentation of assaults, impunity for perpetrators continues. All parties to the conflict have perpetrated numerous acts of violence in violation of international humanitarian law (IHL). In the face of substantial evidence, however, member states of the United Nations have taken limited action to hold those responsible to account, or to protect health workers and the provision of vital health care services. Today, international headlines rarely feature the Syrian conflict. Yet, the war in Syria is far from over. Indeed, since the 2020 ceasefire, three aerial bombardments have been carried out on health care facilities.[1] The long-term and cumulative impacts of the conflict have generated a health care crisis for the 4.6 million civilians in northwest Syria.[2] Almost half of this population is female. Understanding how these attacks reduce availability and access to care for women and girls, including sexual and reproductive health (SRH) services, is vital to protect the human right to health, and to promote advocacy efforts in Syria and beyond. Based on primary data collected in northwest Syria, this report shines a light on the daily experiences of health care staff who provide SRH services, and, in turn, the patients who try to access these services. Providing health care is ever more tenuous there: during the month of November 2022, almost a million medical procedures took place with supplies and equipment that entered Syria as part of the cross-border operation implemented through the use of the Bab al-Hawa crossing.[3] While the impact of the violence in Syria on health care has been widely documented, the existing literature on the impact of violence on the provision of SRH care is scant. This report contributes to a greater understanding of this underexamined crisis. The impact of violence across northwest Syria, combined with reduced donor funding and economic collapse, has meant inadequate and uneven provision of health care for Syrians, particularly women and girls. In response to the violence, providers have been forced to leave or relocate beyond the line of fighting, leaving many unable to reach the care they need. This not only impacts civilian access to services, but also increases demand on the service providers in safer areas, undermining the quality of care. The devastating earthquakes which struck southeast Türkiye and northwest Syria in early February 2023 further limit the already precarious access to health care detailed in this report. In order to assess the impact of violence on SRH, researchers spoke with more than 260 mostly female respondents, who shared their experience accessing or providing SRH services. Qualitative interviews with reproductive health care workers and extensive focus group discussions with displaced and resident women in Idlib and Aleppo demonstrate that continued violence poses increasing and complex barriers to health care. Syrian women in the northwest reported that fear or experience of bombings, kidnapping, or exploitation all undermine their ability to access health clinics, leaving them without care or reliant on informal health service provision. Attacks on health care facilities are frequent enough that a high number of pregnant women in northwest Syria prefer to undergo a cesarean section instead of a vaginal birth, partly to reduce the time spent inside a health care facility. They also avoid prenatal care visits. Pregnant women reported they must travel long distances to seek medical care, putting themselves at risk. Providers and patients described deaths because of delays in care provision. Not all consequences were as visible: women also explained how the lack of access to SRH services negatively impacts both their mental health and that of their families. As economic crisis, inflation, and the impact of the earthquakes continue to grip Syria, the cost of medicine, transportation, and private health care undermines people’s ability to access the often lifesaving care they require. Stigma, cultural expectations, and lack of awareness of their rights and of service availability make access even more difficult. The services that are the most stigmatized, including for sexually transmitted infections and HIV/AIDS care, are also the least accessible, according to those interviewed. Many of the trends identified in this report can also be mapped to wider challenges that communities experiencing conflict face in meeting their health needs. Civilians and communities currently facing similar systematic violence against health care, such as in Myanmar, Ukraine, and Yemen, likely face similar barriers. The findings of this research are intended to raise awareness of the ongoing plight of Syrians and to contribute to policy change. While health actors, including humanitarian organizations, have worked to fill the gaps in health care provision, the current approach to the crisis in Syria is inadequate. Urgent changes are needed to protect the right to health for populations in northwest Syria and ensure access for those who require medical care. The devastating earthquakes that hit Syria and Türkiye on February 6, 2023 and the continuing damage caused by aftershocks further compound the already precarious access to health care detailed in this report. Challenges related to displacement, destruction of roads, lack of fuel, and limited health services provision will likely impact 148,000 pregnant women, 37,000 of whom are due to give birth in the three months following the earthquakes, with 5,550 women who may experience complications requiring emergency obstetric care, including C-section, according to the United Nations Office for the Coordination of Humanitarian Affairs (UN OCHA).[4] This report reflects the SRH concerns of those living and working in northwest Syria. It establishes a record upon which policymakers, donors, and health actors, including humanitarian organizations, may rely in addressing the crisis of SRH in northwest Syria. It provides core recommendations for the United Nations Security Council, United Nations member states, donors, health actors, and the coordination architecture.[5] Respondents emphasized that accountability, improved access to health care, greater awareness, and sufficient resources should be prioritized by policymakers and practitioners.",report,2023-03-14,,,https://phr.org/our-work/resources/sexual-and-reproductive-health-in-northwest-syria/,Attacks on Health Care|Syria,,,b693cdac-b16e-4685-8b4c-4f5e6d1d58d8,https://phr.org/wp-content/uploads/2023/03/REPORT-The-Toll-of-Conflict-on-Sexual-and-Reproductive-Health-in-Northwest-Syria_March-2023.pdf
Letter to UN Ambassadors on UNSC Border-crossing Reauthorization Vote,,correspondence,2021-07-02,,,https://phr.org/our-work/resources/letter-to-un-ambassadors-on-unsc-border-crossing-reauthorization-vote/,Syria,,,b693cdac-b16e-4685-8b4c-4f5e6d1d58d8,https://phr.org/wp-content/uploads/2021/07/PHR-letter-re-UNSC-border-crossing-reauthorization-vote_July-2021.pdf
Coalition Letter to the Biden Administration on Title 42 Border Expulsions,,correspondence,2021-06-30,,,https://phr.org/our-work/resources/coalition-letter-to-biden-administration-on-title-42-border-expulsion/,Asylum|United States,,,b693cdac-b16e-4685-8b4c-4f5e6d1d58d8,https://phr.org/wp-content/uploads/2021/06/NGOLetterBidenTitle42_June2021.pdf
Neither Safety nor Health: How Title 42 Expulsions Harm Health and Violate Rights,,report,2021-07-28,,,https://phr.org/our-work/resources/neither-safety-nor-health/,Asylum|United States,"Michele Heisler, MD, MPA",,b693cdac-b16e-4685-8b4c-4f5e6d1d58d8,https://phr.org/wp-content/uploads/2021/07/PHR-Report-United-States-Title-42-Asylum-Expulsions-July-2021.pdf.pdf
Open Letter to WHO Director-General Concerning the Election of the Government of Syria to the WHO Executive Board,,correspondence,2021-06-03,,,https://phr.org/our-work/resources/open-letter-to-who-director-general-concerning-the-election-of-the-government-of-syria-to-the-who-executive-board/,COVID-19|Syria,,,b693cdac-b16e-4685-8b4c-4f5e6d1d58d8,https://phr.org/phr-sams-letter-on-syrian-apt-to-who-exec-board-june2021/
Behind Closed Doors: Abuse and Retaliation Against Hunger Strikers in U.S. Immigration Detention,"Mr. Otieno, an asylum seeker from East Africa, is one of the many people in U.S. Immigration and Customs Enforcement (ICE) detention who began a hunger strike to protest poor conditions and seek release during the COVID-19 pandemic. Rather than listen to his pleas, ICE retaliated by locking him in a freezing cold room, force-feeding him through a nasogastric tube against his will, and transferring him to three different facilities. Only after subjecting him to all of this did ICE finally release him from detention in late 2020. Mr. Otieno, who lost 28 pounds and now takes medication for post-traumatic stress disorder (PTSD) and depression, described it as “an experience that I wouldn’t wish on my worst enemy.” The decision to begin a hunger strike in immigration detention is not taken lightly. A detained person’s refusal to eat may be the last option available to voice complaint, after all other methods of petition have failed. Detained and imprisoned people worldwide have engaged in hunger strikes to plead for humane conditions of confinement or release from captivity and to bring attention to broader calls for justice. Each day, the United States government unnecessarily locks up thousands of people in civil immigration detention, including children, in over two hundred immigration detention centers around the country. [1] People may be locked up for many months — even years — as they await final adjudication of their cases or deportation. Trapped in a system marked by mistreatment and abuse, medical neglect, and the denial of due process, hundreds of people in immigration detention engage in hunger strikes as a means of protest each year. ICE’s failure to provide safe and humane conditions in detention during the COVID-19 pandemic has only raised the stakes for detained people. Although some detained people, on occasion, are able to bring outside attention to their hunger strikes, very little is known of ICE’s systemic response to hunger striking detainees. This report provides for the first time an in-depth, nationwide examination of what happens to people who engage in hunger strikes while detained by ICE.",report,2021-06-23,,,https://phr.org/our-work/resources/behind-closed-doors/,Asylum|United States,"Joanna Naples-Mitchell, JD|Ranit Mishori, MD, MHS|Matthew Wynia, MD, MPH",,b693cdac-b16e-4685-8b4c-4f5e6d1d58d8,https://phr.org/wp-content/uploads/2021/06/ACLU-PHR-Behind-Closed-Doors.pdf
Profiles in Resilience: Why Survivors of Domestic Violence and Gang Violence Qualify for International Protection,"Although protection for refugees is a longstanding U.S. legal commitment under federal and international law, immigration policy has become a deeply politicized topic in the United States in recent years. Domestic violence and violence by organized gangs represent a major cause of forced displacement for those arriving at the U.S. border. Yet these forms of persecution are viewed skeptically by some policymakers who favor restricting immigration in spite of U.S. legal obligations to ensure the right to seek asylum. Extensive data demonstrates that the increase in migration from Central America to the United States in the past decade has been triggered by physical and sexual violence, death threats, and other abuses by organized gangs, domestic abusers, and government authorities, resulting in high levels of physical and psychological trauma. The Trump administration dismissed these claims as “meritless” and asylum seekers as “fraudsters” who exploit the “loophole” of asylum, alleging that they are actually criminals. Former attorney general Jeff Sessions flouted decades of domestic and international legal precedent by issuing a blanket statement, in a single case, that domestic and gang violence survivors will generally not qualify for asylum. This decision had the immediate impact of increasing denials of Central American asylum claims, in line with the political goals of the Trump administration to deter migration from Central America. A large proportion of Physicians for Human Rights (PHR) clients, who are asylum seekers receiving pro bono forensic evaluations, are survivors of domestic and gang violence. A research team, comprised of faculty from the University of California, Los Angeles (UCLA), graduate students from the UCLA Fielding School of Public Health, medical students at the David Geffen School of Medicine at UCLA, and PHR staff, analyzed 132 medical-legal affidavits resulting from medical and psychological evaluations of asylum seekers to capture the characteristics of the harms they experienced. The study also explored descriptive statistics that could expose discriminatory patterns of harm that were not captured through the qualitative analysis. Our hypothesis was that the physical and psychological findings in medical-legal affidavits would bring new insights that could inform efforts to change asylum policies. In this study, 81 percent (107 people) of the applicants were seeking asylum due to domestic violence and 29 percent (38 people) due to persecution by organized gangs; 10 percent (13 people) had experienced both domestic and gang violence. According to data from the affidavits, the applicants reported a wide range of trauma: of 26 types of trauma, almost two thirds (65 percent) of applicants had experienced six or more types. Nearly all (95 percent) of the applicants had experienced multiple trauma categories: 78 percent had experienced three or more categories of trauma while 15 percent had experienced all five trauma categories. Overall, sexual violence was very common in gang violence-related claims, with one third of applicants in this category reporting having been raped and five percent reporting a history of “gang rape” or rape by two or more perpetrators. Overall, 38 percent of applicants in this sample reported having a family member who had experienced violence or had been killed as a sign that they were likely to be targeted next. Perpetrators commonly threatened family members as a powerful means of coercing, threatening, or exploiting their specific targets. Affidavits captured the complicated social and gender norms, sense of male entitlement, and systemic disempowerment of women that motivated intimate partners to inflict physical and sexual violence. These pervasive beliefs about the obligations of women within intimate relationships were prevalent amongst perpetrators and local community members. Parents, guardians, and extended family members also perpetrated physical violence (50 percent) and sexual violence (19 percent). Many clients reported that their family members were motivated by adherence to social, religious, and community norms, such as the maintenance of male-dominant power structures within the family or the avoidance of familial “shame” caused by non-conformity to these customs. Of the 132 affidavits analyzed, 32 (24 percent) reported that the person sought assistance from a police, military, or government official or civil society organization. For 81 percent of those who sought assistance, there was either no response or the report resulted in direct persecution by the state actor. People reported that the state was unable or unwilling to protect them due to corruption, fear, normalization of domestic and gang violence in the community, and stigmatizing attitudes towards victims. More than a third of the people described in our sample (49 people or 37 percent) attempted to relocate within their home country prior to migrating to the United States, including 22 people who attempted to relocate more than once. For many asylum seekers, arrival in the United States did not mean that they had found safety. Almost half of the subjects in the sample (46 percent) reported ongoing trauma after entering the United States. This trauma often took the form of ongoing threats by former persecutors through phone or social media. Other applicants reported experiencing new forms of abuse after arrival in the United States, including by harassment or assault in their new workplace or abuse by new intimate partners. Other types of abuse that were reported after arrival in the United States included trauma related to detention and forced prostitution. Of the 101 affidavits in this sample that included a mental health evaluation, 79 percent met criteria in the Diagnostic and Statistical Manual of Mental Disorders (DSM–5) for a mental health diagnosis. Post-traumatic stress disorder (PTSD) was the most common diagnosis, with 68 percent of people who underwent a mental health evaluation meeting criteria for this diagnosis. Suicidality was also very common, with 32 percent of people reporting any history of suicidal ideation or attempt and 13 percent reporting active suicidality at the time of the evaluation. Of the 50 evaluations that included a physical evaluation, the most common types of physical injuries reported were cuts (28 people, 56 percent) followed by burns (12 people, 24 percent). The majority of clinicians in this sample concluded there was objective physical or psychological evidence of past trauma consistent with, highly consistent with, or diagnostic of the history of trauma described by the applicant. Many affidavits commented on resilience factors that helped the applicants recover from their prior trauma and adjust to a new life in the United States. These resilience factors included family and social support, religion and collective identity, work and school, access to mental and other clinical health services, and individual traits. Mental health improvement was strongly associated with the number of reported resilience factors. Improvement in mental health was reported in 74 percent of subjects who reported two or more resilience factors, compared to 14 percent of subjects who reported no resilience factors. The Refugee Convention defines a refugee as someone who is unable or unwilling to avail themselves of the protection of their country from persecution, for the reasons, or “protected grounds,” of race, religion, nationality, membership of a particular social group, or political opinion. The UN High Commissioner for Refugees (UNHCR) advises that domestic violence and gang violence survivors may be considered “members of a particular social group” due to their gender, or due to gender with their relationship status or national origin, and that in gang violence cases, survivors can be considered members of social groups which are defined as groups by their past actions or experiences, such as resisting gang recruitment or refusing to pay extortion money to gangs. Opposition to gang activity and domestic violence can also be understood as a type of political opinion. According to UNHCR, persecution by non-state actors, such as gang members or violent family members, should be recognized whenever a government is unable or unwilling to control the perpetrators. The data in this study provides additional evidence that the harms suffered by asylum seekers from domestic and gang violence are real and severe, and that victims often cannot find protection in their own country. These narratives of abuse and trauma in this study were consistent with mental and physical health evidence, as documented according to international standards contained in the Istanbul Protocol. Domestic and gang violence survivors can meet the criteria for international protection, especially when their persecution and inability to obtain protection is understood through a gender lens. The Biden administration should revise Department of Homeland Security and Department of Justice regulations to ensure that U.S. asylum law is consistent with international refugee law standards in the protection that it offers. Ultimately, Congress should amend the Immigration and Nationality Act to codify these standards at the level that international law requires. Refugees, asylum seekers, and all immigrants must be treated humanely. The people whose narratives are described in this study were bona fide applicants who were granted asylum in the United States after experiencing severe harm in their home countries, often over many years and by multiple perpetrators. Some 46 percent of them reported experiencing ongoing trauma in the United States, most commonly due to ongoing threats to themselves or their loved ones and new experiences of domestic violence in the United States. For some, mistreatment in detention, separation from family, inability to work, and anxiety about their asylum cases also caused deteriorating mental health symptoms after they arrived in the United States. Nevertheless, this study demonstrates the resilience of these applicants and the possibility for healing for those who are able to find safety in the United States. Statistical analysis showed that those who did not experience ongoing trauma in the United States or who had factors that promote resilience, such as family and community support, opportunities for religious engagement, employment, and education, and access to mental and other clinical health services, had significantly better health outcomes. These courageous survivors can heal if we ensure respect for their dignity, well-being, and human rights.",report,2021-06-09,,,https://phr.org/our-work/resources/profiles-in-resilience-why-survivors-of-domestic-violence-and-gang-violence-qualify-for-international-protection/,Asylum|United States,,,b693cdac-b16e-4685-8b4c-4f5e6d1d58d8,https://phr.org/wp-content/uploads/2021/06/PHR_UCLA_Profiles_in_Resilience_June_2021_FINAL_FULL_REPORT_WEB.pdf
An Open Letter to President Ortega on the Human Rights Crackdown in Nicaragua,,correspondence,2021-07-14,,,https://phr.org/our-work/resources/an-open-letter-to-nicaragua-president-ortega/,,,,b693cdac-b16e-4685-8b4c-4f5e6d1d58d8,https://phr.org/wp-content/uploads/2021/07/PHR-Ortega-Letter-7.11.21-ENG85.pdf
The United States Urgently Needs a COVID-19 Vaccination Plan for People in Immigration Detention: An Open Letter to DHS Secretary Mayorkas,,correspondence,2021-05-17,,,https://phr.org/our-work/resources/the-united-states-urgently-needs-a-covid-19-vaccination-plan-for-people-in-immigration-detention/,COVID-19|United States,,,b693cdac-b16e-4685-8b4c-4f5e6d1d58d8,https://phr.org/wp-content/uploads/2021/05/PHR-Open-Letter-to-Secretary-Mayorkas-April-1-2021.pdf
"Expert Statement on Individual and Community Effects from Trauma Due to NYPD Use of Force in Response to the Mott Haven Protest on June 4, 2020","On June 4, 2020, the New York City Police Department (NYPD) used force against protestors of police violence, arresting 263 people in the Mott Haven neighborhood of the South Bronx. Mott Haven is a predominantly Black and Latinx community that historically has experienced high rates of poverty and homelessness. Since March 2020, the community has also faced high rates of infection and death from COVID-19. For many years, both the overall community and individuals living within the community have endured the deleterious effects of systemic racism, including from over-policing. The Bronx Defenders, a Bronx-based legal assistance nonprofit organization, is representing 23 of the Mott Haven protestors, each of whom was detained and arrested by the NYPD. These 23 people are members of the Mott Haven Collective that is now calling for the City of New York to pay reparations to the community due to the June 4 police violence. In December 2020, the Bronx Defenders asked Physicians for Human Rights (PHR) if it would be willing to provide an analysis of the physical and psychological sequelae of the individual and community-level trauma stemming from these police actions; this was to be done using the relevant facts described by these 23 protestors regarding their reported experiences, including an analysis of both mental and physical harms.[A] PHR’s medical and psychiatric experts conducted an independent assessment of these individuals’ Notices of Claim and prepared this report analyzing these and other factors. The PHR experts addressed five key questions in this report. First, were there patterns and types of traumatic events experienced at the hands of the NYPD and, if so, to what extent? Second, to what extent were these patterns consistent with the scientific literature about individual mental health harms that result from witnessing or experiencing police violence and mistreatment? Third, did PHR’s experts find that there were ongoing mental health symptoms resulting from this trauma after reviewing the Notices of Claim, and to what extent did these relate to the diagnostic criteria for post-traumatic stress disorder (PTSD), anxiety, depression, and psychological distress? Fourth, what scientific literature on community trauma is relevant for assessing the community effects of the NYPD actions on June 4, 2020? And, finally, did PHR’s experts believe that there were general principles that should guide necessary individual and systemic responses to address the harms sustained by both individual protestors and the broader Mott Haven community? Preliminarily, it needs to be noted that the PHR medical and psychiatric experts cannot offer formal diagnoses, because actual clinical interviews or examinations have not been conducted. However, a thorough review of the documentation provided does lead to the conclusion that all of the claimants describe having had exposures to traumatic events consistently reported as being caused by actions of the NYPD. In our opinion, these meet the diagnostic criteria in the American Psychiatric Association’s most recent edition of its Diagnostic and Statistical Manual of Mental Disorders (DSM-5).  “Traumatic events” are defined as an exposure to “actual or threatened death, serious injury, or sexual violence in one (or more) of the following ways: 1. directly experiencing the traumatic event(s); 2. witnessing, in person, the event(s) as it occurred to others; 3. learning that the traumatic event(s) occurred to a close family member or close friend. (In cases of actual or threatened death of a family member or friend, the event(s) must have been violent or accidental); 4. experiencing repeated or extreme exposure to aversive details of the traumatic event(s).” The 23 claimants all describe experiencing physical, mental, and/or verbal abuse directed at them and witnessing these abuses against other people. All 23 protestors were subject to the threat of serious injury, with several explicitly expressing their fear of being killed by police. Twenty-two of the protestors themselves described experiencing direct violence against them. Our analysis concluded that there was a total of 84 events.[B]  People who are exposed to traumatic events are at elevated risk for multiple mental health symptoms compared to those with no traumatic exposures. Both the severity of risk and the type of exposure matter. The large and growing body of rigorous evidence from the scientific literature that the report reviews demonstrates that both experiencing police violence and witnessing police violence are independently associated with poor mental health and, at times, poor physical health. The literature further indicates that the “police” in “police violence” may bestow a specific heightened meaning that extends beyond the violence and the threats of violence itself. Nineteen claimants describe experiencing cardinal symptoms of PTSD, depression, or anxiety since the events at the Mott Haven protest, with some describing symptoms consistent with all of these conditions. Such police violence, as occurred in Mott Haven, can impair the communities in which it occurs, thereby producing community trauma. When perpetrated against predominantly Black, Latinx, and other marginalized communities in the United States that have historically suffered disproportionately from experiencing and witnessing police violence, such violence further compounds collective trauma. The resulting individual and community harms can have broad effects on community members, including negatively affecting community trust and cohesion, overall well-being, and social bonds. In the opinion of PHR’s experts, the harms sustained by both individual protestors and the broader Mott Haven community require both individual and community-wide responses. There should be redress for the individual protestors. There also should be measures to address the community spillover effects, where members in the surrounding community who did not take part in the protest may experience psychiatric sequelae from the police actions on June 4, 2020, as well as the damage to intra-community and community-government relations. Interventions aimed at reducing the burden of trauma and its outcomes should also include bystanders and other observers in addition to those directly affected. Effective responses should also directly address collective trauma. The report concludes with recommended principles to guide meaningful and, in our opinion, necessary actions.",report|brief,2021-04-20,,,https://phr.org/our-work/resources/expert-statement-on-individual-and-community-effects-from-trauma-due-to-nypd-use-of-force-in-response-to-the-mott-haven-protest-on-june-4-2020/,Weapons|United States,,,b693cdac-b16e-4685-8b4c-4f5e6d1d58d8,https://phr.org/wp-content/uploads/2021/04/PHR-Mott-Haven-Protest-Expert-Statement-April-2021.pdf
Title 42 Border Expulsions: How Biden and the CDC’s Misuse of Public Health Authority Expels Asylum Seekers to Danger,,other,2021-05-20,,,https://phr.org/our-work/resources/title-42-border-expulsions-how-biden-and-the-cdcs-misuse-of-public-health-authority-expels-asylum-seekers-to-danger/,Asylum|United States,,,b693cdac-b16e-4685-8b4c-4f5e6d1d58d8,https://phr.org/wp-content/uploads/2021/05/PHR-Title-42-Order-Fact-Sheet.pdf
The Human Rights Implications of Global COVID-19 Vaccine Distribution,,factsheet,2021-02-25,,,https://phr.org/our-work/resources/the-human-rights-implications-of-global-covid-19-vaccine-distribution/,COVID-19|Global,,,b693cdac-b16e-4685-8b4c-4f5e6d1d58d8,https://phr.org/wp-content/uploads/2021/02/The-Human-RIghts-Implications-of-Global-COVID19-Vaccine-Distribution-Fact-Sheet-Feb-2021.pdf
Challenges Faced by the Iraqi Health Sector in Responding to COVID-19,,report,2021-04-06,,,https://phr.org/our-work/resources/challenges-faced-by-the-iraqi-health-sector-in-responding-to-covid-19/,COVID-19|Iraq,"Abdulrazzaq Al-Saiedi, MPA|Maram Haddad, MA",,b693cdac-b16e-4685-8b4c-4f5e6d1d58d8,https://phr.org/wp-content/uploads/2021/04/PHR_COVID-19-and-Health-in-Iraq_April-2021.pdf
Praying for Hand Soap and Masks,"Physical and psychological abuse and inadequate medical care have long been documented in U.S. Immigration and Customs Enforcement (ICE) facilities, where previous infectious disease outbreaks were poorly contained. In 2020, as the COVID-19 pandemic spread across the United States, it became clear that ICE’s continued negligence, coupled with the vast expansion of U.S. immigration detention, would likely lead to a public health disaster. Given the lack of transparent data and the severe health risks in congregate settings caused by the pandemic, Physicians for Human Rights (PHR) staff and Harvard Medical School faculty and students sought to document conditions experienced by people recently released from U.S. immigration detention. From July 13 to October 3, 2020, the research team conducted 50 interviews of immigrants formerly detained by ICE using a standardized questionnaire covering 1) Demographics; 2) COVID-19 education; 3) Hygiene and sanitation measures; 4) COVID-19 testing and medical management; and 5) Protests and retaliation. The 50 participants were detained at 22 different ICE detention facilities – representing nine county facilities and 13 private facilities – in 12 different states. Overall, 52 percent of interviewees reported at least one comorbidity that placed them at an absolute high risk of severe COVID-19 if they contracted the virus. All study participants were 18 years of age or older, in the United States at the time of the interview, and had been held in ICE detention with a release date on or after March 15, 2020. Information reported by the interviewees uncovered significant shortcomings in ICE’s response to the virus. Staff efforts to inform people about COVID-19 were limited and inconsistent. The vast majority of respondents (85 percent) first heard about COVID-19 in detention by watching the news on television, while ICE staff in some facilities attempted to downplay the significance of COVID-19 and actively prevented people from learning about the virus from the news by asking them to change the television channel. Nearly all immigrants interviewed were unable to maintain social distance throughout the detention center. Eighty percent reported never being able to maintain a six-foot distance from others in their eating area. Some 96 percent reported that they were less than six feet from their nearest neighbor when sleeping. The average distance reported between beds was 2.87 feet. Twenty-seven people reported that when new individuals entered the detention center after March 15, they were not quarantined for two weeks before entering the general unit. Forty-two percent of participants reported not having access to soap at some point during their detention. When soap or hand sanitizer was not available, some participants reported resorting to using shampoo to wash their hands, and one even used toothpaste. Thirty-six percent of participants reported relying on purchasing soap from the commissary. Several people relied on donations from outside organizations, while others had to forgo other basic necessities to purchase soap. Eighteen percent of participants reported most commonly using water alone to wash their hands. Eighty-two percent of people reported not having access to hand sanitizer anywhere in the detention facility. Twenty-six percent of participants reported never observing disinfection of frequently touched surfaces in common areas (e.g. doorknobs, light switches, countertops, recreation equipment). The overwhelming majority (83 percent) reported that detainees disinfected the common areas themselves. Twenty-one out of 50 people interviewed (42 percent) experienced symptoms of COVID-19 during the pandemic, such as fever, cough, muscle aches, and loss of smell. Three out of these 21 (14 percent) never officially reported their symptoms due to fear of being sent to solitary confinement or other punishment, or anticipation of denial of medical care. Out of all respondents who reported symptoms, only 17 percent (three people) were appropriately isolated from the general population and tested for COVID-19, one of whom tested positive. The remaining 83 percent (15 people) reported their symptoms to facility staff members but did not get tested for COVID-19 and were not isolated. Interviewees reported facing prolonged wait times before being able to see a medical professional, with an average wait time of 100 hours (approximately four days). One person reported having had to wait a total of 25 days for an appointment. Importantly, two people were never seen by a medical professional at all, even after reporting their symptoms to staff members. While 88 percent of all participants (44 people) had at least one comorbidity placing them at possible increased risk of severe COVID-19, 56 percent (28 people) reported these risk factors to detention staff, but only four of them were told that they were at high risk of having a serious illness with COVID-19. None of those four were given the option to have an individual room. Forty-three study participants (86 percent) stated that they reported and/or protested about issues related to COVID-19, including verbally complaining to staff about unsanitary conditions or lack of personal protective equipment, filing formal grievances, going on hunger strikes, reporting conditions to lawyers, reporting conditions to the media, and sending messages to family members with the hope they would be publicized. Of these 43 who protested, 56 percent (24 people) reported experiencing acts of intimidation and retaliation after their complaints, including verbal abuse by detention facility staff, being pepper sprayed, being placed in solitary confinement, and experiencing threats or actions of limiting food, communication, or commissary access. As civil detainees, people in immigration detention are entitled to due process under the Fifth Amendment of the U.S. Constitution and cannot be held in punitive conditions. The government cannot put people in danger or act with deliberate indifference to a foreseeable or obvious threat, and is required to provide for the reasonable health and safety of people in detention. The UN Standard Minimum Rules for the Treatment of Prisoners, which apply in all detention settings, confirm that health care for people who are detained is the responsibility of the state, and that health care also must follow public health principles in regard to management of infectious disease, including treatment and clinical isolation. In fact, international law limits the use of immigration detention and prohibits criminalizing border crossing for asylum seekers. Article 31(2) of the UN Refugee Convention permits states to restrict refugee freedom of movement only when necessary, otherwise it may amount to a “penalty,” which is prohibited under the Convention. The UN High Commissioner for Refugees’ (UNHCR) Executive Committee considers detention of asylum seekers as meeting the necessity test only when the government detains people to verify their identity or issue documents, to make a preliminary assessment of their asylum claim, or based on an individualized security assessment. International standards consider immigration detention as a last resort and require periodic hearings for all types of detention in order to prevent arbitrary detention. International bodies and U.S. federal courts have applied these standards to the context of the pandemic. The World Health Organization, the UN High Commissioner for Human Rights, and UNHCR stated in March 2020 that, given the risk of severe illness and death from COVID-19, people in immigration detention should be released “without delay.” U.S. federal courts have variously ordered ICE to locate and release people at high risk of severe illness or death due to the coronavirus, to give masks and sanitizer to detainees, to ensure availability of testing, and to take a range of precautionary measures, such as isolating people who test positive, temporarily halting intake, enforcing social distancing and mask wearing, and providing appropriate sanitary and hygiene supplies. The harsh and punitive conditions reported in this study show that ICE practices did not comply with Centers for Disease Control and Prevention guidance or with ICE’s own Pandemic Response Requirements, creating unacceptable health risks which violated the constitutional and human rights of detainees. International law requires governments to use immigration detention only as a last resort, and the U.S. constitution prohibits punitive conditions in civil detention, requiring the government to ensure safe and healthy conditions. As an urgent matter, the U.S. government should release all people from immigration detention to allow them to safely shelter in the community, absent a substantiated individual determination that the person represents a public security risk. Safely releasing people from immigration detention is in accordance with international human rights and U.S. constitutional standards and represents the best way to prevent further outbreaks of COVID-19.",report,2021-01-12,,,https://phr.org/our-work/resources/praying-for-hand-soap-and-masks/,COVID-19|United States,,,b693cdac-b16e-4685-8b4c-4f5e6d1d58d8,https://phr.org/wp-content/uploads/2021/01/PHR-Praying-for-Hand-Soap-and-Masks.pdf
Silenced and Endangered: Clinicians’ Human Rights and Health Concerns about Their Facilities’ Response to COVID-19,"Health care workers have been fired, faced new restrictions, and even been detained for voicing their safety concerns. Many governments and employers have praised health care workers as heroes, while silencing their voices and denying them basic, life-saving protections. Public health and health care systems throughout the world were woefully unprepared for the COVID-19 pandemic. As hospitalizations surged, frontline health care workers caring for patients with COVID-19 have grappled with shortages of protective personal equipment (PPE) and of necessary resources and equipment for patient care, often with little guidance to inform their allocation decisions. Many health care workers have been infected with and died from COVID-19. And many more have experienced high levels of stress, anxiety, and burnout. Such stress may be compounded by moral distress, defined as knowing the right thing to do but finding it impossible due to institutional or other constraints. This results from clinical decision-making in a resource-constrained environment without clear ethically grounded guidance. And in the face of all these threats and challenges, health care workers who have spoken out about their safety concerns or allocation decisions have faced reprisals and retaliation worldwide, from both their employers and their governments. Health care workers have been fired, faced new restrictions, and even been detained for voicing their safety concerns. Many governments and employers have praised health care workers as heroes, while silencing their voices and denying them basic, life-saving protections. Such reprisals have created a climate of fear for health care workers and have had a chilling effect on their freedom of expression – all at a time when the world needs to listen to its medical and public health professionals more than ever. Early in the pandemic, from May to June 2020, a team of researchers from Physicians for Human Rights (PHR) and the University of California, Berkeley sought to better understand the human rights and health concerns of health care workers who provide direct patient care. An online survey was sent to PHR’s network of clinicians and through nurse and physician membership organizations. The survey asked about their experiences with 1) access to adequate resources such as PPE and necessary materials for patient care; 2) retaliation or reprimands from employers or government officials for speaking out in defense of the safety and rights of patients and health care workers; and 3) provision of clear, transparent guidelines and training around resource allocation. Almost all of the 901 health care workers who completed the survey were physicians and nurses practicing at urban or semi-urban U.S. academic medical centers and private health systems, a majority in California, Massachusetts, and New York. These are relatively highly resourced health care settings, far more privileged than most health care facilities in the world and compared to other settings, such as rural health care systems or most health care facilities in low- and middle-income countries. Yet, even in these high-resource health care settings, 63 percent of health care workers reported PPE shortages at their place of work. Of those respondents who worked in health facilities that faced PPE shortages, 76 percent were worried about their personal health. Twenty-five percent of the surveyed health care workers reported the rationing of disinfectants, sanitizers, and other cleaning supplies in their workplace. Health care workers also commonly reported an insufficient amount of diagnostic testing, such as COVID-19 tests or antibody tests, with 23 percent of respondents experiencing active rationing and limiting of these tests in their workplace. While 68 percent of health care workers reported feeling comfortable communicating internally with their health system administrations about safety concerns, only 37 percent reported that they would feel confident speaking publicly about safety issues without facing retaliation from their institution. One New York hospitalist physician described a “pervasive and chilling fear of reprisals from management” that created a great deal of moral distress for hospital workers. In the face of widespread shortages of essential resources, a majority of health care workers felt unprepared for allocating scarce resources to their patients. Some 54 percent of respondents stated that they had not received sufficient training or preparation in how to allocate scarce resources to patients during the COVID-19 pandemic. In contrast, only 26 percent reported that they had received sufficient training.  Similarly, 46 percent of respondents felt that their health care facility had not given them clear information about how scarce resources would be allocated, if necessary, in order to prevent the burden of making decisions from falling on the bedside team. Only 32 percent felt that they had, in fact, been given clear information on this process. In contrast, more than half of health care worker survey respondents were concerned that their belief in what is right would conflict with institutional constraints or procedures when allocating limited resources. At the time of this survey in May-June 2020, 17 percent of respondents reported that they already had concerns and conflicts of this type, while 49 percent of respondents were worried about such conflicts in the future. This snapshot of experiences from the first wave of the pandemic illuminates the lack of preparation and the shortages of PPE and medical resources even at high-resource health care facilities. As many countries and U.S. states continue to experience additional surges of COVID-19 cases and increased hospitalizations, it becomes even more crucial to ensure that the human rights and safety of health care workers are protected. Health care workers are protected by international human rights law and various domestic laws and are entitled to workplace safety and a right to health. In the context of this pandemic, these rights are being violated and employers and governments are failing to meet their legal obligations to the rights of health care workers. The following measures continue to be urgently needed.",report,2021-02-23,,,https://phr.org/our-work/resources/silenced-and-endangered/,COVID-19|United States,,,b693cdac-b16e-4685-8b4c-4f5e6d1d58d8,https://phr.org/wp-content/uploads/2021/02/Silenced-and-Endangered_HCW-Berkeley-survey-report-Feb-2021with-covers.pdf
"Obstruction and Denial: Health System Disparities and COVID-19 in Daraa, Syria","In March 2011, following the uprisings throughout the Middle East known as the Arab Spring, civilian protests against the government of Syrian President Bashar al-Assad broke out in Daraa City, the capital of Daraa governorate in southern Syria.[1] The popular uprisings that drove the revolution were triggered when Syrians nationwide witnessed video footage circulated online of the corpse of 13-year-old Hamza Ali al-Khateeb from rural Daraa – who was taken into government custody after attending a peaceful protest – showing clear evidence of torture, including genital mutilation. Peaceful protests throughout the country ensued, followed by a brutal government response and military crackdowns on protestors and other civilians. In June 2018, the Syrian government and its Russian allies began a military offensive against opposition forces in Daraa that displaced more than 270,000 civilians from across southern Syria.[2] Health facilities were a primary target of airstrikes, reportedly in order to deprive local populations of essential services and to pressure opposition leaders to submit.[3] After fierce aerial bombing, the government and its Russian allies offered opposition leaders “reconciliation agreements,” negotiated truces that would allow for a return to life under government control and full access to public services, presumably including health care.[4] Daraa was retaken by the government over the next months, and the offensive ended in August 2018.[5] As the Syrian government has regained control of opposition-held territories like Daraa, the pattern of violence has shifted to include reprisals, willful neglect, denial of access for humanitarian services, suppression of information, and arbitrary withholding of aid.  A human rights crisis lies at the origin of the humanitarian crisis in Syria. Physicians for Human Rights (PHR) has documented human rights violations, including attacks on health care facilities and personnel, and the arrest, detention, and torture of health care workers, since the beginning of the Syrian conflict in 2011. The Syrian government’s systematic destruction of health facility infrastructure, targeted assassinations and kidnappings of health care workers, and obstruction of population movement in opposition-held areas have led to a health system that fails to respond to basic health needs, let alone to the COVID-19 pandemic. By the end of December 2019, nearly 50 percent of hospitals in government-controlled areas had experienced partial or full damage of their facilities, and 19 percent were considered only partially accessible or inaccessible.[6]   For this report, PHR researchers conducted 19 key informant interviews between August and October 2020 using remote communication methods. Key informants included humanitarian workers, research analysts, academics, and journalists, based in Jordan, Lebanon, Syria, Türkiye, the United Kingdom, and the United States. Key informants had close contacts inside Daraa, a working knowledge of the health system in Daraa before and after reconciliation, and/or familiarity with COVID-19 in Daraa. The interviews were supplemented by a desk research review regarding COVID-19 and health system trends in Daraa and in southern Syria, more broadly. Despite limitations in the ability to conduct interviews with health care workers or other health stakeholders inside Daraa due to security reasons, this report corroborates accounts from multiple stakeholders with contacts inside Daraa which point to the systematic and intentional neglect by the Syrian government of the overall health system and COVID-19 response effort within the southern governorate. This report examines factors contributing to the health system decline in Daraa since 2018, when the area was retaken by the Syrian government. As part of the reconciliation agreements, the government reportedly agreed to reinstate all dismissed government employees, including former Ministry of Health employees, and to rebuild civil government institutions such as the public health sector.[7] However, according to report findings, the Syrian government has done little to rebuild areas formerly under opposition control or to replace the essential health services that were provided by the humanitarian organizations that were forced to withdraw following the government takeover of the area. The Syrian government heavily regulates the handful of UN agencies and international non-governmental organizations (NGOs) who continue to support health programs in the south by limiting permissions for NGO registration and access, taking excessively long to approve projects, and restricting monitoring visits. As a result, Daraa’s health system remains largely destroyed and under-resourced; two years after reconciliation, most of Daraa’s population has no access to adequate health services, with estimates indicating that more than 446,000 civilians in Daraa are considered persons in need of humanitarian aid.[8] Further, interviewees indicated that the government routinely diverts aid through recipient lists that are given to the Syrian Arab Red Crescent only after security personnel have removed the families of people blacklisted by the regime. The government’s restriction of humanitarian aid to areas it deems disloyal and the illegal diversion of the humanitarian assistance that is permitted to enter violates established humanitarian principles. The report also explores the impact of Syrian government control of access to health care in Daraa since reconciliation, including during the COVID-19 pandemic. Patients, especially those with chronic health conditions, were already struggling to receive necessary care before March 22, 2020, when the first cases of COVID-19 in Syria were acknowledged by the government. Facilities are now reportedly overwhelmed with the COVID-19 caseload. Although official reports indicate no more than 7,887 cases of COVID-19 (and 417 deaths) in government-controlled areas since reporting began in March, there is widespread consensus, even from within the Syrian government, that these numbers do not capture the true caseload.[9],[10],[11] The government has suppressed public information about the pandemic and testing capacity remains woefully inadequate; there are no laboratories capable of processing COVID-19 test samples in Daraa.[12]In short, Daraa’s health system is undersupplied, understaffed, and incapable of handling a more widespread COVID-19 outbreak. Daraa’s health system has suffered from repeated attacks on its facilities and personnel throughout the years of conflict. In comparison to other parts of Syria, Daraa has lost the greatest proportion of hospital beds since the conflict began: in 2019, the in-patient capacity of its public hospitals was 310 beds, versus the pre-conflict capacity of 810 beds.[13]Of the eight “national” or public hospitals in Daraa, only one, in Daraa City, is fully functioning.[14]In addition to the physical damage to the health system in Daraa, the health care workforce has also suffered from years of government targeting and neglect and shortages of health care workers are a major impediment to civilian health care access. Significant displacements occurred in Daraa during the uptick in hostilities in 2018, and likely included qualified health care workers who worked for humanitarian aid organizations, who were particularly fearful of violence and retribution from government security forces.[15] Requirements that health care providers undergo individual reconciliation processes have exacerbated the shortages, as many were reportedly denied security clearance and have not been able to return to work in the public sector.[16] The health care worker shortage in Daraa serves as an example of how the government has handled the provision of health services in areas retaken from the opposition compared to loyalist areas; in 2019, the number of doctors per 10,000 residents in Daraa was 1.1, while in Damascus, it was 20.3 and in Latakia, 15.3.[17] Findings from this study also warn of the risk COVID-19 poses to areas outside of Damascus, and particularly, recently reconciled areas such as Daraa, where health professionals and facilities have little access to personal protective equipment, testing kits, and the means to monitor and treat severe cases. Furthermore, the pandemic has struck Syria at a particularly challenging time for the economy; sanctions imposed by the European Union and the United States have contributed greatly to the currency devaluation.[18] The weakened economy has impacted access to health care in Daraa, where government-provided services are inadequate, and patients must pay for transportation to functioning public facilities or seek care in the costly private sector. As with most secondary health services since reconciliation, severe COVID-19 cases in Daraa require transfer to Damascus. In addition to being beyond the financial means of most Daraa residents, travel to Damascus, or even between some towns within the governorate, is not possible due to the volatile security situation. In addition to the general lawlessness and criminality that is reportedly on the rise, many people, particularly young men, fear being detained at checkpoints, which have increased in the COVID-19 era.[19]Young men may be apprehended at a checkpoint because their “reconciliation card” may not be accepted, they are wanted by the government for opposition involvement, or they have not completed the compulsory military service. Both the crumbling economy and the increasing physical insecurity for civilians have intensified patients’ inability to access care, including treatment for COVID-19, in Daraa. Governments, the United Nations, and international humanitarian organizations with the ability to advocate, act, and influence the Syrian government to expand its COVID-19 response strategies must be well-informed by timely, reliable data from the Ministry of Health and the World Health Organization of the current health situation in reconciled areas. The government of Syria and humanitarian organizations must improve their COVID-19 preparedness and response efforts in southern Syria in order to prevent successive waves of COVID-19 within Syria, in surrounding countries (such as neighboring Jordan), and in the region, as well as future pandemics. While humanitarian assistance is badly needed, donors and agencies must also demand transparency and accountability for aid. Given the deterioration of the security situation and profound economic pressures, governments, international humanitarian organizations, and the United Nations must urge the Syrian government both to expand its COVID-19 response strategies and to commit to an equitable distribution of health resources informed by transparent reporting of health data from reconciled areas. In particular, the health system in Daraa – a region adjacent to both Jordan and the Golan Heights, and whose population the government considers disloyal – is in dire need of supplies and personnel to prevent the spread of COVID-19 within Syria and to neighboring countries. The Syrian government’s failure to rebuild essential health system infrastructure and invest in the health care workforce, its withholding of access to humanitarian aid, and its restrictions on data collection and dissemination have all contributed to the failure of the health system in Daraa, which now struggles to respond to the COVID-19 pandemic. PHR recognizes that the Syrian government’s longstanding persecution of health care workers continues with impunity and reiterates these recommendations to the government:",report,2020-12-08,,,https://phr.org/our-work/resources/obstruction-and-denial-health-system-disparities-and-covid-19-in-daraa-syria/,Persecution of Health Workers|Syria,,,b693cdac-b16e-4685-8b4c-4f5e6d1d58d8,https://phr.org/wp-content/uploads/2020/12/PHR_Obstruction-and-Denial_Health-System-Disparities-and-COVID-19-in-Daraa-Syria_Dec-2020.pdf
"Sexual Violence, Trauma, and Neglect: Observations of Health Care Providers Treating Rohingya Survivors in Refugee Camps in Bangladesh","In August 2017, the armed forces of Myanmar (Tatmadaw) unleashed a campaign of widespread and systematic attacks on the country’s Rohingya communities, escalating previous episodes of violent human rights abuses committed against the Rohingya population. The United Nations (UN) and multiple human rights groups documented that Myanmar security forces committed rape, gang rape, sexual slavery, forced nudity, genital mutilation and other forms of violence targeting sexual organs, sexual assault, and threats and attempts at rape and sexual assault, followed by the killing of victims. In numerous instances, survivors recounted being forced to witness the rape or sexual assault of family or community members. Following what the Myanmar government called “clearance operations,” more than 720,000 Rohingya fled to neighboring Bangladesh. Analyses of these atrocities suggest that sexual violence is a deliberate strategy used by the Tatmadaw to intimidate, terrorize, punish, and forcibly displace the Rohingya civilian population from their land. For more than 15 years, Physicians for Human Rights (PHR) has documented the persecution of the Rohingya and other ethnic minorities in Myanmar. In 2017 and 2018, PHR carried out forensic examinations of survivors and gathered qualitative and quantitative data corroborating the serious human rights violations committed against the Rohingya in August 2017. Few studies have documented the experience of Rohingya refugees through the lens of the people who cared for them in Bangladesh – doctors, nurses, mental health experts, and other health professionals. PHR sought the perspective of health care workers in order to provide an independent corroboration of the patterns of violence sustained by the Rohingya community. PHR interviewed 26 health care workers from a variety of disciplines who spent time in Bangladesh after August 2017 and worked closely with Rohingya refugees in a variety of health care settings. The interviews documented and explored their perceptions and understanding of patterns of injuries and conditions suffered by Rohingya refugees fleeing Myanmar who were evaluated in Bangladesh after August 2017, with a specific focus on sexual violence. Sexual violence against the Rohingya in Myanmar was widespread and followed common patterns, according to accounts by these health care workers. These health professionals’ narratives help corroborate and attest to patterns of perpetration of sexual violence by members of the military and those in uniform, consistent with many other reports.[1] In interviews conducted by PHR, health workers give further credence to the allegation that the Tatmadaw, the armed forces of Myanmar, was the primary perpetrator of widespread and systematic sexual violence against the Rohingya in Myanmar during the “clearance operations” of August 2017. Health care workers interviewed as part of this study report that gang rape, sexual humiliation and other attacks on personal dignity, and sexual violence accompanied by other violent acts were typical experiences recalled by their patients and were reported to have been conducted by the Tatmadaw. Health workers interviewed by PHR universally reported seeing evidence or being told of occurrences and patterns of sexual and gender-based violence committed against women, girls, men, boys, and gender fluid and transgender people by the Myanmar military. All health care workers PHR interviewed observed physical and psychological consequences of such acts against the Rohingya. They also found they were unable to adequately address the widespread and profound physical and psychological after-effects of the violence, due to barriers related to infrastructure, communication, culture, and lack of resources within the humanitarian response health care system in Bangladesh. Health care workers shared that physical evidence of injuries consequent to rape and patient histories related to sexual violence were most often revealed during provision of care for other reasons, such as gynecological complaints or pregnancy-related care, as opposed to women seeking post-rape care services. The health workers’ recollection of the behavioral and mental health status of their patients further suggests that this sexual violence and other violations had a deep and long-lasting impact on these survivors, with high levels of trauma demonstrated years after the event. The health care workers interviewed consistently described the Rohingya as a population with vast, unmet needs for mental health support.  Finally, health care workers described multiple barriers faced by the Rohingya who fled to Bangladesh in accessing care, particularly in relation to sexual and gender-based violence and associated psychological consequences. These barriers include lack of screening protocols for physical and psychological consequences of sexual violence, limited availability of mental health care services, provider workload, patient privacy concerns, and stigma. These barriers decrease the Rohingya’s access to health services in refugee camps in Bangladesh, delay healing, and may compound the trauma they experienced as a result of the state of Myanmar’s violent campaign. PHR recommends that meaningful efforts be made by the government of Myanmar to investigate allegations of widespread sexual violence by the Tatmadaw, prosecute those responsible, and work to provide human rights protections to the Rohingya currently living in Myanmar and any who choose to return in the future. PHR also calls on the government of Bangladesh and relevant humanitarian response actors to take all possible measures to address any barriers to care and ensure trauma-informed, survivor-centered approaches to respond to survivors’ needs. Finally, PHR recommends that the government of Myanmar and the regional and international community use all means at their disposal to support a range of justice and accountability efforts and ensure that the government of Myanmar complies with its obligations to prevent and punish the perpetration of grave human rights violations and related crimes, including sexual violence.",report,2020-10-22,,,https://phr.org/our-work/resources/sexual-violence-trauma-and-neglect-observations-of-health-care-providers-treating-rohingya-survivors-in-refugee-camps-in-bangladesh/,Mass Atrocities|Myanmar,"Lindsey Green, MA|Ranit Mishori, MD, MHS|Thomas McHale, SM",,b693cdac-b16e-4685-8b4c-4f5e6d1d58d8,https://phr.org/wp-content/uploads/2020/10/PHR_Rohingya_Sexual-Violence-Trauma-and-Neglect_Oct-2020_Report.pdf
Crowd-Control Weapons and Social Protest in the United States,,factsheet,2020-06-16,,,https://phr.org/our-work/resources/crowd-control-weapons-and-social-protest-in-the-united-states/,Chemical Weapons|United States,,,b693cdac-b16e-4685-8b4c-4f5e6d1d58d8,https://phr.org/wp-content/uploads/2020/06/PHR-Fact-Sheet_Crowd-Control-Weapons-and-Social-Protest-US.pdf
U.N. Human Rights Council: Help Bridge Yemen’s “Acute Accountability Gap”,,correspondence,2020-09-22,,,https://phr.org/our-work/resources/u-n-human-rights-council-help-bridge-yemens-acute-accountability-gap/,Attacks on Health Care|Yemen,,,b693cdac-b16e-4685-8b4c-4f5e6d1d58d8,https://phr.org/wp-content/uploads/2020/09/Joint-NGO-Statement-on-Yemen-GEE-Renewal-and-Strengthening.pdf
"Preparing for, Protecting Against, and Treating Tear Gas and Other Chemical Irritant Exposure: A Protestor’s Guide",,factsheet,2020-06-10,,,https://phr.org/our-work/resources/preparing-for-protecting-against-and-treating-tear-gas-and-other-chemical-irritant-exposure-a-protesters-guide/,Weapons,,,b693cdac-b16e-4685-8b4c-4f5e6d1d58d8,https://phr.org/wp-content/uploads/2020/06/Fact-Sheet-for-Protester-Self-Protection-June-2020-4.pdf
"Preliminary Findings: Use of Crowd-Control Weapons on Protestors in Portland, Oregon",,report,2020-08-04,,,https://phr.org/our-work/resources/preliminary-findings-use-of-crowd-control-weapons-on-protestors-in-portland-oregon/,COVID-19|United States,,,b693cdac-b16e-4685-8b4c-4f5e6d1d58d8,https://phr.org/phr-portland-investigation_preliminary-findings-and-recommendations_senate-judiciary-cte-hearing-aug-4-2020/
Open Letter to the Secretary-General on the 2020 Annual Report on Children and Armed Conflict,,correspondence,2020-06-22,,,https://phr.org/our-work/resources/open-letter-to-the-secretary-general/,Mass Atrocities|Yemen,,,b693cdac-b16e-4685-8b4c-4f5e6d1d58d8,https://phr.org/wp-content/uploads/2020/06/20200622-open-letter-to-the-secretary-general-re-annual-caac-report-final.pdf
Forced into Danger: Human Rights Violations Resulting from the U.S. Migrant Protection Protocols,"For the last two years, the Trump administration’s Migrant Protection Protocols (MPP), or “Remain in Mexico” policy, have forced almost 70,000 people seeking asylum in the United States to wait in dangerous Mexican border towns while their cases pend – in violation of U.S. and international law, which prohibits returning asylum seekers to places where they fear that they may be persecuted. With the indefinite postponement of immigration hearings due to COVID-19, asylum seekers in MPP face ever-lengthening periods of stay in Mexico, where many have experienced violence, trauma, and human rights abuses. Since the start of MPP, Physicians for Human Rights (PHR) has responded to more than 100 requests by attorneys for pro bono forensic evaluations of asylum seekers enrolled in the program, most in support of asylum claims and a few in support of requests for MPP exemption due to health issues. To quantify the extent of reported health and human rights violations affecting asylum seekers in MPP, PHR partnered with the University of Southern California’s Keck Human Rights Clinic (KHRC) to review 95 deidentified affidavits based on forensic evaluations of asylum seekers from Central and South America ranging in age from 4 to 67 years. We found that at least 11 people belonged to categories that should have been exempt from MPP enrollment.  Although most affidavits focused on the harms migrants fled in their home countries, most documented compounding harms to the migrants after they were returned to Mexico under MPP, including physical violence, sexual violence, kidnapping, theft, extortion, threats, and harm to family members. The affidavits also reported unsanitary and unsafe living conditions, poor access to services, family separations, and poor treatment in U.S. immigration detention. Nearly all of those evaluated were diagnosed with post-traumatic stress disorder, and many exhibited other debilitating psychological conditions or symptoms. This study adds to the considerable evidence that it is not safe for migrants to remain in Mexico while their U.S. asylum cases are pending, and forcing them to do so violates U.S. and international law. The incoming Biden administration should immediately admit all people enrolled in MPP into community settings in the United States, rescind MPP, and initiate an investigation to determine appropriate redress for people harmed by this policy.",report,2021-01-19,,,https://phr.org/our-work/resources/forced-into-danger/,COVID-19|Mexico,"Ranit Mishori, MD, MHS|Michele Heisler, MD, MPA|Joanna Naples-Mitchell, JD",,b693cdac-b16e-4685-8b4c-4f5e6d1d58d8,https://phr.org/wp-content/uploads/2021/01/PHR-Report-Forced-into-Danger_Human-Rights-Violations-and-MPP-January-2021.pdf
"“Now they seem to just want to hurt us”: Dangerous Use of Crowd-control Weapons against Protestors and Medics in Portland, Oregon",,report,2020-10-08,,,https://phr.org/our-work/resources/now-they-just-seem-to-want-to-hurt-us-portland-oregon/,Weapons|United States,"Michele Heisler, MD, MPA",,b693cdac-b16e-4685-8b4c-4f5e6d1d58d8,https://phr.org/wp-content/uploads/2020/10/PHR_Now-they-seem-to-just-want-to-hurt-us_Oct-2020-Report.pdf
Open Letter to U.S. Congressional Leadership on Federal Policing,,correspondence,2020-06-02,,,https://phr.org/our-work/resources/open-letter-to-u-s-congressional-leadership-on-federal-policing/,United States,,,b693cdac-b16e-4685-8b4c-4f5e6d1d58d8,https://phr.org/wp-content/uploads/2020/06/Coalition_Letter_to_House_and_Senate_Leadership_on_Federal_Policing_Priorites_Final.pdf
“My Only Crime Was That I Was a Doctor”,"In
2011, the Syrian government cracked down with extreme violence on mass popular
protests calling for sweeping economic and political reform after more than 50
years of dictatorship. The anti-government opposition responded to that
repression by organizing both political and military resistance to the Syrian
regime. By mid-2012, Syria was experiencing a full-fledged internal conflict.[1]
For the past eight years, the Syrian government and its allies have sought to
systematically extinguish dissent through every means at their disposal, a
strategy that has entailed massive human rights violations. The conflict has killed
hundreds of thousands of civilians and displaced more than half of Syria’s
population internally and across the country’s borders. The Syrian government has
prosecuted the war by intentionally targeting civilian populations in restive
areas and any perceived opposition supporters. It has imposed sieges on
opposition-held areas,[2]
shelled and bombarded densely populated urban centers, and conducted a campaign
of arrest, torture, and enforced disappearance of suspected insurgents and
their supporters that has laid waste to much of the country and sparked an
exodus of millions of Syrians seeking refuge in neighboring countries and
beyond.[3]
 The Syrian government and its allies have also systematically
targeted health facilities and health workers as part of a wider strategy of
war aimed at breaking civilian populations and forcing them into submission.[4] Since
the beginning of the conflict, Physicians for Human Rights (PHR) has documented
583 attacks on health facilities; the Syrian government and its allies have
been responsible for carrying out more than 90 percent of these attacks.[5] Through their
purposeful assault on health, the Syrian government and its allies have
systematically denied access to medical care in areas outside of their immediate
control and actively persecuted health workers who, in adherence to their
professional ethics, courageously provide such care to the sick and wounded,
including opposition supporters.[6] The
Syrian government has blatantly disregarded special protections afforded to
medical units and personnel under international humanitarian law and has branded
health workers – who provide nondiscriminatory health care in line with their
legal and ethical obligations – as enemies of the state. While much documentation and data have been
presented to policymakers and the public regarding the relentless bombing and
destruction of health facilities,[7] less is
known about the experiences and suffering of health personnel who have been
targeted for their medical work during the conflict. For this report, PHR clinician researchers conducted
semi-structured interviews and brief structured psychological assessments
between June and August 2019 with 21 formerly detained Syrian health care
workers, of whom two were women and 19 were men. These included people working
in a wide range of health sectors: physicians (seven), pharmacists (four),
medical volunteers (three), paramedics (one), and psychiatrists (one). While
other parties to the conflict – including non-state armed groups – have
perpetrated crimes, including arbitrary detention, this report focuses on
detentions carried out by the Syrian government in order to provide further
insight into its strategy of systematic targeting of health infrastructure and
personnel throughout the conflict. While more data may be necessary to
generalize knowledge about the targeting of Syrian health care workers since
the start of the conflict in 2011, this report illustrates how the Syrian
government has effectively criminalized the provision of nondiscriminatory care
to all, regardless of political affiliation.  PHR research
focused on the following key issues: To what extent, if at all, were health
workers targeted for detention and ill-treatment due to their provision of
nondiscriminatory care and other efforts to support the provision of care? What
were their experiences in detention and what types of ill-treatment, if any,
were they subjected to? What was the impact of the detention and ill-treatment
of health workers on their decision to leave Syria, and their willingness to
practice in their field, and on their desire to potentially return to Syria?  The study reveals that
the majority of the formerly detained health workers interviewed by PHR were
arrested by Syrian government forces specifically because of their status as
care providers, and their real or perceived involvement in the provision of health
services to opposition members and sympathizers. Through examination of health workers’ experiences in
detention, the report shows the link between their involvement in the provision
of nondiscriminatory health care and their arrest, imprisonment, and ill-treatment
in detention. Although the
interviewees’ detention experiences differed, their accounts point consistently
to the Syrian government’s system of detention, interrogation, and torture of
those providing health care, or supporting access to health care, for perceived
opponents. The health workers whose experiences PHR has documented are
among the many who continue to provide and enable health care, despite the
associated risks. This report details the price they paid for doing so, while
recognizing that they are among those fortunate enough to have survived Syrian
government detention facilities.  In most of the cases documented in this study,
Syrian security forces inflicted torture on detainees as an integral part of
the interrogation process. Interviewees reported that Syrian security forces
regularly beat, humiliated, and subjected them to stress positions. In some
cases, they were burned, shocked with electricity, and sexually assaulted.
Interviewees described an interrogation process aimed to force “confessions” to
activities considered treasonous under the Syrian Counter-terrorism Law 19
(2012),[8] as
well as to gather information on other health workers and health care
activities. In many cases, interrogations centered on the interviewees’ involvement
in medical work. Syrian government interrogators and torturers accused many of
the former detainees of working in or establishing field hospitals, providing
medical treatment and material support to “terrorists,” and other acts
considered to be subversive. Many of the interviewees who appeared in Syrian
courts were confronted with confessions extracted under torture and reported
that they were accused by judges of having been involved in providing or
supporting medical care to “terrorists.”  Several interviewees reported long-term health
consequences due to lack of access to medical care in detention after torture.
In all cases, the interviewees were subjected to inhumane living conditions
within detention: overcrowding; lack of sanitation; lack of access to food,
water, toilets, and medical care; and lack of ventilation. The conditions
described may also constitute ill-treatment and, in some cases, torture. The
lack of medical care prompted some of the interviewees to provide health
services to others in detention, even as they witnessed the deadly consequences
of torture, abuse, and poor conditions, and often felt powerless in the face of
disease and injury.  Based
on voluminous documentation of the Syrian Government’s violent targeting of the
health sector and its systematic use of detention and torture to suppress
perceived dissent, Physicians for Human Rights finds that the Syrian government
has violated both national and international laws as well as basic medical
ethics and the obligation to care for the sick and wounded without
discrimination in all circumstances. In this report’s recommendations, Physicians for Human Rights calls
upon: Dr. Youssef was in his fourth year of surgical residency when the conflict in Syria
erupted. He joined several friends to create an anonymous network of volunteers
who established medical points[9] to treat individuals who
were injured while peacefully protesting.  On August 21,
2011, seven plainclothes security officers arrested Dr. Youssef as he was
treating a patient in a hospital in the Qalamoun region north of Rural Damascus
governorate. They took him to the al-Nabek State Security Branch. There, the
authorities took his personal effects, strip-searched him, and confined him in
a 1-by-1.5 meter cell for the next 69 days. He was not charged or given any
reason for his arrest and was not allowed to contact his family or seek
counsel. State security authorities interrogated and tortured Dr. Youssef daily
for periods of between one and three hours. The interrogators had detailed
knowledge of his activities, including awareness of jokes he had told to
certain individuals on specific days. Dr. Youssef’s interrogators repeatedly
asked him about the medical point network he had helped to establish and the
network’s members. Interrogators told him they detained him for supporting
“terrorists” and working against the regime. The severity of the torture
increased in each session. The initial torture sessions consisted of his
interrogators beating his stomach and legs with heavy electric cables. They
later applied electricity to his genitalia and administered electrical shocks
to his body while he was submerged in water. They threatened to hang him on
three separate occasions. Despite the constant torture, Dr. Youssef continued
to deny all charges, both fabricated and real, in order to protect himself, his
colleagues, and his friends.  A month into
his detention, an interrogator told Dr. Youssef that authorities had already
detained his colleagues, mentioning them by name. The guards nevertheless
continued to torture him, apparently solely to punish him. They beat the soles
of his feet with thick plastic pipes filled with concrete. He eventually
confessed to various activities he was accused of having been involved in,
including providing support to protesters, on the express condition that his
captors improve the conditions of his detention. The authorities required that
he write his confession three separate times.  On the 69th day of his detention, the authorities moved Dr. Youssef to a larger cell within al-Nabek State Security Branch for two weeks before transferring him to the General Intelligence Branch in Kafarsouseh, Damascus. At the end of these two weeks, and after almost three months of detention in intelligence facilities without charges, he was transferred to Adra Civilian Prison north of Damascus. In Adra, Dr. Youssef had more regular access to food, and could communicate with his family for the first time since his arrest. The authorities finally filed formal legal charges against him in the Civil Court of Damascus and subsequently released him on bail in December 2011 without rendering a verdict. In September 2013, Dr. Youssef learned from members of the opposition that they had information from an agent working with an intelligence branch in al-Nabek that the authorities intended to re-arrest him. He immediately left for opposition-controlled Idlib, where he began working in a field hospital. In August 2014, Dr. Youssef left for Türkiye. While he is not able to practice medicine in Türkiye, he has continued to provide administrative and programmatic support to the medical sector inside Syria.",report,2019-12-04,,,https://phr.org/our-work/resources/my-only-crime-was-that-i-was-a-doctor/,Attacks on Health Care|Syria,"Michele Heisler, MD, MPA",,b693cdac-b16e-4685-8b4c-4f5e6d1d58d8,https://phr.org/wp-content/uploads/2019/12/PHR-Detention-of-Syrian-Health-Workers-Full-Report-Dec-2019_English-1.pdf
“I ripped the IV out of my arm and started running”: Attacks on Health Care in Yemen,"For the past decade, Yemen has been wracked by multiple armed
conflicts. The parties to these conflicts have flouted the most basic
international laws and norms, including by disregarding the special protections
afforded by international humanitarian law to medical facilities and personnel.
A particularly destructive phase for Yemen began in 2014, when the Houthi armed
group (also known as Ansar Allah) took over Yemen’s capital, Sana’a, by force, and escalated in 2015 with the intervention of the
Saudi-Emirati-led coalition on behalf of the internationally-recognized
government of Yemen against the Houthis. Even prior to that escalation, Yemen
was one of the poorest countries in the world, with the lowest human
development indicators in the Middle East and North Africa.  The years of conflict have turned Yemen into a
humanitarian catastrophe. Its economy
is crumbling. Its infrastructure is in tatters. Its health care system has almost
collapsed. This state of affairs is not an arbitrary consequence of war. It is
the direct result of how the conflict has been prosecuted by warring parties:
with utter disregard for international law and humanitarian norms. The parties
to the conflict in Yemen have waged war with a disregard for international
norms that has increasingly obliterated Yemenis’ capacity to survive. Aerial
attacks by the Saudi-Emirati-led coalition have taken a particularly
devastating toll on the country’s critical infrastructure, including its
medical units. The warring parties in
Yemen – including the Saudi-Emirati-led coalition, the Houthi armed group, and
the Yemeni government – have over the course of the conflict perpetrated
serious violations of international human rights law and international
humanitarian law. One of the more distinctive—and devastating—abuses of the
conflict has been attacks on medical infrastructure and health workers. The
warring parties have damaged or destroyed health facilities through airstrikes
and shelling, depriving Yemeni civilians of desperately-needed medical
services. Parties to the conflict have also occupied medical facilities,
commandeered the provision of medical facility services to exclude large
swathes of the population, and assaulted medical professionals, among other
abuses. Together, these actions violate standards firmly rooted in
international humanitarian law and international human rights law to protect
health facilities, health workers, and patients during conflict. They further
interfere with health professionals’ ability to act in accordance with their
ethical obligations.   This research report,
produced by Physicians for Human Rights (PHR) and Mwatana for Human Rights
(Mwatana), examines attacks on medical facilities and personnel by parties to
the Yemen conflict that took place between March 2015 and December 2018.  Based primarily on
testimonies of witnesses and survivors, this report documents 120 attacks on
health facilities and medical personnel in Yemen over a 45-month period.
According to data collected by Mwatana, nearly 50 percent of all documented
attacks took place in 2015, 16 percent in 2016, 21 percent in 2017, and 13
percent in 2018. The attacks killed at least 96 civilians and health workers,
including 10 children and six women, and wounded 230 others, including 28
children and 12 women. Taiz was the governorate most affected by attacks on
medical facilities, with 67 documented incidents. Saada governorate was also
significantly affected by attacks on health care facilities, with 25 documented
incidents, 22 of them airstrikes. The impact of each attack goes far beyond the
civilians killed or injured. These attacks have contributed to the virtual
collapse of Yemen’s health system, an outcome that has had devastating impacts
on the country’s civilian population. The documented incidents
fall into four main categories of attacks: aerial attacks (35), ground attacks
(46), occupation of medical facilities (10), assaults against medical personnel
(24), and other violations affecting health care access (7). These categories
overlap in many of the documented incidents, with aerial and ground attacks
often affecting medical personnel, and occupation and militarization leading in
some cases to the direct targeting of health facilities by opposing forces.  The documented incidents
are not comprehensive and do not represent the total number of attacks on the
health sector. Nevertheless, they illustrate patterns of attacks on health,
their impact, and specific violations committed in their execution.  Saudi-Emirati-led
coalition forces have primarily destroyed and damaged hospitals, clinics,
vaccination centers, and other medical points through aerial attacks. The
coalition’s attacks impacting health facilities assigned exclusively to medical
purposes are evidence of its disregard for these structures’ protected status
and apparent unwillingness or inability to comply with the principles of
distinction and proportionality – including through target verification, timing
of attacks, weapons choice, and prior warning. The Houthi armed group’s and
other warring parties’ use of indirect fire weapons with wide-area impact–
including mortars – that affected health facilities as documented in this
report appears indiscriminate in nature. The Houthis’ and other armed groups’
occupation of health facilities points to a more deliberate violation of the
protected status of medical structures and effectively denies medical services
to populations in need. Other armed forces, including those supported by
individual coalition member states, have commandeered and looted medical
facilities and intimidated, and threatened health workers.  International humanitarian
law provides special protection for medical personnel and facilities to ensure
the functioning of health care throughout a conflict. Yet, attacks on health care,
many appearing to amount to serious violations of international humanitarian
law, have been routine throughout the course of the conflict in Yemen. The
coalition forces’ airstrikes on civilians and civilian infrastructure and the
Houthis’ use of weapons with wide-area impact in densely populated urban
settings have–over and over again–violated the principles of distinction,
proportionality, and precaution set out in treaty and customary international
humanitarian law. In Mwatana’s and PHR’s assessment, many of these violations
may amount to war crimes. Military commanders and civilian leaders may be
prosecuted for war crimes when they knew or should have known about these crimes
and took insufficient measures to prevent them or punish those
responsible.   The warring parties in Yemen have repeatedly violated foundational principles of international humanitarian law in their attacks on health care and have perpetrated these abuses with total impunity. This report seeks to contribute to documentation and investigation efforts, so that perpetrators of war crimes and other violations can be held accountable and survivors given redress.",report,2020-03-18,,,https://phr.org/our-work/resources/i-ripped-the-iv-out-of-my-arm-and-started-running-attacks-on-health-care-in-yemen/,Attacks on Health Care|Yemen,,,b693cdac-b16e-4685-8b4c-4f5e6d1d58d8,https://phr.org/wp-content/uploads/2020/03/PHR-Mwatana-March-2020-Report-Attacks-on-Health-Care-in-Yemen-ENGLISH.pdf
"“If I went back, I would not survive.” Asylum Seekers Fleeing Violence in Mexico and Central America","A cornerstone of President Donald Trump’s campaign in 2016 was to portray immigrants, refugees, and asylum seekers as a danger to the United States. Since taking office in January 2017, President Trump has continued such inflammatory rhetoric, deriding the U.S. asylum system as a “big fat con job” and accusing asylum seekers of exaggerating the violence they are fleeing.[1]  President Trump’s administration has matched that rhetoric with a hardline immigration policy agenda that targets people seeking asylum in the United States and obstructs the internationally and domestically recognized right of all people to seek asylum protection.   In the face of an array of restrictions, as of August 2019, an estimated 60,000 asylum seekers[2] were waiting along the southern border for the opportunity to exercise their right to seek asylum. Roughly one third of them were in Tijuana, Mexico. Drawing upon its experience providing forensic evaluations for thousands of asylum seekers in the United States over the past 30 years, PHR documented the cases of 18 asylum seekers waiting in Tijuana to assess the degree to which physical and psychological findings corroborate their allegations of abuse and persecution. This report is a compilation and analysis of those evaluations.   This report examines the cases of 18 asylum seekers (15 adults, three minors) from Mexico and Central America: El Salvador (seven), Honduras (seven), Mexico (three), and Nicaragua (one). While not meant to be a representative sample, these cases provide a snapshot of these asylum seekers’ lives and histories, why they undertook treacherous journeys to seek protection in the United States, and the physical and psychological impact that their experiences have had on them. All of the evaluated asylum seekers provided credible accounts and corroborating evidence that they fled persecution resulting in significant trauma. Several of these asylum seekers endured multiple forms of persecution and trauma, reflecting the compounding violence in several countries that drives so many from this region to seek asylum.  Out of the 18 asylum seekers PHR medical experts interviewed and
clinically evaluated, three faced violence perpetrated by state actors, such as
police and security forces. The remaining 15 were targeted by non-state actors,
such as gangs who pursue specific groups of people. For example, every young
male whom PHR interviewed in Tijuana reported experiencing pressure to join a
gang. These gangs routinely forcibly recruit youth to carry drugs or collect “protection
money” in neighborhoods where they have a stronghold. Those who do not comply
face violence in the form of beatings, kidnappings, and killings. Women risk
sexual violence if their partner does not comply with a gang, or they do not
agree to become a “girlfriend” to one of its members. Lesbian, gay, bisexual,
transgender, and intersex individuals also face threats, arbitrary arrests,
killings, and other violence by state and non-state actors.[3]
 Because governments in the
countries of origin lack the will or ability to protect people from these
abuses, a bid for asylum often becomes the sole means for people to escape the
possibility of deadly violence.  PHR further found that U.S. policies have stranded asylum seekers in Tijuana, where they are vulnerable to violence, theft, and extortion by cartels, gangs, and police authorities. Current U.S. asylum policies that restrict asylum seekers’ right to enter the United States inflict further trauma on them every day they must wait. Many of those interviewed by PHR reported feeling under imminent threat both during their journey to the U.S.-Mexico border and while they waited in Tijuana. Twelve out of the 15 adults interviewed screened positive for post-traumatic stress disorder (PTSD), and many who screened positive for depression also experienced fear and hypervigilance. Two out of the three children interviewed reported symptoms of PTSD, and one boy also showed signs of anxiety disorder and somatization, whereby psychological distress manifests as physical ailments and attention problems.  PHR’s findings provide a compelling argument for the U.S. government to allow asylum seekers to apply for asylum in a prompt and fair manner and demonstrate how restrictive policies are likely to compound the stressors suffered by this already traumatized group of people. PHR asserts that the U.S. government should immediately stop impeding the internationally recognized right to seek asylum. Specifically, the US government should: 1) abolish the “metering” system which limits the number of people allowed to enter the United States each day to make their case for asylum; 2) ensure that the asylum application process is safe, predictable, and transparent; 3) end all practices, such as the Migrant Protection Protocols (which require applicants to return to Mexico to await their court date), intended to bar or deter asylum seekers from seeking protection in the United States; 4) cooperate with regional and international monitoring mechanisms from the Inter-American Commission on Human Rights and the United Nations; and 5) guarantee that human rights defenders, medical personnel, and legal and humanitarian organizations serving asylum seekers do not face arbitrary restrictions for their work.",report,2019-10-09,,,https://phr.org/our-work/resources/asylum-seekers-fleeing-violence-in-mexico-and-central-america/,Asylum|United States,,,b693cdac-b16e-4685-8b4c-4f5e6d1d58d8,https://phr.org/wp-content/uploads/2019/10/PHR-Asylum-Seekers-Fleeing-Violence-Report-October-2019_FINAL_English.pdf
Deprivation and Despair,"From the inception more than 17 years ago of the Guantánamo Bay detention center located on the U.S. naval base in Guantánamo Bay, Cuba, senior detention facility personnel have consistently lauded the quality of medical care provided to detainees there. For example, in 2005, Joint Task Force (JTF) Guantánamo’s then-commander said the care was “as good as or better than anything we would offer our own soldiers, sailors, airmen or Marines.” In 2011, a Navy nurse and then deputy command surgeon for JTF Guantánamo made a similar claim: “The standard of care here is the best possible standard of care (the detainees) could get.” In late 2017, Guantánamo’s senior medical officer again echoed those sentiments: “Detainees receive timely, compassionate, quality healthcare…[which is]…comparable to that afforded our active duty service members on island.”  There have been many more such assertions in the intervening years and since. Following an in-depth review of publicly available information related to medical care at Guantánamo—both past and present—as well as consultations with independent civilian medical experts and detainees’ lawyers, the Center for Victims of Torture and Physicians for Human Rights have determined that none of those assertions are accurate.  To the contrary, notwithstanding Guantánamo’s general inaccessibility to independent civilian medical professionals, over the years a handful of them have managed to access detainees, review medical records, and interface with Guantánamo’s medical care system to a degree sufficient to document a host of systemic and longstanding deficiencies in care. These include:  These deficiencies are exacerbated by—and in some cases a direct result of—the damage that the men have endured, and continue to endure, from torture and prolonged indefinite detention.  It is long past time that the medical care deficiencies this report describes were acknowledged and addressed. Systemic change is necessary; these are not problems that well-intentioned military medical professionals—of which no doubt there are many, working now in an untenable environment—can resolve absent structural, operational, and cultural reform. Nor, in many respects, are they problems that can be fully resolved as long as the detention facility remains open.  Guantánamo should be closed. Unless and until that happens, the Center for Victims of Torture and Physicians for Human Rights call upon Congress, the Executive Branch, and the Judiciary to adopt a series of recommendations aimed at meaningfully improving the status quo. These include, but are not limited to: lifting the legal ban on transferring detainees to the United States and mandating such transfers when detainees present with medical conditions that cannot be adequately evaluated and treated at Guantánamo; ensuring detainees have timely access to all of their medical records upon request while otherwise maintaining confidentiality of those records (especially with regard to access by prosecutors); and allowing meaningful and regular access to Guantánamo by civilian medical experts, including permitting such experts to evaluate detainees in an appropriate setting.  If the United States declines to take the steps this report recommends, complex medical conditions that cannot be managed at Guantánamo should be expected to accelerate in frequency and escalate in severity.",report,2019-06-26,,,https://phr.org/our-work/resources/deprivation-and-despair/,Torture|United States,Michael Payne,,b693cdac-b16e-4685-8b4c-4f5e6d1d58d8,https://phr.org/wp-content/uploads/2019/06/PHR_CVT-Guantanamo-medical-crisis-report-June-2019-1.pdf
“You Will Never See Your Child Again”: The Persistent Psychological Effects of Family Separation,"The Trump administration’s crackdown on asylum seekers has included the brutal intimidation tactics of family separation and family detention. These policies have profound health implications for migrant adults and children and violate basic human rights, including the right to be free from torture and enforced disappearance.  A new Physicians for Human Rights (PHR) investigation, based on psychological evaluations of asylum-seeking parents and children who were separated by the U.S. government in 2018, found pervasive symptoms and behaviors consistent with trauma; most met diagnostic criteria for at least one mental health condition, such as post-traumatic stress disorder, major depressive disorder, or generalized anxiety disorder consistent with, and likely linked to, the trauma of family separation.  PHR evaluated 17 adults and nine children who had been separated under the policy for an average of 60-69 days; all but one child had been reunited at the time of evaluation. The investigation sought to explore two key questions: 1) What traumatic experiences did these asylum seekers report in their home countries, during their journey to the United States, and during and after their apprehension at the border?; and 2) What were the psychological effects associated with the forced separation of children from their parents and other family members after entry into the United States? The rich and intense narratives of our illustrative cohort help shed light on the experiences of separated families.  Due to targeted acts of violence in their home countries, all parents arrived at the U.S. border having already been exposed to trauma – most often as victims of gang activity – from death threats, physical assault, relatives killed, extortion, sexual assault, or robbery. All parents expressed fear that their child would be harmed or killed if they stayed in their home country. In almost all cases, their children had already faced severe harm before fleeing – gangs drugged, kidnapped, poisoned, and threatened children, including threats of death, violence, or kidnapping, if they or their parents did not comply with the gang’s demands. Parents were confident that the journey to the United States would result in protection for their children. When they
arrived in the United States, however, parents reported that immigration
authorities forcibly removed children from their parents’ arms, removed parents
while their children slept, or simply “disappeared” the children while their
parents were in court rooms or receiving medical care. Almost all reported that
immigration authorities failed to provide any explanation as to why they were
being separated, where their family members were being sent, and if or how they
would be reunited. In addition, the asylum narratives documented instances of
four parents who were taunted and mocked by immigration authorities when asking
for the whereabouts of their children. Half of the parents interviewed by PHR clinicians
reported poor conditions at the detention facilities where they were held, and
the children also reported being mistreated or living in poor conditions while
detained and while in foster care. PHR clinicians chronicled that nearly everyone interviewed exhibited symptoms and behaviors consistent with  trauma and its effects: being confused and upset, constantly worried, crying a lot, having sleeping difficulties, not eating well, having nightmares, being preoccupied, having severely depressed moods, overwhelming symptoms of anxiety, and physiological manifestations of panic and despair (racing heart, shortness of breath, and headaches), feeling “pure agony” and hopelessness, feeling emotional and mental anguish, and being “incredibly despondent.” The evaluating clinicians noted that the children exhibited reactions that included regression in age-appropriate behaviors, crying, not eating, having nightmares and other sleeping difficulties, loss of developmental milestones, as well as clinging to parents and feeling scared following reunification with their parents. The vast majority of mental health diagnoses given by the evaluating clinicians and depicted in the expert affidavits produced for immigration proceedings were highly consistent with these parents’ and children’s reports of their traumatic experiences in detention and family separation. At the same time, several clinicians commented on the likelihood that the present symptoms were exacerbated by pre-existing trauma from events and incidents in their home country. According to PHR’s clinicians, most individuals (both adults and children) met diagnostic criteria for at least one mental health condition, such as post-traumatic stress disorder, major depressive disorder, or generalized anxiety disorder.  PHR’s experts noted that all the individuals they interviewed demonstrated appropriate emotional reactions and did not show signs of exaggerating their plight, and uniformly described the asylum seekers as credible. This study’s findings provide evidence of the adverse physical and mental health effects linked to the Trump administration’s family separation policy. In nearly every case encountered, PHR’s expert medical evaluators noted that the trauma suffered by the parents and the children warranted further intervention and ongoing therapeutic support, because the events were causing “significant distress” and ongoing functional impairment. The interventions most frequently recommended included trauma-focused psychotherapy, removal from detention, and psychiatric medications. PHR finds that the U.S. government’s treatment of asylum seekers through its policy of family separation constitutes cruel, inhuman, and degrading treatment and, in all cases evaluated by PHR experts, rises to the level of torture.  As defined by
the United Nations Convention Against Torture,[1] torture is an act 1) which causes severe physical or
mental suffering, 2) done intentionally, 3) for the purpose of coercion,
punishment, intimidation, or for a discriminatory reason, 4) by a state
official or with state consent or acquiescence. In the cases that PHR
documented, U.S. officials intentionally carried out actions causing severe
pain and suffering, in order to punish, coerce, and intimidate Central American
asylum seekers to give up their asylum claims, in a discriminatory manner.
Torture and cruel, inhuman, and degrading treatment are violations of human
rights and are prohibited under domestic and international law in any and all
circumstances.  In addition, PHR concludes that the policy and practice of family separation also constitutes enforced disappearance, which occurs when state agents conceal the fate or whereabouts of a person who is deprived of liberty. In all cases included in the study, there was a period where parents were unaware of their children’s whereabouts and were not able to contact them. Government failure to track children and parents, to facilitate parental contact, or to plan for reunification deprived children of protection under the rule of law, because they were deprived of parental oversight and consent for their welfare without due process.  The U.S. government must uphold domestic and international standards by fulfilling its obligations to: provide redress to victims of torture and ill-treatment, including in the form of rehabilitative services; ensure the families of disappeared children know the truth of their family members’ whereabouts by dedicating adequate government resources to ensure timely reunification for all separated families, including deported parents; and prosecute U.S. officials who have broken the law.",report,2020-02-25,,,https://phr.org/our-work/resources/you-will-never-see-your-child-again-the-persistent-psychological-effects-of-family-separation/,Asylum|United States,,,b693cdac-b16e-4685-8b4c-4f5e6d1d58d8,https://phr.org/wp-content/uploads/2020/02/PHR-Report-2020-Family-Separation-Executive-Summary.pdf
"“Chaos and Fire”: An Analysis of Sudan’s June 3, 2019 Khartoum Massacre","In the early morning hours of June 3, 2019, Sudanese security forces launched a violent attack against pro-democracy demonstrators at the protests’ central sit-in site in Khartoum, near the headquarters of the army, navy, and air force – a neighborhood known in Khartoum as “al-Qiyada,” or headquarters. Reports in the aftermath of that attack indicated that the violence resulted in the deaths of scores of people and injured hundreds more.[11] Witnesses and survivors of the violence – referred to as the June 3 massacre – reported that various uniformed elements of Sudan’s security forces were responsible for extrajudicial killings and forms of torture, including excessive use of force; cruel, inhuman, and degrading treatment; and sexual and gender-based violence.[12] In addition, there have been allegations that the security forces forcibly disappeared[13] dozens of protesters detained on or around June 3.[14]   This
extraordinary political moment in Sudan was a crucial turning point in the
revolution which had started on December 18, 2018, when civilians began
protesting for an end to 30 years of dictatorship. The National Intelligence and Security Service (NISS), along
with other security forces, had attacked multiple protest sites, causing deaths
and injuries. On April 6, 2019, civilians protested at al-Qiyada, and responded
to attacks by security forces who used tear gas and crowd-control weapons by
creating a public sit-in camp there. Following violent attacks on civilians
from April 6 to 10, President Omar al-Bashir stepped down on April 11. The
protesters remained at the sit-in to demand civilian rule. Security forces
attacked protesters on multiple occasions in early and late May, but the
civilian communities that had formed within the sit-in persevered. After April
11, many civilian groups raised tents and chose to live communally within the
sit-in area. Participants recalled that the evenings in the sit-in area were
full of social and political activities, and that this experience led to a
powerful shared vision of a civilian-led Sudan in which freedom, peace, and
justice would be available for all.  The June 3 violence against protestors – including the massacre by security forces – shocked participants and observers with its disproportionate ferocity and scale; those violations are the focus of this report. But instead of retreating from further protest in the face of unknown numbers of deaths and injuries, Sudanese citizens persisted in demanding civilian governance. The protests helped sustain negotiations between the Forces of Freedom and Change and the Transitional Military Council, which culminated in the signing of a new Constitution and the formation of a civil-military transitional government on August 17, 2019.  Physicians for
Human Rights’ (PHR) investigation into the violations that occurred on June 3
focused on: the nature of the injuries and other physical trauma resulting from
events on June 3, 2019 in Sudan; patterns in the testimonies of interviewees
and medical evidence to assess allegations of a systematic, widespread, and
premeditated campaign of human rights violations by Sudanese security forces;
and to what extent, if at all, security forces targeted health workers for
detention and ill-treatment due to their emergency medical response and other
efforts to support the provision of medical care for injured pro-democracy
protesters. These issues are central to the discussion among citizens,
democratic forces, and human rights defenders in Sudan, where the new
transitional government has formed a national commission to investigate the
violence. Victims’ families and survivors of these and other serious violations
await truth and accountability.  For this report,
a PHR clinician-investigator conducted semi-structured interviews and brief
structured clinical evaluations based on the Istanbul Protocol[15] in Khartoum between
August 23 and November 9, 2019 with 30 survivors and witnesses to the June 3
violence, of whom four were women and 26 were men. These included 21
pro-democracy protesters, and health workers working in a wide range of health
sectors: four physicians, one pharmacist trained as a medic, one medical
coordinator, one volunteer, and one psychologist. In many cases,
perpetrators identified themselves to their victims as belonging to the Rapid
Support Forces (RSF), a then-paramilitary group now incorporated into the Sudan
Armed Forces (SAF).[16] This report documents the
nature of the injuries resulting from events on June 3, as well as patterns in
the testimony and medical evidence that support allegations of a systematic,
widespread attack. While more data may be necessary to generalize knowledge
about the intentionality and purpose of the attack, this investigation
contributes to the public record of violence carried out against civilians on
June 3. This report
indicates that Sudanese authorities had in the days prior to the June 3
violence purposefully pre-positioned large numbers of security forces in and
around the sit-in site, particularly in late May, in what appeared to be part
of coordinated pre-attack planning. Interviewees who participated in the sit-in
from April 6 through the end of May noted that security forces who had
interacted peacefully with protesters were withdrawn in the weeks prior to the
June 3 attack and replaced with forces that were openly hostile to protesters,
including many with accents and features identified as belonging to the
Rizeigat tribe from the Sudanese region of Darfur, long known for its participation in the Janjaweed militia, which in 2013
was formed into the RSF. Those forces were armed with weapons including tear gas,
whips, batons, sticks, pieces of pipe, and firearms, including Kalashnikov
assault rifles.  That hostility
and weaponry was deployed in the violence that security forces unleashed on the
sit-in participants on June 3 in the form of extrajudicial killings and
excessive use of force. Interviewees described how they witnessed security
forces shoot unarmed protesters in the head, chest, and stomach from a
distance. Large groups of armed men in RSF and riot police uniforms surrounded
and beat people with batons, whips, and the butts of their rifles. Interviewees
recounted how security forces taunted them while beating, burning, and cutting
them. The brutality described by interviewees was supported by PHR’s clinical
evaluations of wounds of survivors of the violence. Survivors and witnesses
described how security forces continued to victimize pro-democracy demonstrators
that they detained through torture and other deliberately degrading treatment,
including forcing detainees observing the daylight fasting of the Muslim holy
month of Ramadan to drink from puddles of dirty water on the street. Sexual and gender-based
violence was also a key component of the abuse that security forces inflicted
on pro-democracy demonstrators. Interviewees described how forces grabbed the
genitals of both male and female protesters and threatened to take off women’s
pants. A witness described an attempt by armed men to sexually assault him
after they detained and tortured him, cutting open a healed wound and putting
out cigarettes in it. Several interviewees reported witnessing gang rapes of
women in open-air settings. Another described encountering rape survivors while
being held in a women’s jail.   The June 3
assault continued a pattern of attacks by Sudanese security forces on health
care providers, institutions, and patients, as well as the blocking of access
to care at surrounding hospitals. Relevant RSF violations against health
workers and health infrastructure included the imposition of siege-like
conditions on health facilities, restricting ambulances and other vehicles from
transporting injured protesters to health care facilities, and beating or
shooting health care workers, patients, or visitors who tried to enter or leave
health care facilities on foot.  On August 17, 2019, Sudan established a transitional
civil-military government and adopted a new constitution containing explicit
commitments to promote human rights and access to justice. Article 7(16) of the
Constitutional Declaration created a commission tasked with conducting a
“transparent, meticulous investigation” of the violations that were committed
on June 3, 2019 but did not provide a clear accountability mechanism. In
addition, the Constitutional Declaration did not abrogate or otherwise modify
laws that prevent access to justice for survivors and families of the dead,
instead incorporating existing laws governing security forces that provide
immunity for acts committed in the line of duty.[17]
PHR welcomes official reports that victims and family members of the dead will
be provided access to justice through the legal system,[18]
yet it remains concerned with the well-documented flaws in Sudanese criminal
and immunity-from-prosecution laws that remain unchanged by the adoption of the
new constitution.[19]
The leader of the RSF, General Mohamed “Hemedti” Hamdan Dagalo, serves as the vice president
of the governing Sovereign Council. Advocates in Sudan may therefore find it
difficult to prosecute cases against members of the armed forces, including the
RSF, at the highest levels of command responsibility.[20]  PHR urges all Sudanese organizations – as well as
international organizations and governments with an interest in promoting peace
and democracy by rejecting impunity in Sudan – to support the pursuit of
justice and accountability for the abuses of June 3, 2019 through impartial and
independent investigations. Those same organizations should support the
longer-term strengthening of human rights mechanisms in Sudan by providing
international technical and financial assistance. PHR supports its Sudanese
colleagues in rejecting impunity and pursuing justice and accountability for
victims, survivors, and their families in every forum available, including,
where necessary, in international courts as provided for in Article 67(g) of
the new constitution. Experience has shown that peace and justice are mutually
reinforcing, and that without acknowledgement of suffering, justice cannot be
achieved.",report,2020-03-05,,,https://phr.org/our-work/resources/chaos-and-fire-an-analysis-of-sudans-june-3-2019-khartoum-massacre/,Mass Atrocities|Sudan,"Adrienne L. Fricke, JD, MA",,b693cdac-b16e-4685-8b4c-4f5e6d1d58d8,https://phr.org/wp-content/uploads/2020/03/PHR-Report-Sudan-Chaos-and-Fire-March-2020-ENG.pdf
Not in my Exam Room,"Across communities that line the United States’ southern border with Mexico, U.S. immigration enforcement actions in or near hospitals, clinics, and other health care facilities are putting increasing pressure on medical professionals to compromise patient care. Customs and Border Patrol agents conduct searches in hospital parking lots and hold ambulances at checkpoints while critically ill patients languish inside. Agents arrest patients about to undergo surgery, stand guard and refuse to unshackle patients during medical evaluations, and send undocumented patients into detention directly from hospitals, at times putting safe medical discharge into question.  U.S. and international laws protect the right to nondiscriminatory access to health care for all individuals. But, in certain instances, loopholes permit enforcement actions in medical facilities which interfere with this right and with the ethical obligation of medical professionals to provide care. Through consultations with medical professionals in border communities and across the United States, as well as through desk research, Physicians for Human Rights (PHR) has uncovered cases of egregious violations where medical advice was ignored and patients undergoing urgent treatment were arrested and their treatment impeded. While amending laws and adopting new ones would help solve this problem, there are measures that the medical community can take immediately to help protect patients and providers. This brief examines the impact of enforcement actions on access to health care for hospitalized immigrants, whether in the community or in government custody. It also serves as a resource for policymakers, medical associations, and medical professionals to take concrete action and to advocate for policy solutions, including the notion of creating “sanctuary” or “safe space” hospitals.",report,2019-06-10,,,https://phr.org/our-work/resources/not-in-my-exam-room/,Asylum|United States,,,b693cdac-b16e-4685-8b4c-4f5e6d1d58d8,https://phr.org/wp-content/uploads/2019/06/Not-in-my-Exam-Room_-PHR-Sanctuary-Hospitals-June-2019.pdf
Open Letter to Secretary-General Guterres on 2020 Children and Armed Conflict Report,,correspondence,2020-05-11,,,https://phr.org/our-work/resources/open-letter-to-secretary-general-guterres-on-2020-children-and-armed-conflict-report/,Mass Atrocities|Yemen,,,b693cdac-b16e-4685-8b4c-4f5e6d1d58d8,https://phr.org/wp-content/uploads/2020/05/2020-joint-letter-to-sg-guterres-on-caac-report_final-05.08.2020.pdf
The Syrian Conflict: Eight Years of Devastation and Destruction of the Health System,,report,2019-03-12,,,https://phr.org/our-work/resources/the-syrian-conflict-eight-years-of-devastation-and-destruction-of-the-health-system/,Attacks on Health Care|Syria,,,b693cdac-b16e-4685-8b4c-4f5e6d1d58d8,https://phr.org/wp-content/uploads/2019/03/PHR-Syria-2019-Fact-Sheet.pdf
Intimidation and Persecution: Sudan’s Attacks on Peaceful Protesters and Physicians,"Since Sudanese protesters took to the streets in December 2018 to demonstrate against government corruption, economic mismanagement, and brutal repression, forces loyal to the government of President Omar al-Bashir have carried out massive violations of human rights. Peaceful protesters have been attacked by government security forces using disproportionate, unnecessary, and sometimes lethal force.[1] They have been arrested and detained without charges and denied access to their families or medical care. Government security forces and police have prevented medical personnel from attending to the wounded and, in many cases, have arrested and detained these personnel, conducted incursions and attacks inside medical facilities, and targeted, injured, and even killed health workers while they have been carrying out their medical duties or participating in the protest movement.[2]  To date, police and National Intelligence and Security Services forces have entered and conducted attacks on at least seven medical facilities, arrested at least 136 health personnel, fired teargas and other weapons into hospital wards, and closed access to medical care for patients.[3][4][5] At the time of publication, 60 protesters had been killed by government forces (one was a practicing doctor and two were medical students). Virtually all of these violations are explicitly prohibited by international law and by Sudanese national law. These incidents also have long-lasting impacts on health[6]: tear gas and rubber bullets have significant medical impacts and can cause permanent disability and even death; live ammunition utilized on this massive scale against crowds causes many injuries in addition to the deaths already reported, and the severe reduction in health care capacity from attacking hospitals and detaining and torturing doctors undermines the already strained Sudanese health care system.  By reviewing and confirming reliable on-the-ground reporting from contacts in Sudan and employing open-source investigation methodologies for verification, this report details these attacks. Based on the available information, Physicians for Human Rights (PHR) finds that the government of Sudan has used unnecessary and disproportionate force against its citizens, illegally attacked medical responders and facilities, and tortured detainees. This campaign of intimidation and persecution violates both national and international laws and interferes with basic norms of medical ethics and care for the wounded and sick. PHR calls on the government of Sudan to immediately cease attacks on medical personnel, release detainees being held without charge or trial for exercising their fundamental rights and ethical obligations, ensure basic protections for medical facilities, seek accountability for members of the government and security forces who have perpetrated these crimes, and demand justice for the victims. Additionally, PHR calls on UN member states, regional bodies, and the international medical community to press the government of Sudan to stop the violent suppression of dissent, to respect the ethical obligations of doctors and the sanctity of health facilities, and to hold the government of Sudan accountable for its human rights violations.",report,2019-04-05,,,https://phr.org/our-work/resources/intimidation-and-persecution-sudans-attacks-on-peaceful-protesters-and-physicians/,Attacks on Health Care|Sudan,"Rohini J. Haar, MD, MPH",,b693cdac-b16e-4685-8b4c-4f5e6d1d58d8,https://phr.org/wp-content/uploads/2019/04/PHR_Intimidation-and-Persecution_Sudans-Attacks-on-Peaceful-Protesters-and-Physicians_April-2019.pdf
Open Letter on Plans to Move Rohingya Refugees to Bhasan Char Island,,correspondence,2019-11-13,,,https://phr.org/our-work/resources/open-letter-on-plans-to-move-rohingya-refugees-to-bhasan-char-island/,Bangladesh,,,b693cdac-b16e-4685-8b4c-4f5e6d1d58d8,https://phr.org/wp-content/uploads/2019/11/Bhasan-Char-joint-letter-Nov-12_.pdf
Zero Protection: How U.S. Border Enforcement Harms Migrant Safety and Health,"Over the past three decades, U.S. administrations from both parties have introduced border enforcement strategies that have led to the deaths or injuries of a growing number of migrants at the U.S.-Mexico border. Public health research has documented widening racial and ethnic health disparities as a result of punitive and discriminatory immigration enforcement practices within the militarized border zone. This policy brief provides an analysis of current concerns at the border, including ways that health professionals are implicated in human rights violations, and provides recommendations for the U.S. government and for health systems to protect the rights and health of migrants. Physicians for Human Rights (PHR) analyzed documentation with respect to several ongoing areas of harmful practices arising from border enforcement activities and found numerous human rights violations, including that: In summary, CBP officials regularly misinterpret or even disregard the limits of their legal authority while conducting border enforcement activities, constituting human rights violations and resulting in harms to health.  PHR calls on the CBP to improve staff compliance with existing border enforcement guidelines by clarifying guidelines and improving training, as well as investigating and sanctioning all violations committed by personnel. CBP must also work with civil society groups operating at the border in order to prevent fatalities and decrease health risks. The U.S. Congress can support rights-respecting border management by codifying existing CBP operational guidelines into law, and exercising oversight over the Department of Homeland Security and its agencies in regard to compliance with legal obligations.",report,2019-01-10,,,https://phr.org/our-work/resources/zero-protection-how-u-s-border-enforcement-harms-migrant-safety-and-health/,Asylum|United States,,,b693cdac-b16e-4685-8b4c-4f5e6d1d58d8,https://phr.org/wp-content/uploads/2019/08/PHR_Zero-Protection_How-US-Border-Enforcement-Harms-Migrant-Safety-and-Health_Jan-2019-8.pdf
Breaking Cycles of Violence: Gaps in Prevention of and Response to Electoral-Related Sexual Violence in Kenya,,report,2019-12-17,,,https://phr.org/our-work/resources/breaking-cycles-of-violence-gaps-in-prevention-of-and-response-to-electoral-related-sexual-violence-in-kenya/,Sexual Violence|Kenya,,,b693cdac-b16e-4685-8b4c-4f5e6d1d58d8,https://phr.org/wp-content/uploads/2019/12/OHCHR-PHR-UN-WOMEN-Kenya-Gap-Analysis-Dec-2019-1.pdf
“There Is No One Here to Protect You”,"Policy debates rage over what has been termed a humanitarian
crisis, a human rights crisis, or a national emergency at the U.S.-Mexico
border. What is clear is that it is a child rights crisis. Unaccompanied
children, adolescents, and young families have fled in increasing numbers from
violence in the “Northern Triangle” countries of Central America – El Salvador,
Guatemala, and Honduras – and have been met at the U.S. border with harsh and
punitive policies which violate their rights and compound existing trauma,
thereby threatening the health and well-being of thousands. These policies are
justified in the name of deterrence.[1]
However, if persecution and violence are the primary factors influencing
migration, harsh border enforcement will not serve as an effective deterrent
and will only cause more harm to an already traumatized population.[2] Though high levels of child migration have captured the
national attention, there has been comparatively little medical research in the
United States about child asylum seekers’ trauma experiences and resulting
negative health outcomes. However, the limited number of studies of immigrant
and refugee children who have resettled in developed countries have identified
a high rate of trauma exposure and high rates of depression, post-traumatic
stress disorder, chronic pain, musculoskeletal injuries, scars, and
neuro-cognitive problems.[3]  The aim of this study is to provide the first
detailed case series of recent child and adolescent asylum seekers in the
United States. This report communicates the findings from more than 180 physical and psychological evaluations of children seeking asylum in the United States. The evaluations were conducted by members of the Physicians for Human Rights (PHR) Asylum Network between January 2014 and April 2018 and were analyzed by medical school faculty and students from Weill Cornell Center for Human Rights. The vast majority of the children evaluated were from the Northern Triangle countries (89 percent), of El Salvador, Guatemala, and Honduras. Children reported that they survived direct physical violence (78 percent) and sexual violence (18 percent), threats of violence or death (71 percent), and witnessing acts of violence (59 percent) in their home countries. This violence was most often gang-related (60 percent), but a significant portion of children (47 percent) faced violence perpetrated by family members. PHR’s clinicians documented negative physical aftereffects of this abuse: from musculoskeletal, pelvic, and dermatologic trauma to severe head injuries. 76 percent of children were suspected to have or diagnosed with at least one major mental health issue, most commonly post-traumatic stress disorder (64 percent), major depressive disorder (40 percent), and anxiety disorder (19 percent).  Furthermore, children reported that government authorities in their home countries did not effectively prevent, investigate, prosecute, or punish crimes against children. These findings document that children arriving in the United States are fleeing severe forms of harm which may amount to persecution if their home government is unable or unwilling to control the perpetrators, and if their persecution is based on their race, religion, nationality, political opinion, or membership in a particular social group. Asylum jurisprudence in the United States and internationally recognizes that gang and domestic violence may amount to persecution. In accordance with international and U.S. law, individuals with a credible fear of persecution arriving at the U.S. border have the legal right to apply for asylum. International and U.S. law also prohibit the return of any individual to a country where they face persecution, torture, ill-treatment or other serious human rights violations, with children deserving heightened consideration.[4] Child asylum seekers are also entitled to additional protections under international and U.S. law, including accommodations in the asylum process which take into account their level of development and maturity and their specific health and mental health needs. The right of children to be heard and to remain with their parents, as long as it is in their best interest, is recognized as a civil and political right.  The findings in this report and the relevant legal standards
demand an effective and humane policy response both in countries of origin, to
prevent the violation of child rights, and in the United States, to fairly
recognize claims of persecution and end practices that expose these young
migrants to further trauma. PHR calls on countries of origin to urgently direct
resources to end impunity and protect children. As a priority, governments must
ensure adequate resources to investigate, prosecute, and punish violent acts
against children, and establish or maintain independent investigatory bodies to
address corruption and impunity. Governments must also ensure adequate
resources for violence prevention and response, such as specialized police
units, education initiatives, and specialized assistance for child survivors.
Given the extreme levels of violence experienced by the children from the
Northern Triangle evaluated by PHR, the U.S. administration must safeguard
access to asylum in the United States, in order to meet immediate needs for
protection and to maintain vital aid to Northern Triangle countries for
addressing violence and instability in the long term. Since children’s health
has been affected by repeated trauma exposure, the administration should ensure
that all children receive pediatric medical screening upon arrival at custody
and uphold child protection standards in custody, prioritizing least
restrictive settings and increasing use of alternatives to detention.",report,2019-06-10,,,https://phr.org/our-work/resources/there-is-no-one-here-to-protect-you/,Asylum|United States,Joseph Shin,,b693cdac-b16e-4685-8b4c-4f5e6d1d58d8,https://phr.org/wp-content/uploads/2019/06/PHR-Child-Trauma-Report-June-2019.pdf
PHR Calls on Turkish President to Release Jailed Physician,,correspondence,2018-09-06,,,https://phr.org/our-work/resources/phr-calls-on-turkish-president-to-release-jailed-physician/,,,,b693cdac-b16e-4685-8b4c-4f5e6d1d58d8,https://phr.org/wp-content/uploads/2018/11/dr-serdar-kuni-letter.pdf
Beyond Imagination: Seven Years of Conflict in Syria,,report,2018-03-15,,,https://phr.org/our-work/resources/beyond-imagination-seven-years-of-conflict-in-syria/,Attacks on Health Care|Syria,,,b693cdac-b16e-4685-8b4c-4f5e6d1d58d8,https://phr.org/wp-content/uploads/2018/03/Syria_2018_Anniversary.pdf
Shot While Fleeing: Rohingya Disabled by Myanmar Authorities’ Targeted Violence,"In August 2017, Myanmar security forces and Rakhine Buddhist civilians attacked hundreds of villages in northern Rakhine state, massacring thousands of Rohingya Muslim residents and burning their homes to the ground.[1] As of January 2019, that targeted violence and ongoing abuses had prompted approximately 740,000 Rohingya to flee to Bangladesh, where they remain.[2] Physicians for Human Rights (PHR) has collected extensive medical evidence of the human rights violations committed against the Rohingya in those attacks. A PHR report published in July 2018 presented clear medical evidence to corroborate survivors’ accounts of how shootings, beatings, stabbings, and other forms of violence inflicted upon the Rohingya in the village of Chut Pyin made it an emblematic example of the targeted, systematic violence that unfolded in hundreds of other villages across northern Rakhine state.[3] This supplemental report focuses on a separate, underreported outcome of the August 2017 attacks on the Rohingya: survivors who suffered physical impairments from their wounds that will potentially become long-term disabilities.[4] These disabilities will hinder these survivors’ ease and freedom of movement, limit their ability to seek gainful employment, and otherwise obstruct their ability to live productive, pain-free lives. The plight of these disabled Rohingya survivors highlights how the ruthless violence that the Myanmar security forces and others inflicted on the Rohingya in August 2017 will have a decades-long, painful, life-altering legacy for potentially thousands of survivors and their families.  PHR approached 120 survivors living in refugee camps in Bangladesh to request interviews and interviewed a total of 114 survivors who gave their consent to be interviewed. 90 survivors out of that pool of 114 reported physical injuries resulting from the violence and consented to and subsequently underwent clinical evaluations by PHR medical partners. In total, 43 of these injured survivors were left with long-term disabilities as a result of violence they experienced in or around August 2017.  The vast majority of Rohingya who were disabled as a result of that targeted violence were gunned down as they fled attackers. Many of the bullet wounds have resulted in permanent neurological impairment that limits limb function and causes severe and persistent pain: both can make simple tasks like walking, grasping a pot, or lifting a bag of rice extremely painful or impossible. Other survivors suffered shrapnel wounds from grenades or were injured by landmines laid in fields surrounding Rohingya villages in an apparently deliberate strategy to inflict maximum harm on Rohingya fleeing attack. Some Rohingya survivors who were unable to flee were reportedly seized by Myanmar security forces and brutally beaten, kicked, stabbed, raped, and killed.  The Rohingya profiled in this report are the survivors: unlike the estimated 10,000 killed in the attacks,[5] these people escaped death by being rescued by relatives or by taking refuge in surrounding forests or nearby villages before making the long overland journey to Bangladesh. In many cases documented by PHR, survivors said they had heard that it was unsafe to seek medical treatment inside Myanmar because doctors would allegedly report injured Rohingya to Myanmar authorities. This fear, combined with a longstanding de facto policy of denying health care services to Rohingya meant that survivors often resorted to traditional natural remedies for wound treatment and pain relief during the days- or weeks-long trek to refuge in Bangladesh. PHR clinicians have concluded that this lack of adequate medical attention often exacerbated already severe wounds: these injuries were often worsened by delayed surgery, while infections led to amputations that earlier treatment might have prevented.  PHR asserts that the attacks by Myanmar security forces should be investigated as crimes against humanity and supports recommendations by a United Nations (UN) fact-finding mission to refer Myanmar to the International Criminal Court or an ad hoc criminal tribunal for accountability for those abuses. PHR is convinced that, by inflicting indiscriminate injury and thus long-term disability on many Rohingya, Myanmar security forces also violated the right to health and the right to work of their Rohingya victims. Myanmar now has forward-looking redress obligations toward Rohingya who were disabled by the 2017 attacks, including guarantees of financial compensation for those who can no longer work; free and comprehensive access to medical services and education; and long-term rehabilitation services for disabled Rohingya if and when the Myanmar government and the international community can guarantee their safe and voluntary return to Myanmar.[6][7] Five-year-old Muriam Khathu (Profile 5) was at home with her parents and grandparents when soldiers began approaching their village, firing rifles and throwing and firing grenades at some of the Rohingya houses. The family ran out of the house. Soldiers shot and killed Muriam’s father, while several members of Myanmar’s security forces grabbed the 40-pound Muriam and threw her against a wall. They began stomping on her and kicking her with their combat boots, ignoring the pleas of Muriam’s mother and grandparents that they stop.  When Muriam’s assailants moved on, Muriam’s family took shelter in the forest near their village before setting out on the long journey to Bangladesh. They carried Muriam on a makeshift stretcher, but she still cried out in pain every time she was moved. Once in Bangladesh, Muriam was sent to a hospital, but the damage could not be undone: she had suffered a pelvic fracture and serious neurological injury as a result of the attack. She could move her legs only slightly and was unable to walk or bear any weight on them. Months after the attack, she said she still felt pain whenever she moved. According to a clinical examination carried out by PHR medical partners on the ground, the presence of ongoing pain and Muriam’s inability to walk more than two months after the injury indicated a low likelihood that Muriam would ever be able to walk or move without pain.  If Muriam and her family return to northern Rakhine state, many difficulties await. The rural region faces severe food insecurity and its residents are highly dependent on subsistence farming. Muriam will most likely be limited in her ability to work or do the physically demanding chores intrinsic to life in rural Rakhine State. Muriam is unable to play, walk, or even sit up. Her mother is responsible for basic personal hygiene tasks such as helping her use the toilet. Muriam will most likely have extremely limited medical support if she returns to Myanmar: the Rohingya have faced state-sponsored discrimination in accessing health services for years.[8] Even if Myanmar were to end such discriminatory practices, there are fewer than 1,400 hospital beds in Rakhine state to service a population of more than three million people,[9] imposing extremely limited access to services. The lack of adequate support services for people with disabilities in Rakhine state will likely place severe burdens on their caregiver family members. Longtime caregivers of people with disabilities are at high risk of poor health outcomes themselves, including depression and shortened life-expectancy due to the stresses imposed by caregiving.[10] For those like Muriam whose interviews are documented in this report, the violence directed at them over a period of days in 2017 has resulted in the high likelihood of a lifetime of chronic pain and disability.",report,2019-06-25,,,https://phr.org/our-work/resources/shot-while-fleeing-rohingya-disabled-by-myanmar-authorities-targeted-violence/,Myanmar,"Rupa R. Patel, MD, MPH",,b693cdac-b16e-4685-8b4c-4f5e6d1d58d8,https://phr.org/wp-content/uploads/2019/07/PHR-Rohingya-Disabilities-report-June-2019.pdf
Widespread and Systematic: Violence against the Rohingya in Myanmar,,report,2018-08-30,,,https://phr.org/our-work/resources/widespread-and-systematic/,Mass Atrocities|Myanmar,,,b693cdac-b16e-4685-8b4c-4f5e6d1d58d8,https://phr.org/wp-content/uploads/2018/08/WidespreadandSystematic.pdf
“Please Tell the World What They Have Done to Us”,"On August 27, 2017, Myanmar security forces and Rakhine Buddhist civilians attacked the village of Chut Pyin in northern Rakhine state, massacring its Rohingya Muslim residents and burning their homes to the ground. The attackers perpetrated a vast array of human rights violations on the Rohingya villagers, including killings, disappearances, beatings, stabbings, rape, and forcible displacement. It is estimated that some 400 Chut Pyin villagers, including 99 children, were killed that day or are missing – including a group of 50 men who were taken away and never seen again. Similar attacks have killed thousands of Rohingya and pushed at least 720,000 refugees into neighboring Bangladesh since August 2017. As part of a broad effort to secure forensic evidence of atrocities against the Rohingya, Physicians for Human Rights (PHR) interviewed and conducted forensic examinations of 22 survivors – men, women, and children – of the Chut Pyin massacre. The injuries PHR doctors documented, including gunshot wounds, blunt-force trauma, lacerations, and more, serve as clear medical evidence to corroborate the survivors’ accounts of shooting attacks, beatings, stabbings, and other forms of violence which occurred on that day. Based on the forensic examinations and the consistent and detailed testimony, as well as corroborating information from additional credible sources, PHR believes that the savagery inflicted on the people of Chut Pyin is a typical example of the widespread and systematic campaign that Myanmar authorities have waged against the Rohingya – acts that should be investigated as crimes against humanity. Back to top",report,2018-07-19,,,https://phr.org/our-work/resources/please-tell-the-world-what-they-have-done-to-us/,Mass Atrocities|Burma,"Rohini J. Haar, MD, MPH",,b693cdac-b16e-4685-8b4c-4f5e6d1d58d8,https://phr.org/wp-content/uploads/2020/03/PHR-Chut-Pyin-report-July-2018-FINAL-Reduced-Size.pdf
Neither Justice Nor Treatment,,report,2017-06-15,,,https://phr.org/our-work/resources/niether-justice-nor-treatment/,When Doctors Harm|United States,,,b693cdac-b16e-4685-8b4c-4f5e6d1d58d8,https://phr.org/wp-content/uploads/2017/06/phr_drugcourts_report_singlepages.pdf
Nuremberg Betrayed: Human Experimentation and the CIA Torture Program,,report,2017-06-05,,,https://phr.org/our-work/resources/nuremberg-betrayed-human-experimentation-and-the-cia-torture-program/,Torture|United States,"Scott A. Allen, MD, FACP",,b693cdac-b16e-4685-8b4c-4f5e6d1d58d8,https://phr.org/wp-content/uploads/2017/06/phr_humanexperimentationreport_executivesummary.pdf
Health Impacts of Crowd-Control Weapons: Kinetic Impact Projectiles (Rubber Bullets),,factsheet,2017-01-01,,,https://phr.org/our-work/resources/health-impacts-of-crowd-control-weapons-kinetic-impact-projectiles-rubber-bullets/,Weapons,,,b693cdac-b16e-4685-8b4c-4f5e6d1d58d8,https://phr.org/wp-content/uploads/2020/06/PHR_INCLO_Fact_Sheet_Kinetic_Impact_Projectiles.pdf
PHR Warns Against Excessive Use of Force at Standing Rock,,other,2017-02-03,,,https://phr.org/our-work/resources/phr-warns-against-excessive-use-of-force-at-standing-rock/,,,,b693cdac-b16e-4685-8b4c-4f5e6d1d58d8,https://s3.amazonaws.com/PHR_other/PHR_Letter_on_Standing-Rock.pdf
PHR Urges Russian Medical Community to Protect Health in Syria,,other,2016-12-01,,,https://phr.org/our-work/resources/phr-urges-russian-medical-community-to-protect-health-in-syria/,,,,b693cdac-b16e-4685-8b4c-4f5e6d1d58d8,https://s3.amazonaws.com/PHR_other/PHR-Urges-Russian-Medical-Community-to-Protect-Health-in-Syria-Russian.pdf
Letter to Turkish President on Unlawful Charges Against Human Rights Defenders,,other,2016-11-01,,,https://phr.org/our-work/resources/letter-to-turkish-president-on-unlawful-charges-against-human-rights-defenders/,,,,b693cdac-b16e-4685-8b4c-4f5e6d1d58d8,https://s3.amazonaws.com/PHR_other/Solidarity-Call-for-First-Hearing-of-Prof-Sebnem-Korur-Fincanci.pdf
"Blind to Justice: Excessive Use of Force and Attacks on Health Care in Jammu and Kashmir, India",,report,2016-12-01,,,https://phr.org/our-work/resources/blind-to-justice-excessive-use-of-force-and-attacks-on-health-care-in-jammu-and-kashmir-india/,Attacks on Health Care|India,,,b693cdac-b16e-4685-8b4c-4f5e6d1d58d8,https://phr.org/wp-content/uploads/2018/09/Kashmir-Report-Dec-2016.pdf
"Where There is Police, There is Persecution",,report,2016-10-01,,,https://phr.org/our-work/resources/where-there-is-police-there-is-persecution/,Mass Atrocities|Myanmar,,,b693cdac-b16e-4685-8b4c-4f5e6d1d58d8,https://phr.org/wp-content/uploads/2016/10/Burma-Rakhine-State-Oct-2016.pdf
Letter to Indian Minister of Home Affairs,,other,2016-09-06,,,https://phr.org/our-work/resources/letter-to-indian-minister-of-home-affairs/,,,,b693cdac-b16e-4685-8b4c-4f5e6d1d58d8,https://s3.amazonaws.com/PHR_other/stun-grenades.pdf
Letter to Vice President Biden on Crisis in Türkiye,,other,2016-08-01,,,https://phr.org/our-work/resources/letter-to-vice-president-biden-on-crisis-in-turkey/,,,,b693cdac-b16e-4685-8b4c-4f5e6d1d58d8,https://s3.amazonaws.com/PHR_other/letter-to-vice-president-biden.pdf
Southeastern Türkiye: Health Care Under Siege,,report,2016-08-01,,,https://phr.org/our-work/resources/southeastern-turkey-health-care-under-siege-2/,Attacks on Health Care,,,b693cdac-b16e-4685-8b4c-4f5e6d1d58d8,https://phr.org/wp-content/uploads/2018/09/southeastern-turkey-health-care-under-siege.pdf
Statement on Anal Examinations in Cases of Alleged Homosexuality,,other,2016-05-01,,,https://phr.org/our-work/resources/statement-on-anal-examinations-in-cases-of-alleged-homosexuality/,,,,b693cdac-b16e-4685-8b4c-4f5e6d1d58d8,https://s3.amazonaws.com/PHR_other/statement-on-anal-examinations-in-cases-of-alleged-homosexuality.pdf
Update on Syria,,other,2016-04-01,,,https://phr.org/our-work/resources/update-on-syria-april-2016/,,,,b693cdac-b16e-4685-8b4c-4f5e6d1d58d8,https://s3.amazonaws.com/PHR_other/update-on-syria-april-2016.pdf
Prepared Remarks – Five Years of War in Syria: Health Care Under Attack,,other,2016-03-01,,,https://phr.org/our-work/resources/prepared-remarks-five-years-of-war-in-syria-health-care-under-attack/,,,,b693cdac-b16e-4685-8b4c-4f5e6d1d58d8,https://s3.amazonaws.com/PHR_other/remarks-five-years-of-war-in-syria-health-care-under-attack.pdf
Letter to Secretary of Health Republic of the Philippines,,correspondence,2017-08-04,,,https://phr.org/our-work/resources/letter-to-secretary-of-health-republic-of-the-philippines/,,,,b693cdac-b16e-4685-8b4c-4f5e6d1d58d8,https://s3.amazonaws.com/PHR_other/PHR_letter_to_Philippines_Secretary_of_Health.pdf
No Peace Without Justice in Syria,,report,2016-03-01,,,https://phr.org/our-work/resources/no-peace-without-justice-in-syria/,Attacks on Health Care|Syria,,,b693cdac-b16e-4685-8b4c-4f5e6d1d58d8,https://phr.org/wp-content/uploads/2018/09/NoPeaceWithoutJusticeinSyria_FINALv2.pdf
Health Impacts of Crowd-Control Weapons: Chemical Irritants (Tear Gas and Pepper Spray),,factsheet,2017-01-01,,,https://phr.org/our-work/resources/health-impacts-of-crowd-control-weapons-chemical-irritants-tear-gas-and-pepper-spray/,Weapons,,,b693cdac-b16e-4685-8b4c-4f5e6d1d58d8,https://phr.org/wp-content/uploads/2020/06/PHR_INCLO_Fact_Sheets_Chemical_Irritants.pdf
Madaya: Portrait of a Syrian Town Under Siege,,report,2016-07-01,,,https://phr.org/our-work/resources/madaya-portrait-of-a-syrian-town-under-siege/,Syria,,,b693cdac-b16e-4685-8b4c-4f5e6d1d58d8,https://phr.org/wp-content/uploads/2018/09/madaya-portrait-of-a-syrian-town-under-siege.pdf
Access Denied: UN Aid Deliveries to Syria’s Besieged and Hard-to-Reach Areas,,report,2017-03-01,,,https://phr.org/our-work/resources/access-denied-un-aid-deliveries-to-syrias-besieged-and-hard-to-reach-areas/,Attacks on Health Care|Syria,,,b693cdac-b16e-4685-8b4c-4f5e6d1d58d8,https://phr.org/wp-content/uploads/2018/09/phr-access-denied.pdf
Letter to U.S. Senate on Indefinite Detention,,other,2016-06-01,,,https://phr.org/our-work/resources/letter-to-u-s-senate-on-indefinite-detention/,,,,b693cdac-b16e-4685-8b4c-4f5e6d1d58d8,https://s3.amazonaws.com/PHR_other/letter-to-senate-on-indefinite-detention.pdf
Let Syria’s Health Professionals Work,,other,2016-02-01,,,https://phr.org/our-work/resources/let-syrias-health-professionals-work/,,,,b693cdac-b16e-4685-8b4c-4f5e6d1d58d8,https://s3.amazonaws.com/PHR_other/let-syrias-health-professionals-work.pdf
Priority Actions in the Zika Virus Response,,other,2016-02-01,,,https://phr.org/our-work/resources/priority-actions-in-the-zika-virus-response/,,,,b693cdac-b16e-4685-8b4c-4f5e6d1d58d8,https://s3.amazonaws.com/PHR_other/priority-actions-in-the-zika-virus-response.pdf
Truth Matters: Accountability for CIA Psychological Torture,,report,2015-12-01,,,https://phr.org/our-work/resources/truth-matters-accountability-for-cia-psychological-torture/,Torture|United States,,,b693cdac-b16e-4685-8b4c-4f5e6d1d58d8,https://phr.org/wp-content/uploads/2015/12/truth-matters.pdf
Enhancing a Regional Response to Crimes of Sexual Violence,,report,2015-12-01,,,https://phr.org/our-work/resources/enhancing-a-regional-response-to-crimes-of-sexual-violence/,,,,b693cdac-b16e-4685-8b4c-4f5e6d1d58d8,https://s3.amazonaws.com/PHR_other/enhancing-a-regional-response-to-crimes-of-sexual-violence.pdf
Syria Cessation of Hostilities Fails on Aid Delivery,,other,2016-03-01,,,https://phr.org/our-work/resources/syria-cessation-of-hostilities-fails-on-aid-delivery/,,,,b693cdac-b16e-4685-8b4c-4f5e6d1d58d8,https://s3.amazonaws.com/PHR_Reports/Empty_Promises.pdf
Annual Report 2015,,report,2015-11-01,,,https://phr.org/our-work/resources/annual-report-2015/,,,,b693cdac-b16e-4685-8b4c-4f5e6d1d58d8,https://phr.org/wp-content/uploads/2018/09/annual-report-2015.pdf
Aleppo Abandoned,,report,2015-11-01,,,https://phr.org/our-work/resources/aleppo-abandoned/,Attacks on Health Care|Syria,"Michele Heisler, MD, MPA",,b693cdac-b16e-4685-8b4c-4f5e6d1d58d8,https://phr.org/wp-content/uploads/2015/11/aleppo-abandoned.pdf
"Forced Displacements and Destroyed Lives around Upper Paunglaung Dam in Shan State, Myanmar",,report,2015-10-01,,,https://phr.org/our-work/resources/forced-displacements-and-destroyed-lives-around-upper-paunglaung-dam-in-shan-state-myanmar/,Myanmar,,,b693cdac-b16e-4685-8b4c-4f5e6d1d58d8,https://phr.org/wp-content/uploads/2015/10/burma-shanstate-english-report-oct2015.pdf
"Virginity and Hymen Testing: No Factual, Scientific, or Medical Basis",,other,2015-05-01,,,https://phr.org/our-work/resources/virginity-and-hymen-testing-no-factual-scientific-or-medical-basis/,Sexual Violence,,,b693cdac-b16e-4685-8b4c-4f5e6d1d58d8,https://s3.amazonaws.com/PHR_other/virginity-and-hymen-testing.pdf
Letter to President Obama on the Kunduz Hospital Attack,,other,2016-01-16,,,https://phr.org/our-work/resources/letter-to-president-obama-on-the-kunduz-hospital-attack/,,,,b693cdac-b16e-4685-8b4c-4f5e6d1d58d8,https://s3.amazonaws.com/PHR_other/letter-to-president-obama-on-kunduz-attack.pdf
Lethal in Disguise,,report,2016-03-01,,,https://phr.org/our-work/resources/lethal-in-disguise/,Weapons|Global,"Vincent Iacopino, MD, PhD|Rohini J. Haar, MD, MPH",,b693cdac-b16e-4685-8b4c-4f5e6d1d58d8,https://phr.org/wp-content/uploads/2018/09/lethal-in-disguise.pdf
Letter to Turkish Prime Minister on Lack of Access to Medical Care in Southeastern Türkiye,,other,2016-01-08,,,https://phr.org/our-work/resources/letter-to-turkish-prime-minister-on-lack-of-access-to-medical-care-in-southeastern-turkey/,,,,b693cdac-b16e-4685-8b4c-4f5e6d1d58d8,https://s3.amazonaws.com/PHR_other/letter-to-turkish-prime-minister-on-lack-of-access-to-medical-care-in-southeastern-turkey.pdf
Letter to APA Leadership on Prohibiting Psychologists' Participation in Interrogations,,other,2015-07-31,,,https://phr.org/our-work/resources/letter-to-apa-leadership-on-prohibiting-psychologists-participation-in-interrogations/,,,,b693cdac-b16e-4685-8b4c-4f5e6d1d58d8,https://s3.amazonaws.com/PHR_other/letter-to-apa-leadership-on-prohibiting-psychologists-participation-in-interrogations.pdf
Syria's Medical Community Under Assault,,other,2015-02-01,,,https://phr.org/our-work/resources/syrias-medical-community-under-assault/,,,,b693cdac-b16e-4685-8b4c-4f5e6d1d58d8,https://s3.amazonaws.com/PHR_other/Syria%27s-Medical-Community-Under-Assault-January-2014.pdf
Letter to President Obama on Rejecting Request to Return CIA Torture Report,,other,2015-01-28,,,https://phr.org/our-work/resources/letter-to-president-obama-on-rejecting-request-to-return-cia-torture-report/,,,,b693cdac-b16e-4685-8b4c-4f5e6d1d58d8,https://s3.amazonaws.com/PHR_other/letter-to-president-obama-on-rejecting-request-to-return-cia-torture-report.pdf
Doing Harm: Health Professionals’ Central Role in the CIA Torture Program,,report,2014-12-01,,,https://phr.org/our-work/resources/doing-harm-health-professionals-central-role-in-the-cia-torture-program/,Torture|United States,"Scott A. Allen, MD, FACP|Stephen Soldz, PhD|Steven Reisner, PhD|Vincent Iacopino, MD, PhD",,b693cdac-b16e-4685-8b4c-4f5e6d1d58d8,https://phr.org/wp-content/uploads/2014/12/doing-harm-health-professionals-central-role-in-the-cia-torture-program.pdf
Open Letter to the Government of Bahrain,,other,2015-03-01,,,https://phr.org/our-work/resources/open-letter-to-the-government-of-bahrain/,,,,b693cdac-b16e-4685-8b4c-4f5e6d1d58d8,https://s3.amazonaws.com/PHR_other/open-letter-to-the-government-of-bahrain.pdf
Annual Report 2013,,report,2014-06-01,,,https://phr.org/our-work/resources/annual-report-2013/,,,,b693cdac-b16e-4685-8b4c-4f5e6d1d58d8,https://s3.amazonaws.com/PHR_other/annual-report-2013.pdf
Summary of Roundtable Discussion,,other,2014-06-01,,,https://phr.org/our-work/resources/summary-of-roundtable-discussion/,,,,b693cdac-b16e-4685-8b4c-4f5e6d1d58d8,https://s3.amazonaws.com/PHR_other/reparations-for-survivors-of-sexual-violence.pdf
A Foreseeable Disaster in Burma,,report,2014-11-01,,,https://phr.org/our-work/resources/a-foreseeable-disaster-in-burma/,Myanmar,,,b693cdac-b16e-4685-8b4c-4f5e6d1d58d8,https://phr.org/wp-content/uploads/2014/11/Burma-Thilawa-English-Report-Nov2014.pdf
Student Toolkit,,other,2014-05-01,,,https://phr.org/our-work/resources/student-toolkit/,,,,b693cdac-b16e-4685-8b4c-4f5e6d1d58d8,https://s3.amazonaws.com/PHR_other/student-toolkit-medical-neutrality-protection-act.pdf
PHR Joins Letter Urging White House to Lead in Declassifying Torture Report,,other,2014-04-01,,,https://phr.org/our-work/resources/phr-joins-letter-urging-white-house-to-lead-in-declassifying-torture-report/,,,,b693cdac-b16e-4685-8b4c-4f5e6d1d58d8,https://s3.amazonaws.com/PHR_other/Letter-to-President-Obama-SSCI-April-2014.pdf
Impunity in Honduras,,report,2014-02-01,,,https://phr.org/our-work/resources/impunity-in-honduras/,Torture|Honduras,"Nery Suyapa Osorio, LLM, LLL",,b693cdac-b16e-4685-8b4c-4f5e6d1d58d8,https://phr.org/wp-content/uploads/2014/02/Honduras-Impunity-Report-February-2014.pdf
"International NGOs Urge Ban Ki-moon to Negotiate Aid Access to Rakhine State, Myanmar (Burma)",,other,2015-05-20,,,https://phr.org/our-work/resources/international-ngos-urge-ban-ki-moon-to-negotiate-aid-access-to-rakhine-state-myanmar-burma/,,,,b693cdac-b16e-4685-8b4c-4f5e6d1d58d8,https://s3.amazonaws.com/PHR_other/letter-to-ban-ki-moon-5.20.15.pdf
Annual Report 2014,,report,2014-11-01,,,https://phr.org/our-work/resources/annual-report-2014/,,,,b693cdac-b16e-4685-8b4c-4f5e6d1d58d8,https://phr.org/wp-content/uploads/2015/07/annual-report-2014.pdf
Fact Sheet: Rectal Hydration and Rectal Feeding,,other,2014-12-01,,,https://phr.org/our-work/resources/fact-sheet-rectal-hydration-and-rectal-feeding/,,,,b693cdac-b16e-4685-8b4c-4f5e6d1d58d8,https://s3.amazonaws.com/PHR_other/fact-sheet-rectal-hydration-and-rectal-feeding.pdf
Letter to Turkish Prime Minister on Legal Action Against Doctors,,other,2014-01-06,,,https://phr.org/our-work/resources/letter-to-turkish-prime-minister-on-legal-action-against-doctors/,,,,b693cdac-b16e-4685-8b4c-4f5e6d1d58d8,https://s3.amazonaws.com/PHR_other/Letter-to-Turkish-Prime-Minister-March-2014.pdf
Letter to Turkish President on Health Bill,,other,2014-01-09,,,https://phr.org/our-work/resources/letter-to-turkish-president-on-health-bill/,,,,b693cdac-b16e-4685-8b4c-4f5e6d1d58d8,https://s3.amazonaws.com/PHR_other/Letter-to-Turkish-President-January-2014.pdf
Letter to Turkish Minister of Health on Draft Health Law,,other,2013-11-21,,,https://phr.org/our-work/resources/letter-to-turkish-minister-of-health-on-draft-health-law/,,,,b693cdac-b16e-4685-8b4c-4f5e6d1d58d8,https://s3.amazonaws.com/PHR_other/Letter-to-Turkish-Minister-of-Health-November-2013.pdf
Introduction to Medical Neutrality,,other,2013-11-01,,,https://phr.org/our-work/resources/introduction-to-medical-neutrality/,,,,b693cdac-b16e-4685-8b4c-4f5e6d1d58d8,https://s3.amazonaws.com/PHR_other/Medical-neutrality-policy-brief-April-2017.pdf
A Message from Behind Bars in Bahrain,,other,2013-11-01,,,https://phr.org/our-work/resources/a-message-from-behind-bars-in-bahrain/,,,,b693cdac-b16e-4685-8b4c-4f5e6d1d58d8,https://s3.amazonaws.com/PHR_other/A-Message-from-Behind-Bars-in-Bahrain.pdf
Contempt for Freedom: State Use of Tear Gas as a Weapon and Attacks on Medical Personnel in Türkiye,,report,2013-09-01,,,https://phr.org/our-work/resources/contempt-for-freedom/,Persecution of Health Workers,"Michele Heisler, MD, MPA|Vincent Iacopino, MD, PhD",,b693cdac-b16e-4685-8b4c-4f5e6d1d58d8,https://phr.org/wp-content/uploads/2013/09/Turkey-Protests-Executive-Summary-September-2013.pdf
Letter to President Obama on Force-Feeding at Guantánamo,,other,2013-11-01,,,https://phr.org/our-work/resources/letter-to-president-obama-on-force-feeding-at-guantnamo/,,,,b693cdac-b16e-4685-8b4c-4f5e6d1d58d8,https://s3.amazonaws.com/PHR_other/Letter-to-President-Obama-Guantanamo-November-2013.pdf
Hunger Strikes and the Practice of Force-Feeding,,other,2013-10-01,,,https://phr.org/our-work/resources/hunger-strikes-and-the-practice-of-force-feeding/,,,,b693cdac-b16e-4685-8b4c-4f5e6d1d58d8,https://s3.amazonaws.com/PHR_other/PHR_ForceFeeding_FactSheet.pdf
Shadow Report to the Human Rights Committee on the United States' Compliance with the International Covenant on Civil and Political Rights,,other,2013-09-01,,,https://phr.org/our-work/resources/shadow-report-to-the-human-rights-committee-on-the-united-states-compliance-with-the-international-covenant-on-civil-and-political-rights/,,,,b693cdac-b16e-4685-8b4c-4f5e6d1d58d8,https://s3.amazonaws.com/PHR_other/ICCPR-US-Shadow-Report.pdf
Prepared Remarks – Health Care & Violence: The Need for Effective Protection,,other,2014-09-25,,,https://phr.org/our-work/resources/prepared-remarks-health-care-violence-the-need-for-effective-protection/,,,,b693cdac-b16e-4685-8b4c-4f5e6d1d58d8,https://s3.amazonaws.com/PHR_other/prepared-remarks-health-care-&-violence-the-need-for-effective-protection.pdf
PHR Anti-Torture Expert Stephen N. Xenakis Testifies at Senate Judiciary Committee on Closing Guantananmo,,other,2013-07-24,,,https://phr.org/our-work/resources/phr-anti-torture-expert-stephen-n-xenakis-testifies-at-senate-judiciary-committee-on-closing-guantananmo/,,,,b693cdac-b16e-4685-8b4c-4f5e6d1d58d8,https://s3.amazonaws.com/PHR_other/Stephen_Xenakis_Testimony_7.24.13.pdf
Medical Neutrality and the Use of Weaponized Tear Gas in Bahrain,,other,2013-11-01,,,https://phr.org/our-work/resources/medical-neutrality-and-the-use-of-weaponized-tear-gas-in-bahrain/,,,,b693cdac-b16e-4685-8b4c-4f5e6d1d58d8,https://s3.amazonaws.com/PHR_other/Medical-Neutrality-and-the-Use-of-Weaponized-Tear-Gas-in-Bahrain-Fact-Sheet-2013.pdf
Nerve Agent Exposure and Collection of Forensic Evidence,,other,2013-08-01,,,https://phr.org/our-work/resources/nerve-agent-exposure-and-collection-of-forensic-evidence/,,,,b693cdac-b16e-4685-8b4c-4f5e6d1d58d8,https://s3.amazonaws.com/PHR_other/Nerve-Agent-Exposure-and-Collection-of-Forensic-Evidence-Arabic.pdf
Patterns of Anti-Muslim Violence in Burma,,report,2013-08-01,,,https://phr.org/our-work/resources/patterns-of-anti-muslim-violence-in-burma/,Mass Atrocities|Myanmar,,,b693cdac-b16e-4685-8b4c-4f5e6d1d58d8,https://phr.org/wp-content/uploads/2013/08/Burma-Violence-Report-August-2013.pdf
PHR Experts Urge Somalia’s President to Halt Use of Discredited Medical Test,,other,2013-02-18,,,https://phr.org/our-work/resources/phr-experts-urge-somalias-president-to-halt-use-of-discredited-medical-test/,,"Vincent Iacopino, MD, PhD",,b693cdac-b16e-4685-8b4c-4f5e6d1d58d8,https://s3.amazonaws.com/PHR_other/Letter-to-President-of-Somalia-Federal-Republic-18-February-2013.pdf
Buried Alive: Solitary Confinement in the U.S Detention System,,report,2013-04-01,,,https://phr.org/our-work/resources/buried-alive-solitary-confinement-in-the-us-detention-system/,Torture|United States,,,b693cdac-b16e-4685-8b4c-4f5e6d1d58d8,https://phr.org/wp-content/uploads/2013/04/Solitary-Confinement-April-2013-full.pdf
Libyan Human Identification Needs Assessment and Gap Analysis,,report,2013-03-01,,,https://phr.org/our-work/resources/libyan-human-identification-needs-assessment-and-gap-analysis/,Mass Atrocities|Libya,"Nizam Peerwani, MD",,b693cdac-b16e-4685-8b4c-4f5e6d1d58d8,https://phr.org/wp-content/uploads/2013/03/Libya-human-remains-id-assessmt-report-Mar-2013.pdf
Invisible in Isolation,,report,2012-09-01,,,https://phr.org/our-work/resources/invisible-in-isolation/,Torture|United States,,,b693cdac-b16e-4685-8b4c-4f5e6d1d58d8,https://phr.org/wp-content/uploads/2020/11/Invisible-in-Isolation-Sep2012-detention.pdf
Ending Impunity: The Use of Forensic Medical Evaluations to Document Torture and Ill Treatment in Kyrgyzstan,,report,2012-10-01,,,https://phr.org/our-work/resources/ending-impunity-the-use-of-forensic-medical-evaluations-to-document-torture-and-ill-treatment-in-kyrgyzstan/,Torture|Kyrgyzstan,"Vincent Iacopino, MD, PhD",,b693cdac-b16e-4685-8b4c-4f5e6d1d58d8,https://phr.org/wp-content/uploads/2012/10/2012-kyrgystan-ending-impunity.pdf
Bitter Wounds and Lost Dreams,,report,2012-08-01,,,https://phr.org/our-work/resources/bitter-wounds-and-lost-dreams/,Mass Atrocities|Myanmar,,,b693cdac-b16e-4685-8b4c-4f5e6d1d58d8,https://phr.org/wp-content/uploads/2012/08/burma-karen-rpt-ltr-2012.pdf
Letter to President Obama on Releasing SSCI Report,,other,2014-01-22,,,https://phr.org/our-work/resources/letter-to-president-obama-on-releasing-ssci-report/,,,,b693cdac-b16e-4685-8b4c-4f5e6d1d58d8,https://s3.amazonaws.com/PHR_other/Letter-to-President-Obama-Guantanamo-January-2014.pdf
Doctors in the Crosshairs: Four Years of Attacks on Health Care in Syria,,report,2015-03-01,,,https://phr.org/our-work/resources/doctors-in-the-crosshairs-four-years-of-attacks-on-health-care-in-syria/,Attacks on Health Care|Syria,,,b693cdac-b16e-4685-8b4c-4f5e6d1d58d8,https://phr.org/wp-content/uploads/2015/03/doctors-in-the-crosshairs.pdf
Letter from Medical and Public Health Experts to President Thein Sein Regarding Suspension of MSF in Rakhine State,,other,2014-04-03,,,https://phr.org/our-work/resources/letter-from-medical-and-public-health-experts-to-president-thein-sein-regarding-suspension-of-msf-in-rakhine-state/,,,,b693cdac-b16e-4685-8b4c-4f5e6d1d58d8,https://s3.amazonaws.com/PHR_other/Burma-Letter-Public-Health-Experts-MSF.pdf
Richard Sollom Testifies Before Lantos Human Rights Commission on Bahrain's Use of Tear Gas,,other,2012-08-01,,,https://phr.org/our-work/resources/richard-sollom-testifies-before-lantos-human-rights-commission-on-bahrains-use-of-tear-gas/,,,,b693cdac-b16e-4685-8b4c-4f5e6d1d58d8,https://s3.amazonaws.com/PHR_other/Bahrain-teargas-RSollom-testimony-Aug-1-2012-TLHRC.pdf
Under the Gun: Ongoing Assaults on Bahrain’s Health System,,report,2012-05-01,,,https://phr.org/our-work/resources/under-the-gun-ongoing-assaults-on-bahrains-health-system/,Attacks on Health Care|Bahrain,"Holly G. Atkinson, MD, FACP",,b693cdac-b16e-4685-8b4c-4f5e6d1d58d8,https://phr.org/wp-content/uploads/2012/05/Bahrain-militarization-may-2012-under-the-gun.pdf
Crucial Senate Hearing on Indefinite Detention Includes PHR Testimony by Dr. Scott Allen,,report,2012-03-01,,,https://phr.org/our-work/resources/crucial-senate-hearing-on-indefinite-detention-includes-phr-testimony-by-dr-scott-allen/,Torture|United States,"Scott A. Allen, MD, FACP",,b693cdac-b16e-4685-8b4c-4f5e6d1d58d8,https://phr.org/wp-content/uploads/2012/03/PHR_Indefinite_Detention_Testimony.pdf
32nd Brigade Massacre: Evidence of war crimes and the need to ensure justice and accountability in Libya,,report,2011-12-01,,,https://phr.org/our-work/resources/32nd-brigade-massacre-evidence-of-war-crimes-and-the-need-to-ensure-justice-and-accountability-in-libya/,Mass Atrocities|Libya,,,b693cdac-b16e-4685-8b4c-4f5e6d1d58d8,https://phr.org/wp-content/uploads/2011/12/Libya-32nd-Brigade-Massacre.pdf
NY Anti-Torture Legislation Memorandum of Support,,other,2011-09-01,,,https://phr.org/our-work/resources/ny-anti-torture-legislation-memorandum-of-support/,,,,b693cdac-b16e-4685-8b4c-4f5e6d1d58d8,https://s3.amazonaws.com/PHR_other/NY-ATP-legislation-support-memo-Sept2011.pdf
William Davis Testifies on Burma Before Canadian House of Commons,,other,2012-05-10,,,https://phr.org/our-work/resources/william-davis-testifies-on-burma-before-canadian-house-of-commons/,,,,b693cdac-b16e-4685-8b4c-4f5e6d1d58d8,https://s3.amazonaws.com/PHR_other/William-Davis-PHR-Burma-testimony-5-10-2012.pdf
"Witness to War Crimes: Evidence from Misrata, Libya",,report,2011-08-01,,,https://phr.org/our-work/resources/witness-to-war-crimes-evidence-from-misrata-libya/,Mass Atrocities|Libya,,,b693cdac-b16e-4685-8b4c-4f5e6d1d58d8,https://phr.org/wp-content/uploads/2011/08/Libya-WitnesstoWarCrimes-Aug2011.pdf
"Syria: Attacks on Doctors, Patients, and Hospitals",,report,2011-12-01,,,https://phr.org/our-work/resources/syria-attacks-on-doctors-patients-and-hospitals/,Attacks on Health Care|Syria,,,b693cdac-b16e-4685-8b4c-4f5e6d1d58d8,https://phr.org/wp-content/uploads/2011/12/syria-attacks-on-drs-patients-hospitals-final-2011-1.pdf
MA Anti-Torture Legislation Memorandum of Support,,other,2011-09-01,,,https://phr.org/our-work/resources/ma-anti-torture-legislation-memorandum-of-support/,,,,b693cdac-b16e-4685-8b4c-4f5e6d1d58d8,https://s3.amazonaws.com/PHR_other/MA-ATP-legislation-support-memo-Sept2011.pdf
Punishment Before Justice: Indefinite Detention in the US,,report,2011-06-01,,,https://phr.org/our-work/resources/punishment-before-justice-indefinite-detention-in-the-us/,Torture|United States,,,b693cdac-b16e-4685-8b4c-4f5e6d1d58d8,https://phr.org/wp-content/uploads/2011/06/indefinite-detention-june2011.pdf
"Under Siege in Kachin State, Burma",,report,2011-11-01,,,https://phr.org/our-work/resources/under-siege-in-kachin-state-burma/,Mass Atrocities|Burma,,,b693cdac-b16e-4685-8b4c-4f5e6d1d58d8,https://phr.org/wp-content/uploads/2020/11/Burma-KachinRpt-full-11-30-2011.pdf
Dual Loyalties,,report,2011-03-21,,,https://phr.org/our-work/resources/dual-loyalties/,United States,,,b693cdac-b16e-4685-8b4c-4f5e6d1d58d8,https://phr.org/wp-content/uploads/2011/03/2011_DualLoyalties_Final_3_24_2011_opt.pdf
Do No Harm,,report,2011-04-22,,,https://phr.org/our-work/resources/do-no-harm/,Persecution of Health Workers|Bahrain,,,b693cdac-b16e-4685-8b4c-4f5e6d1d58d8,https://phr.org/wp-content/uploads/2011/04/bahrain-do-no-harm-2011.pdf
Life Under the Junta,,report,2011-01-01,,,https://phr.org/our-work/resources/life-under-the-junta/,Mass Atrocities|Burma,"Parveen Parmar, MD, MPH",,b693cdac-b16e-4685-8b4c-4f5e6d1d58d8,https://phr.org/wp-content/uploads/2011/01/life-under-the-junta-burma-chin-state.pdf
Experiments in Torture,,report,2010-06-01,,,https://phr.org/our-work/resources/experiments-in-torture-3/,Torture|United States,"Scott A. Allen, MD, FACP",,b693cdac-b16e-4685-8b4c-4f5e6d1d58d8,https://phr.org/wp-content/uploads/2010/06/Experiments_in_Torture.pdf
Grading the Benchmarks,,other,2010-04-01,,,https://phr.org/our-work/resources/grading-the-benchmarks/,,,,b693cdac-b16e-4685-8b4c-4f5e6d1d58d8,https://s3.amazonaws.com/PHR_other/grading-the-benchmarks.pdf
Hospital Staff Upholds International Medical Ethics During Unrest in Bangkok,,report,2010-05-01,,,https://phr.org/our-work/resources/hospital-staff-upholds-international-medical-ethics-during-unrest-in-bangkok/,Attacks on Health Care|Thailand,,,b693cdac-b16e-4685-8b4c-4f5e6d1d58d8,https://phr.org/wp-content/uploads/2010/05/bangkok-unrest-2010.pdf
Incorporating the Right to Health into Health Workforce Plans,,other,2009-12-01,,,https://phr.org/our-work/resources/incorporating-the-right-to-health-into-health-workforce-plans/,,,,b693cdac-b16e-4685-8b4c-4f5e6d1d58d8,https://s3.amazonaws.com/PHR_other/incorporating-right-to-health.pdf
Developing Rights-based Health Systems and Overcoming the Global Health Workforce Crisis: Proposals for the Obama Administration's Global Health Initiative,,other,2009-12-01,,,https://phr.org/our-work/resources/developing-rights-based-health-systems-and-overcoming-the-global-health-workforce-crisis-proposals-for-the-obama-administrations-global-health-initiative/,,,,b693cdac-b16e-4685-8b4c-4f5e6d1d58d8,https://s3.amazonaws.com/PHR_other/rights-based-health-systems.pdf
Action Agenda for Realizing Treatment and Support for Women and Girls in Darfur,,report,2010-03-01,,,https://phr.org/our-work/resources/action-agenda-for-realizing-treatment-and-support-for-women-and-girls-in-darfur/,Sexual Violence|Sudan,,,b693cdac-b16e-4685-8b4c-4f5e6d1d58d8,https://phr.org/wp-content/uploads/2010/03/darfur-action-agenda.pdf
Letter from Health Advocates: Concerns about Global Health Workforce Issues in the US Health Reform Efforts,,other,2009-09-08,,,https://phr.org/our-work/resources/letter-from-health-advocates-concerns-about-global-health-workforce-issues-in-the-us-health-reform-efforts/,,,,b693cdac-b16e-4685-8b4c-4f5e6d1d58d8,https://s3.amazonaws.com/PHR_other/letter-2009-09-10-hwai.pdf
Perilous Medicine,,report,2009-06-16,,,https://phr.org/our-work/resources/perilous-medicine/,Persecution of Health Workers|Kosovo,,,b693cdac-b16e-4685-8b4c-4f5e6d1d58d8,https://phr.org/wp-content/uploads/2009/06/perilous-medicineKosovo-legacy.pdf
Amicus Brief in Support of Prevention of Coercive Confinement in Domestic Incarceration,,other,2010-02-01,,,https://phr.org/our-work/resources/amicus-brief-in-support-of-prevention-of-coercive-confinement-in-domestic-incarceration/,,,,b693cdac-b16e-4685-8b4c-4f5e6d1d58d8,https://s3.amazonaws.com/PHR_other/amicus-brief-zagorski.pdf
Toxic Metals and Indigenous Peoples Near the Marlin Mine in Western Guatemala,,report,2010-05-18,,,https://phr.org/our-work/resources/toxic-metals-and-indigenous-peoples-near-the-marlin-mine-in-western-guatemala/,Guatemala,,,b693cdac-b16e-4685-8b4c-4f5e6d1d58d8,https://phr.org/wp-content/uploads/2010/05/guatemala-toxic-metals-1.pdf
Stateless and Starving,,report,2010-03-01,,,https://phr.org/our-work/resources/stateless-and-starving/,Mass Atrocities|Bangladesh,"Parveen Parmar, MD, MPH",,b693cdac-b16e-4685-8b4c-4f5e6d1d58d8,https://phr.org/wp-content/uploads/2010/03/stateless-and-starving-1.pdf
Nowhere to Turn,,report,2009-05-01,,,https://phr.org/our-work/resources/nowhere-to-turn/,Sexual Violence|Sudan,,,b693cdac-b16e-4685-8b4c-4f5e6d1d58d8,https://phr.org/wp-content/uploads/2009/05/nowhere-to-turn.pdf
Health in Ruins,,report,2009-01-01,,,https://phr.org/our-work/resources/health-in-ruins/,Attacks on Health Care|Zimbabwe,,,b693cdac-b16e-4685-8b4c-4f5e6d1d58d8,https://phr.org/wp-content/uploads/2009/01/health-in-ruins-zim-full-2009.pdf
Death Investigations  |  Investigations in Russia,,report,,,,https://phr.org/issues/investigating-deaths-and-mass-atrocities/death-investigations/investigations-in-russia/,,,,b693cdac-b16e-4685-8b4c-4f5e6d1d58d8,https://phr.org/wp-content/uploads/2019/08/PHR_IFP_Magnitsky-report_July-2011_and-Addendum_2012.pdf
The Right to Health and Health Workforce Planning,,other,2008-08-04,,,https://phr.org/our-work/resources/the-right-to-health-and-health-workforce-planning/,,,,b693cdac-b16e-4685-8b4c-4f5e6d1d58d8,https://s3.amazonaws.com/PHR_other/health-workforce-planning-guide-2.pdf
Amicus Brief in Support of Adequate Health Care for Immigration Detainees and Asylum Seekers,,other,2008-07-10,,,https://phr.org/our-work/resources/amicus-brief-in-support-of-adequate-health-care-for-immigration-detainees-and-asylum-seekers/,,,,b693cdac-b16e-4685-8b4c-4f5e6d1d58d8,https://s3.amazonaws.com/PHR_other/amicus-brief-ice-deten.pdf
"Stigma, Discrimination, and PEPFAR Partnership Framework Agreements: An Analysis of Selected Issues in Five Agreements",,other,2009-12-01,,,https://phr.org/our-work/resources/stigma-discrimination-and-pepfar-partnership-framework-agreements-an-analysis-of-selected-issues-in-five-agreements/,,,,b693cdac-b16e-4685-8b4c-4f5e6d1d58d8,https://s3.amazonaws.com/PHR_other/pepfar-partnership-framework.pdf
"Broken Laws, Broken Lives",,report,2008-06-01,,,https://phr.org/our-work/resources/broken-laws-broken-lives/,Torture|United States,,,b693cdac-b16e-4685-8b4c-4f5e6d1d58d8,https://phr.org/wp-content/uploads/2008/06/BrokenLaws_14.pdf
Forensic Documentation of Torture and Ill Treatment in Mexico,,report,2008-12-05,,,https://phr.org/our-work/resources/forensic-documentation-of-torture-and-ill-treatment-in-mexico/,Torture|Mexico,"Vincent Iacopino, MD, PhD",,b693cdac-b16e-4685-8b4c-4f5e6d1d58d8,https://phr.org/wp-content/uploads/2008/12/mexico-forensic-documentation-torture-2008.pdf
Aiding Torture: Health Professionals' Ethics and Human Rights Violations Demonstrated in the May 2004 CIA Inspector General's Report,,report,2009-08-01,,,https://phr.org/our-work/resources/aiding-torture-health-professionals-ethics-and-human-rights-violations-demonstrated-in-the-may-2004-cia-inspector-generals-report/,Torture|United States,"Scott A. Allen, MD, FACP|Steven Reisner, PhD|Vincent Iacopino, MD, PhD",,b693cdac-b16e-4685-8b4c-4f5e6d1d58d8,https://phr.org/wp-content/uploads/2009/08/aiding-torture-2009.pdf
Human Rights Groups Urge Secretary of State Rice to Call on Pakistan to Restore Independent Judiciary and Lift Media Restrictions,,other,2007-12-21,,,https://phr.org/our-work/resources/human-rights-groups-urge-secretary-of-state-rice-to-call-on-pakistan-to-restore-independent-judiciary-and-lift-media-restrictions/,,,,b693cdac-b16e-4685-8b4c-4f5e6d1d58d8,https://s3.amazonaws.com/PHR_other/hrlc-letter-to-secretary-rice-12-31-07.pdf
PHR Urges UN Human Rights Council to Preserve the Mandates of Darfur Expert Group and Special Rapporteur for Sudan,,other,2007-12-10,,,https://phr.org/our-work/resources/phr-urges-un-human-rights-council-to-preserve-the-mandates-of-darfur-expert-group-and-special-rapporteur-for-sudan/,,,,b693cdac-b16e-4685-8b4c-4f5e6d1d58d8,https://s3.amazonaws.com/PHR_other/joint-ngo-darfur-sign-on-letter.pdf
PHR Urges Secretary of State Rice to Pressure Pakistan to End Abuses,,other,2007-11-13,,,https://phr.org/our-work/resources/phr-urges-secretary-of-state-rice-to-pressure-pakistan-to-end-abuses/,,,,b693cdac-b16e-4685-8b4c-4f5e6d1d58d8,https://s3.amazonaws.com/PHR_other/rice_letter_pakistan_12nov07_final.pdf
Deadly Delays,,report,2007-11-28,,,https://phr.org/our-work/resources/deadly-delays/,Peru,,,b693cdac-b16e-4685-8b4c-4f5e6d1d58d8,https://phr.org/wp-content/uploads/2007/11/maternal-mortality-in-peru2007.pdf
Statement of Support for Dr. Sen's Travel to U.S. to Receive Jonathan Mann Award,,other,2008-04-21,,,https://phr.org/our-work/resources/statement-of-support-for-dr-sens-travel-to-u-s-to-receive-jonathan-mann-award/,,,,b693cdac-b16e-4685-8b4c-4f5e6d1d58d8,https://s3.amazonaws.com/PHR_other/support-for-dr-sen.pdf
Open Letter to 2008 Presidential Candidates on Global Health and HIV/AIDS,,other,2007-10-09,,,https://phr.org/our-work/resources/open-letter-to-2008-presidential-candidates-on-global-health-and-hiv-aids/,,,,b693cdac-b16e-4685-8b4c-4f5e6d1d58d8,https://s3.amazonaws.com/PHR_other/haa-open-letter-08-candidates.pdf
Promise Unmet – AGHA's Stock Out Survey,,other,2007-10-01,,,https://phr.org/our-work/resources/promise-unmet-aghas-stock-out-survey/,,,,b693cdac-b16e-4685-8b4c-4f5e6d1d58d8,https://s3.amazonaws.com/PHR_Reports/2007-promise-unmet.pdf
UNAMID Deployment on the Brink,,report,2007-12-20,,,https://phr.org/our-work/resources/unamid-deployment-on-the-brink/,Mass Atrocities|Sudan,,,b693cdac-b16e-4685-8b4c-4f5e6d1d58d8,https://phr.org/wp-content/uploads/2007/12/unamid-deployment-on-the-brink.pdf
Joint Letter to UN Secretary General on Haroun Appointment in Sudan,,other,2007-09-19,,,https://phr.org/our-work/resources/joint-letter-to-un-secretary-general-on-haroun-appointment-in-sudan/,,,,b693cdac-b16e-4685-8b4c-4f5e6d1d58d8,https://s3.amazonaws.com/PHR_other/joint-letter-to-unsg-on-haroun.pdf
Leave No Marks,,report,2007-08-01,,,https://phr.org/our-work/resources/leave-no-marks/,Torture|United States,"Scott A. Allen, MD, FACP",,b693cdac-b16e-4685-8b4c-4f5e6d1d58d8,https://phr.org/wp-content/uploads/2007/08/leave-no-marks-1.pdf
PHR Letter to Secretary Gates Applauds Declassification of Report on Interrogation Techniques and Calls for Remedial Measures,,other,2007-05-31,,,https://phr.org/our-work/resources/phr-letter-to-secretary-gates-applauds-declassification-of-report-on-interrogation-techniques-and-calls-for-remedial-measures/,,,,b693cdac-b16e-4685-8b4c-4f5e6d1d58d8,https://s3.amazonaws.com/PHR_other/letter-to-gates-notorture.pdf
PHR Letter to American Psychological Association Regarding Psychologists and Interrogations,,other,2007-06-14,,,https://phr.org/our-work/resources/phr-letter-to-american-psychological-association-regarding-psychologists-and-interrogations/,,,,b693cdac-b16e-4685-8b4c-4f5e6d1d58d8,https://s3.amazonaws.com/PHR_other/phr-letter-to-dr-brehm.pdf
Letter in Support of California State Resolution Against Health Professional Involvement in Interrogations,,other,2007-01-11,,,https://phr.org/our-work/resources/letter-in-support-of-california-state-resolution-against-health-professional-involvement-in-interrogations/,,,,b693cdac-b16e-4685-8b4c-4f5e6d1d58d8,https://s3.amazonaws.com/PHR_other/letter-supporting-california-resolution.pdf
The 20th Anniversary of Physicians for Human Rights,,other,2006-10-01,,,https://phr.org/our-work/resources/the-20th-anniversary-of-physicians-for-human-rights/,,,,b693cdac-b16e-4685-8b4c-4f5e6d1d58d8,https://s3.amazonaws.com/PHR_other/phr20thlenrubenstein.pdf
Epidemic of Inequality: Women's Rights and HIV/AIDS in Botswana & Swaziland,,report,2007-05-01,,,https://phr.org/our-work/resources/epidemic-of-inequality-womens-rights-and-hiv-aids-in-botswana-swaziland/,When Doctors Harm|Botswana,,,b693cdac-b16e-4685-8b4c-4f5e6d1d58d8,https://phr.org/wp-content/uploads/2007/05/botswana-swaziland-report-1.pdf
Nigeria: Access to Health Care for People Living with HIV and AIDS,,report,2006-08-01,,,https://phr.org/our-work/resources/nigeria-access-to-health-care-for-people-living-with-hiv-and-aids/,When Doctors Harm|Nigeria,,,b693cdac-b16e-4685-8b4c-4f5e6d1d58d8,https://phr.org/wp-content/uploads/2006/08/nigeria-access-to-heatlh-care.pdf
Bold Solutions to Africa's Health Worker Shortage,,report,2006-08-01,,,https://phr.org/our-work/resources/bold-solutions-to-africas-health-worker-shortage/,,,,b693cdac-b16e-4685-8b4c-4f5e6d1d58d8,https://phr.org/wp-content/uploads/2006/08/bold-solutions-2006.pdf
"Guide to Using the Global Fund to Fight AIDS, Tuberculosis and Malaria to Support Health Systems Strengthening in Round 6",,other,2006-05-01,,,https://phr.org/our-work/resources/guide-to-using-the-global-fund-to-fight-aids-tuberculosis-and-malaria-to-support-health-systems-strengthening-in-round-6/,,,,b693cdac-b16e-4685-8b4c-4f5e6d1d58d8,https://s3.amazonaws.com/PHR_other/using-the-global-fund-2006-round6.pdf
Darfur – Assault on Survival,,report,2006-01-01,,,https://phr.org/our-work/resources/darfur-assault-on-survival/,Mass Atrocities|Sudan,,,b693cdac-b16e-4685-8b4c-4f5e6d1d58d8,https://phr.org/wp-content/uploads/2006/01/darfur-assault-on-survival-1.pdf
Break Them Down,,report,2005-05-01,,,https://phr.org/our-work/resources/break-them-down/,Torture|United States,,,b693cdac-b16e-4685-8b4c-4f5e6d1d58d8,https://phr.org/wp-content/uploads/2005/05/break-them-down.pdf
"The Use of Rape as a Weapon of War in Darfur, Sudan",,report,2004-10-01,,,https://phr.org/our-work/resources/the-use-of-rape-as-a-weapon-of-war-in-darfur-sudan/,Sexual Violence|Sudan,,,b693cdac-b16e-4685-8b4c-4f5e6d1d58d8,https://phr.org/wp-content/uploads/2004/10/darfur-rape-as-a-weapon-2004.pdf
HIV Transmission in Health Care Settings,,report,2004-07-01,,,https://phr.org/our-work/resources/hiv-transmission-in-health-care-settings/,When Doctors Harm|Global,,,b693cdac-b16e-4685-8b4c-4f5e6d1d58d8,https://phr.org/wp-content/uploads/2004/07/hiv-transmission-in-healthcare-setting2003.pdf
"Excluded People, Eroded Communities",,report,2006-06-01,,,https://phr.org/our-work/resources/excluded-people-eroded-communities/,Mexico,,,b693cdac-b16e-4685-8b4c-4f5e6d1d58d8,https://phr.org/wp-content/uploads/2006/06/excluded-people-eroded.pdf
An Action Plan to Prevent Brain Drain,,report,2004-06-01,,,https://phr.org/our-work/resources/an-action-plan-to-prevent-brain-drain/,,,,b693cdac-b16e-4685-8b4c-4f5e6d1d58d8,https://phr.org/wp-content/uploads/2004/06/Africa-prevent-brain-drain-report-2004.pdf
Iraq: Medical Consequences of Interrogation Techniques,,report,2004-05-01,,,https://phr.org/our-work/resources/iraq-medical-consequences-of-interrogation-techniques/,Torture|Iraq,,,b693cdac-b16e-4685-8b4c-4f5e6d1d58d8,https://phr.org/wp-content/uploads/2004/05/iraq-consequences-of-torture-2004.pdf
From Persecution to Prison,,report,2003-06-01,,,https://phr.org/our-work/resources/from-persecution-to-prison/,Asylum|United States,,,b693cdac-b16e-4685-8b4c-4f5e6d1d58d8,https://phr.org/wp-content/uploads/2003/06/persecution-to-prison-US-2003.pdf
Dual Loyalty and Human Rights in Health Professional Practice,,report,2003-03-01,,,https://phr.org/our-work/resources/dual-loyalty-and-human-rights-in-health-professional-practice/,Global,,,b693cdac-b16e-4685-8b4c-4f5e6d1d58d8,https://phr.org/wp-content/uploads/2003/03/dualloyalties-2002-report.pdf
"No Status: Migration, Trafficking, and Exploitation of Women in Thailand",,report,2004-06-01,,,https://phr.org/our-work/resources/no-status/,Sexual Violence|Thailand,,,b693cdac-b16e-4685-8b4c-4f5e6d1d58d8,https://phr.org/wp-content/uploads/2004/06/thailand-women-trafficking-2004.pdf
Destroyed Livelihoods,,report,2005-02-01,,,https://phr.org/our-work/resources/destroyed-livelihoods/,Mass Atrocities|Sudan,,,b693cdac-b16e-4685-8b4c-4f5e6d1d58d8,https://phr.org/wp-content/uploads/2005/02/darfur-case-study-village-destroyed-livelihoods-2005.pdf
War-Related Sexual Violence in Sierra Leone,,report,2002-06-01,,,https://phr.org/our-work/resources/war-related-sexual-violence-in-sierra-leone/,Sexual Violence|Sierra Leone,,,b693cdac-b16e-4685-8b4c-4f5e6d1d58d8,https://phr.org/wp-content/uploads/2002/06/sierra-leone-sexual-violence-2002.pdf
Health and Human Rights Consequences of War in Iraq,,report,2003-02-14,,,https://phr.org/our-work/resources/health-and-human-rights-consequences-of-war-in-iraq/,Attacks on Health Care|Iraq,,,b693cdac-b16e-4685-8b4c-4f5e6d1d58d8,https://phr.org/wp-content/uploads/2018/09/iraq-hhr-consequences-of-war-2003.pdf
Report on Conditions at Afghanistan's Shebarghan Prison,,report,2002-01-01,,,https://phr.org/our-work/resources/report-on-conditions-at-afghanistans-shebarghan-prison/,Torture|Afghanistan,,,b693cdac-b16e-4685-8b4c-4f5e6d1d58d8,https://phr.org/wp-content/uploads/2002/01/afghanistan-conditions-at-shebarghan-prison-2002.pdf
Measuring Landmine Incidents and Injuries and the Capacity to Provide Care,,report,2000-03-01,,,https://phr.org/our-work/resources/measuring-landmine-incidents-and-injuries-and-the-capacity-to-provide-care/,Weapons|Global,,,b693cdac-b16e-4685-8b4c-4f5e6d1d58d8,https://phr.org/wp-content/uploads/2000/03/guide-assess-landmine-injuries-2000.pdf
Human Rights and Health,,report,1998-01-01,,,https://phr.org/our-work/resources/human-rights-and-health/,When Doctors Harm|South Africa,,,b693cdac-b16e-4685-8b4c-4f5e6d1d58d8,https://phr.org/wp-content/uploads/2020/11/south-africa-apartheid-report-1998.pdf
Investigations in Eastern Congo and Western Rwanda,,report,1997-06-01,,,https://phr.org/our-work/resources/investigations-in-eastern-congo-and-western-rwanda/,Mass Atrocities|Democratic Republic of Congo,,,b693cdac-b16e-4685-8b4c-4f5e6d1d58d8,https://phr.org/wp-content/uploads/1997/06/congo-investigations-1997.pdf
Striking Hard,,report,1997-10-01,,,https://phr.org/our-work/resources/striking-hard/,Torture|China,,,b693cdac-b16e-4685-8b4c-4f5e6d1d58d8,https://phr.org/wp-content/uploads/1997/10/tibet-strikinghard-torture-1997.pdf
Endless Brutality,,report,2001-05-01,,,https://phr.org/our-work/resources/endless-brutality/,Mass Atrocities|Chechnya,,,b693cdac-b16e-4685-8b4c-4f5e6d1d58d8,https://phr.org/wp-content/uploads/2001/05/chechnya-endless-brutality-report2001.pdf
"Maternal Mortality in Herat Province, Afghanistan",,report,2002-09-01,,,https://phr.org/our-work/resources/maternal-mortality-in-herat-province-afghanistan/,Afghanistan,"Vincent Iacopino, MD, PhD",,b693cdac-b16e-4685-8b4c-4f5e6d1d58d8,https://phr.org/wp-content/uploads/2002/09/afghanistan-herat-maternal-mortality-2002.pdf
War Crimes in Kosovo,,report,1999-08-01,,,https://phr.org/our-work/resources/war-crimes-in-kosovo/,Mass Atrocities|Kosovo,"Vincent Iacopino, MD, PhD",,b693cdac-b16e-4685-8b4c-4f5e6d1d58d8,https://phr.org/wp-content/uploads/1999/08/kosovo-war-crimes-1999.pdf
Medicine Under Siege in the Former Yugoslavia: 1991-1995,,report,1996-05-01,,,https://phr.org/our-work/resources/medicine-under-siege-in-the-former-yugoslavia-1991-1995/,"Attacks on Health Care|Former Yugoslavia: Bosnia and Herzegovina, and Croatia",,,b693cdac-b16e-4685-8b4c-4f5e6d1d58d8,https://phr.org/wp-content/uploads/1996/05/medicine-under-siege-formerYugoslavia-1996.pdf
Breach of Trust,,report,1994-03-01,,,https://phr.org/our-work/resources/breach-of-trust/,When Doctors Harm|United States,,,b693cdac-b16e-4685-8b4c-4f5e6d1d58d8,https://phr.org/wp-content/uploads/1994/03/Breach-of-Trust-Report-March-1994.pdf
Dead Silence,,report,1994-05-01,,,https://phr.org/our-work/resources/dead-silence/,Mass Atrocities|India,"Vincent Iacopino, MD, PhD",,b693cdac-b16e-4685-8b4c-4f5e6d1d58d8,https://phr.org/wp-content/uploads/1994/05/dead-silence-abuses-in-punjab-1.pdf
Health Conditions in Cambodia's Prisons,,report,1995-04-01,,,https://phr.org/our-work/resources/health-conditions-in-cambodias-prisons/,Cambodia,,,b693cdac-b16e-4685-8b4c-4f5e6d1d58d8,https://phr.org/wp-content/uploads/1995/04/cambodia-prisons-health-conditions-1995.pdf
A Pattern of Impunity,,report,1993-06-01,,,https://phr.org/our-work/resources/a-pattern-of-impunity/,Mass Atrocities|India,"Vincent Iacopino, MD, PhD",,b693cdac-b16e-4685-8b4c-4f5e6d1d58d8,https://phr.org/wp-content/uploads/1993/06/pattern-of-impunity-kashmir-1993_opt.pdf
The Crackdown in Kashmir,,report,1993-03-01,,,https://phr.org/our-work/resources/the-crackdown-in-kashmir/,Persecution of Health Workers|India,"Vincent Iacopino, MD, PhD",,b693cdac-b16e-4685-8b4c-4f5e6d1d58d8,https://phr.org/wp-content/uploads/1993/03/crackdown-in-kashmir-1993.pdf
Health Conditions in Haiti’s Prisons,,report,1992-07-28,,,https://phr.org/our-work/resources/health-conditions-in-haitis-prisons/,,,,b693cdac-b16e-4685-8b4c-4f5e6d1d58d8,https://phr.org/wp-content/uploads/2019/01/Health-Conditions-in-Haitis-Prisons.pdf
Bloody May: Excessive Use of Lethal Force in Bangkok,,report,1992-10-01,,,https://phr.org/our-work/resources/bloody-may-excessive-use-of-lethal-force-in-bangkok/,Attacks on Health Care|Thailand,"Vincent Iacopino, MD, PhD",,b693cdac-b16e-4685-8b4c-4f5e6d1d58d8,https://phr.org/wp-content/uploads/1992/10/bloody-may-bangkok-1992.pdf
Hidden Enemies,,report,1992-06-01,,,https://phr.org/our-work/resources/hidden-enemies/,Weapons|Somalia,,,b693cdac-b16e-4685-8b4c-4f5e6d1d58d8,https://phr.org/wp-content/uploads/1992/06/landmines-in-somalia-1992-1.pdf
Unquiet Graves,,report,1992-03-01,,,https://phr.org/our-work/resources/unquiet-graves/,Mass Atrocities|Iraq,,,b693cdac-b16e-4685-8b4c-4f5e6d1d58d8,https://phr.org/wp-content/uploads/1992/03/iraqi-kurdistan-search-for-disappeared-unquiet-graves1992.pdf
Guatemala: Getting Away With Murder,,report,1991-08-01,,,https://phr.org/our-work/resources/guatemala-getting-away-with-murder/,Mass Atrocities|Guatemala,,,b693cdac-b16e-4685-8b4c-4f5e6d1d58d8,https://phr.org/wp-content/uploads/1991/08/guatelmala-getting-away-with-murder-1991.pdf
Operation “Just Cause:” The Human Cost of Military Action in Panama,,report,1991-10-01,,,https://phr.org/our-work/resources/operation-just-cause/,Death Investigations|Panama,,,b693cdac-b16e-4685-8b4c-4f5e6d1d58d8,https://phr.org/wp-content/uploads/1991/10/Operation-Just-Cause-The-Human-Cost-of-Military-Action-in-Panama.pdf
Iraq-Occupied Kuwait,,report,1991-03-01,,,https://phr.org/our-work/resources/iraq-occupied-kuwait/,Attacks on Health Care|Kuwait,,,b693cdac-b16e-4685-8b4c-4f5e6d1d58d8,https://phr.org/wp-content/uploads/1991/03/iraq-occupied-kuwait-health-care-situation1991.pdf
Coward’s War,,report,1991-03-01,,,https://phr.org/our-work/resources/cowards-war/,Weapons|Cambodia,,,b693cdac-b16e-4685-8b4c-4f5e6d1d58d8,https://phr.org/wp-content/uploads/1991/03/landmines-in-cambodia-1991-1.pdf
Bloody Sunday,,report,1990-02-01,,,https://phr.org/our-work/resources/bloody-sunday/,Chemical Weapons|Georgia,,,b693cdac-b16e-4685-8b4c-4f5e6d1d58d8,https://phr.org/wp-content/uploads/1990/02/tblisi-report-bloodysunday1990-1.pdf
The Search for Brazil’s Disappeared,,report,1991-03-31,,,https://phr.org/our-work/resources/the-search-for-brazils-disappeared/,,,,b693cdac-b16e-4685-8b4c-4f5e6d1d58d8,https://phr.org/wp-content/uploads/1991/03/The-Search-for-Brazils-Disappeared.pdf
El Salvador: Health Care Under Siege,,report,1990-02-01,,,https://phr.org/our-work/resources/el-salvador-health-care-under-siege/,Attacks on Health Care|El Salvador,,,b693cdac-b16e-4685-8b4c-4f5e6d1d58d8,https://phr.org/wp-content/uploads/1990/02/el-salvador-health-care-under-siege.pdf
Iraqi-Occupied Kuwait,,report,1991-03-01,,,https://phr.org/our-work/resources/iraqi-occupied-kuwait/,Attacks on Health Care|Kuwait,,,b693cdac-b16e-4685-8b4c-4f5e6d1d58d8,https://s3.amazonaws.com/PHR_Reports/iraq-occupied-kuwait-health-care-situation.pdf
The Use of Tear Gas in the Republic of Korea,,report,1987-07-01,,,https://phr.org/our-work/resources/the-use-of-tear-gas-in-the-republic-of-korea/,Weapons|South Korea,,,b693cdac-b16e-4685-8b4c-4f5e6d1d58d8,https://phr.org/wp-content/uploads/1987/07/korea-1987-use-of-tear-gas-in-republic-of-korea.pdf
Winds of Death,,report,1989-01-01,,,https://phr.org/our-work/resources/winds-of-death/,Chemical Weapons|Iraq,,,b693cdac-b16e-4685-8b4c-4f5e6d1d58d8,https://phr.org/wp-content/uploads/1989/01/winds-of-death-iraq-kurds-1989-1.pdf
Medical Mission to Czechoslovakia,,report,1988-07-28,,,https://phr.org/our-work/resources/medical-mission-to-czechoslovakia/,,,,b693cdac-b16e-4685-8b4c-4f5e6d1d58d8,https://phr.org/wp-content/uploads/2019/01/1988-Medical-Mission-to-Czechoslovakia.pdf
Panama 1987: Health Consequences of Police and Military Actions,,report,1988-04-01,,,https://phr.org/our-work/resources/panama-1987-health-consequences-of-police-and-military-actions/,Attacks on Health Care|Panama,,,b693cdac-b16e-4685-8b4c-4f5e6d1d58d8,https://phr.org/wp-content/uploads/1988/04/panama-1987-health-cons.pdf
