collection__uuid,artifact__title,artifact__summary,artifact__type,artifact__date_published,artifact__date_published_year,artifact__date_circa,artifact__uri,artifact__people__author,artifact__people__editor,file__url,file__language,file__pages
2dcb7b8e-71ad-4c9a-b018-994cda9ed0cb,Submission to the Thrive by Five Early Childhood Guarantee Bill 2024,,report,2024-06-01,,,https://library.bsl.org.au/showitem.php?handle=1/13473,,,https://library.bsl.org.au/showitem.php?handle=1/13473,,
2dcb7b8e-71ad-4c9a-b018-994cda9ed0cb,Submission to the Electricity and Energy Sector Plan discussion paper,,report,2024-06-01,,,https://library.bsl.org.au/showitem.php?handle=1/13471,,,https://library.bsl.org.au/showitem.php?handle=1/13471,,
2dcb7b8e-71ad-4c9a-b018-994cda9ed0cb,Submission to the Climate Change Authority 2024 Issues Paper,,report,2024-06-01,,,https://library.bsl.org.au/showitem.php?handle=1/13470,,,https://library.bsl.org.au/showitem.php?handle=1/13470,,
2dcb7b8e-71ad-4c9a-b018-994cda9ed0cb,Submission to regulatory impact statement on efficiency standards for rental properties,,report,2024-06-01,,,https://library.bsl.org.au/showitem.php?handle=1/13469,,,https://library.bsl.org.au/showitem.php?handle=1/13469,,
2dcb7b8e-71ad-4c9a-b018-994cda9ed0cb,Joint submission to Treasury on the Buy Now Pay Later Exposure Draft,,report,2024-06-01,,,https://library.bsl.org.au/showitem.php?handle=1/13468,,,https://library.bsl.org.au/showitem.php?handle=1/13468,,
2dcb7b8e-71ad-4c9a-b018-994cda9ed0cb,Submission to the NDIS Amendment Bill 2024,,report,2024-05-01,,,https://library.bsl.org.au/showitem.php?handle=1/13465,,,https://library.bsl.org.au/showitem.php?handle=1/13465,,
2dcb7b8e-71ad-4c9a-b018-994cda9ed0cb,Submission to strategic review of the Apprenticeship Incentive System,,report,2024-05-01,,,https://library.bsl.org.au/showitem.php?handle=1/13463,,,https://library.bsl.org.au/showitem.php?handle=1/13463,,
2dcb7b8e-71ad-4c9a-b018-994cda9ed0cb,Early childhood education and care: submission to the Productivity Commission in response to the draft report,,report,2024-03-01,,,https://library.bsl.org.au/showitem.php?handle=1/13445,,,https://library.bsl.org.au/showitem.php?handle=1/13445,,
2dcb7b8e-71ad-4c9a-b018-994cda9ed0cb,"Submission to consultation on the Australian Government response to the Royal Commission into Violence, Abuse, Neglect and Exploitation of People with Disability",,report,2024-03-01,,,https://library.bsl.org.au/showitem.php?handle=1/13440,,,https://library.bsl.org.au/showitem.php?handle=1/13440,,
2dcb7b8e-71ad-4c9a-b018-994cda9ed0cb,Submission to consultation for the Disability Employment Centre of Excellence,,report,2024-01-01,,,https://library.bsl.org.au/showitem.php?handle=1/13430,,,https://library.bsl.org.au/showitem.php?handle=1/13430,,
2dcb7b8e-71ad-4c9a-b018-994cda9ed0cb,Developing a Not-for-profit Sector Development Blueprint - submission to DSS BERG,,report,2024-01-01,,,https://library.bsl.org.au/showitem.php?handle=1/13431,,,https://library.bsl.org.au/showitem.php?handle=1/13431,,
2dcb7b8e-71ad-4c9a-b018-994cda9ed0cb,Submission to the Senate Inquiry into Residential Electrification,,report,2023-12-01,,,https://library.bsl.org.au/showitem.php?handle=1/13414,,,https://library.bsl.org.au/showitem.php?handle=1/13414,,
2dcb7b8e-71ad-4c9a-b018-994cda9ed0cb,Submission to the Department of Home Affairs on the Multicultural Framework Review,,report,2023-12-01,,,https://library.bsl.org.au/showitem.php?handle=1/13413,,,https://library.bsl.org.au/showitem.php?handle=1/13413,,
2dcb7b8e-71ad-4c9a-b018-994cda9ed0cb,Submission on Paid Parental Leave Amendment Bill December 2023,,report,2023-12-01,,,https://library.bsl.org.au/showitem.php?handle=1/13407,,,https://library.bsl.org.au/showitem.php?handle=1/13407,,
2dcb7b8e-71ad-4c9a-b018-994cda9ed0cb,"Finding a balance? Work, family and economic security: insights from parents in the Life Chances study",How has becoming and being a parent affected the economic security and financial wellbeing of participants in our Life Chances longitudinal study?,report,,2024,,https://www.bsl.org.au/research/publications/finding-a-balance/,Ursula Harrison|Dina Bowman,,https://library.bsl.org.au/showitem.php?handle=1/13448,,
2dcb7b8e-71ad-4c9a-b018-994cda9ed0cb,"Investing in women’s empowerment: formative evaluation of the SEED Project in Seymour, Victoria",A formative evaluation assessing the implementation stage of the SEED Project and how the project is making progress towards its intended outcomes.,report,,2024,,https://www.bsl.org.au/research/publications/investing-in-womens-empowerment/,Margaret Kabare,,https://library.bsl.org.au/showitem.php?handle=1/13472,,
2dcb7b8e-71ad-4c9a-b018-994cda9ed0cb,Inequality in Australia: insights from the Life Chances Study 1990–2024,The final report wrapping up our 34-year longitudinal study.,report,,2024,,https://www.bsl.org.au/research/publications/inequality-in-australia-insights-from-the-life-chances-study/,Dina Bowman|Ursula Harrison,,https://library.bsl.org.au/showitem.php?handle=1/13467,,
2dcb7b8e-71ad-4c9a-b018-994cda9ed0cb,The Better Health and Housing Program evaluation,Positive outcomes realised by residents and conditions for success identified in the BHHP.,report,,2023,,https://www.bsl.org.au/research/publications/the-better-health-and-housing-program-evaluation/,Tracey Pahor,,https://library.bsl.org.au/showitem.php?handle=1/13415,,
2dcb7b8e-71ad-4c9a-b018-994cda9ed0cb,Making ends meet: fostering security and dignity in tough times,How has the cost-of-living crisis intersected with long-term drivers of financial stress?,report,,2024,,https://www.bsl.org.au/research/publications/making-ends-meet/,"Dina Bowman, Emily Porter|Margaret Kabare.",,https://library.bsl.org.au/showitem.php?handle=1/13433,,
2dcb7b8e-71ad-4c9a-b018-994cda9ed0cb,Stepping up women’s financial wellbeing: Stepping Stones program 2021–23 service impact report,"Drawing on project documents, deidentified monitoring data and case studies, this report summarises the model, activities, outcomes and learnings from the 2021–23 cohort of women who participated in Stepping Stones.",report,,2023,,https://www.bsl.org.au/research/publications/stepping-stones-2021-23-service-impact-report/,Margaret Kabare,,https://library.bsl.org.au/showitem.php?handle=1/13401,,
2dcb7b8e-71ad-4c9a-b018-994cda9ed0cb,"Submission to DSS for a stronger, more diverse and independent community sector",,report,2023-11-01,,,https://library.bsl.org.au/showitem.php?handle=1/13396,,,https://library.bsl.org.au/showitem.php?handle=1/13396,,
2dcb7b8e-71ad-4c9a-b018-994cda9ed0cb,Submission to the Inquiry into the State Education System in Victoria,,report,2023-11-01,,,https://library.bsl.org.au/showitem.php?handle=1/13395,,,https://library.bsl.org.au/showitem.php?handle=1/13395,,
2dcb7b8e-71ad-4c9a-b018-994cda9ed0cb,Submission to DISR on Future Gas Strategy,,report,2023-11-01,,,https://library.bsl.org.au/showitem.php?handle=1/13392,,,https://library.bsl.org.au/showitem.php?handle=1/13392,,
2dcb7b8e-71ad-4c9a-b018-994cda9ed0cb,Summary of joint submission into the Workforce Australia Employment Services Inquiry,,report,2023-11-01,,,https://library.bsl.org.au/showitem.php?handle=1/13391,,,https://library.bsl.org.au/showitem.php?handle=1/13391,,
2dcb7b8e-71ad-4c9a-b018-994cda9ed0cb,Response to the Economic Inclusion Advisory Committee Bill 2023,,report,2023-11-01,,,https://library.bsl.org.au/showitem.php?handle=1/13389,,,https://library.bsl.org.au/showitem.php?handle=1/13389,,
2dcb7b8e-71ad-4c9a-b018-994cda9ed0cb,Response to the Australian Competition and Consumer Commission on Child Care Inquiry draft findings and recommendations,,report,2023-11-01,,,https://library.bsl.org.au/showitem.php?handle=1/13387,,,https://library.bsl.org.au/showitem.php?handle=1/13387,,
2dcb7b8e-71ad-4c9a-b018-994cda9ed0cb,Fulfilling the potential of Partners in the Community: response to the NDIS Review,,report,2023-10-01,,,https://library.bsl.org.au/showitem.php?handle=1/13386,,,https://library.bsl.org.au/showitem.php?handle=1/13386,,
2dcb7b8e-71ad-4c9a-b018-994cda9ed0cb,Reform of the Australian employment services system: design options,,report,2023-10-01,,,https://library.bsl.org.au/showitem.php?handle=1/13384,,,https://library.bsl.org.au/showitem.php?handle=1/13384,,
2dcb7b8e-71ad-4c9a-b018-994cda9ed0cb,Seeding change: insights and lessons from the development and establishment of the SEED Project in Seymour,Development and early implementation of the SEED model.,report,,2023,,https://www.bsl.org.au/research/publications/seeding-change-journey-insights/,Margaret Kabare,,https://library.bsl.org.au/showitem.php?handle=1/13388,,
2dcb7b8e-71ad-4c9a-b018-994cda9ed0cb,Growing pains: Family Tax Benefit issues and options for reform,How can the Family Tax Benefit (FTB) better meet the needs of today’s families?,report,,2023,,https://www.bsl.org.au/research/publications/growing-pains-ftb-issues-and-options-for-reform/,"Miranda Stewart, Emily Porter, Dina Bowman|Emily Millane",,https://library.bsl.org.au/showitem.php?handle=1/13398,,
2dcb7b8e-71ad-4c9a-b018-994cda9ed0cb,A new voluntary parent support service: submission to the Department of Employment and Workplace Relations,,report,2023-09-01,,,https://library.bsl.org.au/showitem.php?handle=1/13381,,,https://library.bsl.org.au/showitem.php?handle=1/13381,,
2dcb7b8e-71ad-4c9a-b018-994cda9ed0cb,Submission to the Senate Economics Legislation Committee Inquiry into the Housing Australia Future Fund Bill 2023,,report,2023-09-01,,,https://library.bsl.org.au/bsljspui/bitstream/1/13378/1/BSL_subm_Housing_Australia_Future_Fund_Aug2023.pdf,,,https://library.bsl.org.au/bsljspui/bitstream/1/13378/1/BSL_subm_Housing_Australia_Future_Fund_Aug2023.pdf,,
2dcb7b8e-71ad-4c9a-b018-994cda9ed0cb,Submission to the Review to Inform a Better and Fairer Education System,,report,2023-08-01,,,https://library.bsl.org.au/showitem.php?handle=1/13371,,,https://library.bsl.org.au/showitem.php?handle=1/13371,,
2dcb7b8e-71ad-4c9a-b018-994cda9ed0cb,Skilling for the green transition,,presentation,,,,https://library.bsl.org.au/showitem.php?handle=1/13370,,,https://library.bsl.org.au/showitem.php?handle=1/13370,,
2dcb7b8e-71ad-4c9a-b018-994cda9ed0cb,Submission to the Climate Change Authority re Australia's emissions reduction targets,,report,2023-07-01,,,https://library.bsl.org.au/showitem.php?handle=1/13366,,,https://library.bsl.org.au/showitem.php?handle=1/13366,,
2dcb7b8e-71ad-4c9a-b018-994cda9ed0cb,Enabling electrification: addressing the barriers to moving off gas faced by lower-income households,"Our study explores the views of lower-income households about moving from gas to electricity as home energy sources, the barriers they face, and the implications for policy to achieve equitable solutions.",report,,2023,,https://www.bsl.org.au/research/publications/enabling-electrification/,"Sangeetha Chandrashekeran, Julia de Bruyn, David Bryant|Damian Sullivan",,https://library.bsl.org.au/showitem.php?handle=1/13361,,
2dcb7b8e-71ad-4c9a-b018-994cda9ed0cb,Mutual investment for mutual benefit: activating employers to shift young people’s career trajectories,How can we enable employer engagement in youth employment solutions?,report,,2023,,https://www.bsl.org.au/research/publications/mutual-investment/,Sharon Bond|Marion Coddou,,https://library.bsl.org.au/showitem.php?handle=1/13376,,
2dcb7b8e-71ad-4c9a-b018-994cda9ed0cb,Critical Interim Support Pilot provisional results,Outreach to older people in vulnerable situations has enabled them to access aged care services before their health and living circumstances deteriorate.,report,,2023,,https://www.bsl.org.au/research/publications/critical-interim-support-pilot-provisional-results/,Amber Mills,,https://library.bsl.org.au/showitem.php?handle=1/13360,,
2dcb7b8e-71ad-4c9a-b018-994cda9ed0cb,Listening to community voices: perspectives on consultation and engagement from people using disability services,How do people with disability view efforts to consult them about the services they use?,report,,2023,,https://www.bsl.org.au/research/publications/community-voices/,"Deborah Warr, Amber Mills|Vas Kasidis",,https://library.bsl.org.au/showitem.php?handle=1/13380,,
2dcb7b8e-71ad-4c9a-b018-994cda9ed0cb,Submission to Australian Human Rights Commission re Youth Justice and Child Wellbeing Reform across Australia,,report,2023-06-01,,,https://library.bsl.org.au/showitem.php?handle=1/13357,,,https://library.bsl.org.au/showitem.php?handle=1/13357,,
2dcb7b8e-71ad-4c9a-b018-994cda9ed0cb,Joint submission to the Senate Select Committee into the Provision of and Access to Dental Services in Australia,,report,2023-06-01,,,https://library.bsl.org.au/showitem.php?handle=1/13356,,,https://library.bsl.org.au/showitem.php?handle=1/13356,,
2dcb7b8e-71ad-4c9a-b018-994cda9ed0cb,Australia's clean energy workforce: submission to Jobs and Skills Australia,,report,2023-05-01,,,https://library.bsl.org.au/showitem.php?handle=1/13332,,,https://library.bsl.org.au/showitem.php?handle=1/13332,,
2dcb7b8e-71ad-4c9a-b018-994cda9ed0cb,Submission to Productivity Commission Inquiry into Early Childhood Education and Care,,report,2023-05-01,,,https://library.bsl.org.au/showitem.php?handle=1/13331,,,https://library.bsl.org.au/showitem.php?handle=1/13331,,
2dcb7b8e-71ad-4c9a-b018-994cda9ed0cb,Co-designing a foundational training offer for young people,,presentation,,,,https://library.bsl.org.au/showitem.php?handle=1/13324,,,https://library.bsl.org.au/showitem.php?handle=1/13324,,
2dcb7b8e-71ad-4c9a-b018-994cda9ed0cb,Filling the gap in financial support programs: Financial Empowerment and Resilience Network (FERN) project report,The FERN Project provided a testing ground for operationalising BSL’s financial wellbeing framework.,report,,2023,,https://www.bsl.org.au/research/publications/fern/,Rory Anderson,,https://library.bsl.org.au/showitem.php?handle=1/13379,,
2dcb7b8e-71ad-4c9a-b018-994cda9ed0cb,Sustaining Economic Empowerment and Dignity for Women: conceptual framework,This report outlines the theoretical frameworks for addressing women’s economic security that underpin the SEED Project.,report,,2023,,https://www.bsl.org.au/research/publications/seed-conceptual-framework/,"Jo Buick, Dina Bowman, Rebecca Pinney Meddings|Margaret Kabare",,https://library.bsl.org.au/showitem.php?handle=1/13338,,
2dcb7b8e-71ad-4c9a-b018-994cda9ed0cb,Flip it: reframing issues affecting women’s economic security in Seymour,Adopting a gender lens helps to identify barriers affecting women and create opportunities to improve women’s financial wellbeing in regional towns.,report,,2023,,https://www.bsl.org.au/research/publications/flip-it-womens-economic-security/,Margaret Kabare|Dina Bowman,,https://library.bsl.org.au/showitem.php?handle=1/13329,,
2dcb7b8e-71ad-4c9a-b018-994cda9ed0cb,Support online: user experiences of digital platforms in the NDIS market,How are online platforms affecting support workers’ conditions and the quality of support available to people with disability?,report,,2023,,https://www.bsl.org.au/research/publications/support-online-2/,"Andrew Thies, Deborah Warr|Georgia Katsikis",,https://library.bsl.org.au/showitem.php?handle=1/13355,,
2dcb7b8e-71ad-4c9a-b018-994cda9ed0cb,AgFutures Interim Developmental Evaluation Report,Progress in designing effective pathways for young people into careers in agriculture,report,,2023,,https://www.bsl.org.au/research/publications/agfutures-interim-dev-evaluation-report/,Madeleine Morey,,https://library.bsl.org.au/showitem.php?handle=1/13335,,
2dcb7b8e-71ad-4c9a-b018-994cda9ed0cb,Preparing for the future: evaluation of the Career Launchpad program for school leavers with disabilities,This qualitative study identifies features of a program that enables young people with disability to build interpersonal skills and explore employment pathways.,report,,2023,,https://www.bsl.org.au/research/publications/preparing-for-the-future/,Deborah Warr|Sharon Bond,,https://library.bsl.org.au/showitem.php?handle=1/13333,,
2dcb7b8e-71ad-4c9a-b018-994cda9ed0cb,Submission to Essential Services Commission Gas Distribution System Code of Practice Review,,report,2023-04-01,,,https://library.bsl.org.au/showitem.php?handle=1/13325,,,https://library.bsl.org.au/showitem.php?handle=1/13325,,
2dcb7b8e-71ad-4c9a-b018-994cda9ed0cb,Submission to the Early Years Strategy,,report,2023-04-01,,,https://library.bsl.org.au/showitem.php?handle=1/13327,,,https://library.bsl.org.au/showitem.php?handle=1/13327,,
2dcb7b8e-71ad-4c9a-b018-994cda9ed0cb,"Joint submission to Inquiry into Workforce Australia Employment Services (Joint submission from BSL, CPD and University of Melbourne)",,report,2023-04-01,,,https://library.bsl.org.au/showitem.php?handle=1/13323,,,https://library.bsl.org.au/showitem.php?handle=1/13323,,
2dcb7b8e-71ad-4c9a-b018-994cda9ed0cb,Submission to the Essential Services Commission re Victorian Default Offer draft decision for 2023-24,,report,2023-04-01,,,https://library.bsl.org.au/showitem.php?handle=1/13322,,,https://library.bsl.org.au/showitem.php?handle=1/13322,,
2dcb7b8e-71ad-4c9a-b018-994cda9ed0cb,Submission to the Select Committee on the Cost of Living,,report,2023-03-01,,,https://library.bsl.org.au/showitem.php?handle=1/13319,,,https://library.bsl.org.au/showitem.php?handle=1/13319,,
2dcb7b8e-71ad-4c9a-b018-994cda9ed0cb,Submission to the Inquiry into Workforce Australia Employment Services,,report,2023-03-01,,,https://library.bsl.org.au/showitem.php?handle=1/13320,,,https://library.bsl.org.au/showitem.php?handle=1/13320,,
2dcb7b8e-71ad-4c9a-b018-994cda9ed0cb,Submission from Victorian community organisations to 2023-28 Victorian Gas Distribution Access Arrangements,,report,2023-02-01,,,https://library.bsl.org.au/showitem.php?handle=1/13317,,,https://library.bsl.org.au/showitem.php?handle=1/13317,,
2dcb7b8e-71ad-4c9a-b018-994cda9ed0cb,Submission re 2023-2028 Victorian Gas Distributors’ Access Arrangement draft decision and revised proposals,,report,2023-02-01,,,https://library.bsl.org.au/bsljspui/bitstream/1/13318/1/BSL_subm_AER_re_2023-28_Vic_Gas_Distributors_Draft_Decision_and_revised_proposals_Feb2023.pdf,,,https://library.bsl.org.au/bsljspui/bitstream/1/13318/1/BSL_subm_AER_re_2023-28_Vic_Gas_Distributors_Draft_Decision_and_revised_proposals_Feb2023.pdf,,
2dcb7b8e-71ad-4c9a-b018-994cda9ed0cb,The extent and nature of poverty in Australia: submission to the Senate Community Affairs References Committee,,report,2023-02-01,,,https://library.bsl.org.au/showitem.php?handle=1/13311,,,https://library.bsl.org.au/showitem.php?handle=1/13311,,
2dcb7b8e-71ad-4c9a-b018-994cda9ed0cb,Measuring what matters: BSL response to Australian Treasury discussion paper,,report,2023-02-01,,,https://library.bsl.org.au/showitem.php?handle=1/13308,,,https://library.bsl.org.au/showitem.php?handle=1/13308,,
2dcb7b8e-71ad-4c9a-b018-994cda9ed0cb,Submission to National Energy Performance Strategy consultation paper,,report,2023-01-01,,,https://library.bsl.org.au/showitem.php?handle=1/13315,,,https://library.bsl.org.au/showitem.php?handle=1/13315,,
2dcb7b8e-71ad-4c9a-b018-994cda9ed0cb,Submission to Department of Employment and Workplace Relations re Australian Skills Guarantee,,report,2022-12-01,,,https://library.bsl.org.au/showitem.php?handle=1/13302,,,https://library.bsl.org.au/showitem.php?handle=1/13302,,
2dcb7b8e-71ad-4c9a-b018-994cda9ed0cb,Submission to the Treasury Employment White Paper consultation,,report,2022-12-01,,,https://library.bsl.org.au/showitem.php?handle=1/13303,,,https://library.bsl.org.au/showitem.php?handle=1/13303,,
2dcb7b8e-71ad-4c9a-b018-994cda9ed0cb,Submission to Senate Inquiry into School Refusal,,report,2022-12-01,,,https://library.bsl.org.au/showitem.php?handle=1/13309,,,https://library.bsl.org.au/showitem.php?handle=1/13309,,
2dcb7b8e-71ad-4c9a-b018-994cda9ed0cb,Submission to the Department of Employment and Workplace Relations re Australian apprenticeship services and supports,,report,2022-12-01,,,http://library.bsl.org.au/showitem.php?handle=1/13301,,,http://library.bsl.org.au/showitem.php?handle=1/13301,,
2dcb7b8e-71ad-4c9a-b018-994cda9ed0cb,Submission on ParentsNext to Select Committee on Workforce Australia Employment Services,,report,2022-11-01,,,http://library.bsl.org.au/showitem.php?handle=1/13177,,,http://library.bsl.org.au/showitem.php?handle=1/13177,,
2dcb7b8e-71ad-4c9a-b018-994cda9ed0cb,Circuit breakers and care finders: critical interim support for community-dwelling older people needing aged care services,,presentation,,,,http://library.bsl.org.au/showitem.php?handle=1/13300,,,http://library.bsl.org.au/showitem.php?handle=1/13300,,
2dcb7b8e-71ad-4c9a-b018-994cda9ed0cb,Victorian community organisations' submission to gas distributors’ initial proposals: 2023–2028 Access Arrangements,,report,2022-09-01,,,http://library.bsl.org.au/showitem.php?handle=1/13143,,,http://library.bsl.org.au/showitem.php?handle=1/13143,,
2dcb7b8e-71ad-4c9a-b018-994cda9ed0cb,Support online,,presentation,,,,http://library.bsl.org.au/showitem.php?handle=1/13138,,,http://library.bsl.org.au/showitem.php?handle=1/13138,,
2dcb7b8e-71ad-4c9a-b018-994cda9ed0cb,Improving employment outcomes for young people with disability: insights from the P2E program trial,How might a mainstream youth employment program be adapted to meet the needs of young people with disability?,report,,2022,,https://www.bsl.org.au/research/publications/improving-disability-employment-outcomes/,"Deborah Warr, Liam Fallon, Andrew Thies|Amber Mills",,https://library.bsl.org.au/showitem.php?handle=1/13316,,
2dcb7b8e-71ad-4c9a-b018-994cda9ed0cb,Submission to Senate Select Committee on Work and Care,,report,2022-09-01,,,http://library.bsl.org.au/showitem.php?handle=1/13137,,,http://library.bsl.org.au/showitem.php?handle=1/13137,,
2dcb7b8e-71ad-4c9a-b018-994cda9ed0cb,2023-2028 Victorian Gas Transmission System (VTS) Access Arrangement: submission from BSL to the AER’s Draft Determination and APA’s Revised Proposal,,report,2022-09-01,,,http://library.bsl.org.au/showitem.php?handle=1/13133,,,http://library.bsl.org.au/showitem.php?handle=1/13133,,
2dcb7b8e-71ad-4c9a-b018-994cda9ed0cb,"Savings buffers, housing stress and building resilience in tough times",,presentation,,,,http://library.bsl.org.au/showitem.php?handle=1/13135,,,http://library.bsl.org.au/showitem.php?handle=1/13135,,
2dcb7b8e-71ad-4c9a-b018-994cda9ed0cb,"Safety nets, resilience and hope: insights from a small qualitative longitudinal study",,presentation,,,,http://library.bsl.org.au/showitem.php?handle=1/13132,,,http://library.bsl.org.au/showitem.php?handle=1/13132,,
2dcb7b8e-71ad-4c9a-b018-994cda9ed0cb,‘I don’t know how to answer that!’: exploring community perspectives on engagement activities,,presentation,,,,http://library.bsl.org.au/showitem.php?handle=1/13134,,,http://library.bsl.org.au/showitem.php?handle=1/13134,,
2dcb7b8e-71ad-4c9a-b018-994cda9ed0cb,Future-proofing the training system for enabling climate adaptation and mitigation,,presentation,,,,http://library.bsl.org.au/showitem.php?handle=1/13124,,,http://library.bsl.org.au/showitem.php?handle=1/13124,,
2dcb7b8e-71ad-4c9a-b018-994cda9ed0cb,Home learning with HIPPY: results and learning from the HIPPY Longitudinal Study and the HIPPY Tutors Study,,presentation,,,,http://library.bsl.org.au/showitem.php?handle=1/12986,,,http://library.bsl.org.au/showitem.php?handle=1/12986,,
2dcb7b8e-71ad-4c9a-b018-994cda9ed0cb,Submission regarding Victoria's 2035 emissions reduction target,,report,2022-06-01,,,http://library.bsl.org.au/showitem.php?handle=1/13049,,,http://library.bsl.org.au/showitem.php?handle=1/13049,,
2dcb7b8e-71ad-4c9a-b018-994cda9ed0cb,Power pain: an investigation of energy stress in Australia,Understanding which households experience energy stress is important for policy development in the context of rising energy prices and the move to decarbonise the economy.,report,,2022,,https://www.bsl.org.au/research/publications/power-pain/,"David Bryant, Emily Porter, Ismo Rama|Damian Sullivan",,http://library.bsl.org.au/showitem.php?handle=1/13115,,
2dcb7b8e-71ad-4c9a-b018-994cda9ed0cb,The Tier 2 tipping point: access to support for working-age Australians without individual NDIS funding,How are Australians with disability who do not have individual funding from the National Disability Insurance Scheme (NDIS) finding and using the support and services they need to participate in society and the economy?,report,,2022,,https://www.bsl.org.au/research/publications/tier-2-tipping-point/,"Sue Olney, Amber Mills|Liam Fallon",,http://library.bsl.org.au/showitem.php?handle=1/13113,,
2dcb7b8e-71ad-4c9a-b018-994cda9ed0cb,Strengthening the role of vocational training for young people,,presentation,,,,http://library.bsl.org.au/showitem.php?handle=1/12952,,,http://library.bsl.org.au/showitem.php?handle=1/12952,,
2dcb7b8e-71ad-4c9a-b018-994cda9ed0cb,Submission to the Disability Royal Commission on Australian Disability Enterprises (ADEs),,report,2022-04-01,,,http://library.bsl.org.au/showitem.php?handle=1/12923,,,http://library.bsl.org.au/showitem.php?handle=1/12923,,
2dcb7b8e-71ad-4c9a-b018-994cda9ed0cb,Submission to the Australian Energy Regulator consumer vulnerability paper,,report,2022-03-01,,,http://library.bsl.org.au/showitem.php?handle=1/12908,,,http://library.bsl.org.au/showitem.php?handle=1/12908,,
2dcb7b8e-71ad-4c9a-b018-994cda9ed0cb,Submission re Current Scheme Implementation and Forecasting for the NDIS,,report,2022-02-01,,,http://library.bsl.org.au/showitem.php?handle=1/12907,,,http://library.bsl.org.au/showitem.php?handle=1/12907,,
2dcb7b8e-71ad-4c9a-b018-994cda9ed0cb,Joint submission to the Australian Energy Regulator (AER) re 2023–27 APA Victorian Gas Transmission System Access Arrangement,,report,2022-02-01,,,http://library.bsl.org.au/showitem.php?handle=1/12886,,,http://library.bsl.org.au/showitem.php?handle=1/12886,,
2dcb7b8e-71ad-4c9a-b018-994cda9ed0cb,Unlocking the potential of Australian apprenticeships,"Despite being the most common form of employment-based training, Australian apprenticeships are not living up to their promise.",report,,2022,,https://www.bsl.org.au/research/publications/unlocking-the-potential-of-australian-apprenticeships/,David Longley|Kira Clarke,,http://library.bsl.org.au/showitem.php?handle=1/12920,,
2dcb7b8e-71ad-4c9a-b018-994cda9ed0cb,Transversal capabilities workshop discussion paper,A key to addressing youth unemployment and workforce shortages is enabling young people to develop several kinds of skills.,report,,2022,,https://www.bsl.org.au/research/publications/transversal-capabilities-workshop-discussion-paper/,Kira Clarke|Madeleine Morey,,https://library.bsl.org.au/showitem.php?handle=1/13354,,
2dcb7b8e-71ad-4c9a-b018-994cda9ed0cb,From place to population impact: National Development Employment Body developmental evaluation final report,This report examines the contexts and mechanisms which enable the implementation of a national youth employment ecosystem that connects young people to decent work while also meeting the workforce needs of employers and industry in local communities.,report,,2022,,https://www.bsl.org.au/research/publications/from-place-to-population-impact-nyeb-devtal-eval-final-report/,"Joseph Borlagdan, Ally Phillipou, Felicity Miles|Jonathan Bak",,https://library.bsl.org.au/showitem.php?handle=1/13359,,
2dcb7b8e-71ad-4c9a-b018-994cda9ed0cb,Applied systemic change: an implementation guide for building capability in human service systems,"The BSL's applied systemic change guide draws on extensive experience from research, policy and practice to provide the essential ideas, practices and tools to create deep and lasting change in human services.",report,,2022,,https://www.bsl.org.au/research/publications/applied-systemic-change/,"Shelley Mallett, Sally James, Joseph Borlagdan, Danielle Thornton|Diane Brown",,https://library.bsl.org.au/showitem.php?handle=1/13314,,
2dcb7b8e-71ad-4c9a-b018-994cda9ed0cb,Return to the family safety net? Economic security as Life Chances participants turn 30,Stage 12 of the longitudinal Life Chances study observes a noticeable trend of needing to rely on family resources.,report,,2022,,https://www.bsl.org.au/research/publications/return-to-the-family-safety-net/,Ursula Harrison|Dina Bowman,,http://library.bsl.org.au/showitem.php?handle=1/12888,,
2dcb7b8e-71ad-4c9a-b018-994cda9ed0cb,Joint submission to the Australian Energy Regulator (AER) ‘Regulating gas pipelines under uncertainty’ information paper,,report,2022-02-01,,,http://library.bsl.org.au/showitem.php?handle=1/12885,,,http://library.bsl.org.au/showitem.php?handle=1/12885,,
2dcb7b8e-71ad-4c9a-b018-994cda9ed0cb,Submission to Inquiry into Renewable Energy in Victoria,,report,2022-02-01,,,http://library.bsl.org.au/showitem.php?handle=1/12887,,,http://library.bsl.org.au/showitem.php?handle=1/12887,,
2dcb7b8e-71ad-4c9a-b018-994cda9ed0cb,Submission re the New Disability Employment Service Model,,report,2022-02-01,,,http://library.bsl.org.au/showitem.php?handle=1/12867,,,http://library.bsl.org.au/showitem.php?handle=1/12867,,
2dcb7b8e-71ad-4c9a-b018-994cda9ed0cb,Submission re Minimum energy efficiency standards for rental homes in the ACT,,report,2021-12-01,,,http://library.bsl.org.au/showitem.php?handle=1/12868,,,http://library.bsl.org.au/showitem.php?handle=1/12868,,
2dcb7b8e-71ad-4c9a-b018-994cda9ed0cb,Submission to Senate Inquiry into NDIS Amendment (Participant Service Guarantee and Other Measures) Bill 2021,,report,2021-11-01,,,http://library.bsl.org.au/showitem.php?handle=1/12817,,,http://library.bsl.org.au/showitem.php?handle=1/12817,,
2dcb7b8e-71ad-4c9a-b018-994cda9ed0cb,10 strategies for improving employment outcomes for people with disability,What needs to be done to reform policies and practices that aim to increase the participation of people with disability in employment?,report,,2021,,https://www.bsl.org.au/research/publications/10-strategies-disability-employment/,"Andrew Thies, Deborah Warr, Shelley Mallett|Diane Brown",,http://library.bsl.org.au/showitem.php?handle=1/12848,,
2dcb7b8e-71ad-4c9a-b018-994cda9ed0cb,Environmental scan part 1: Current research and evaluation to promote economic participation of people with disability,"This report scans recent Australian research into disability employment interventions; and current models, practices and innovations in Australia and internationally.",report,,2021,,https://www.bsl.org.au/research/publications/scan-research-disability-employment-interventions/,Shelley Mallett|Diane Brown,,http://library.bsl.org.au/showitem.php?handle=1/12870,,
2dcb7b8e-71ad-4c9a-b018-994cda9ed0cb,Environmental scan part 2: Views of experts on effective employment interventions for people with disability,The report presents findings from focus groups and interviews with academics and senior government and non-government experts in disability employment policy and programs.,report,,2021,,https://www.bsl.org.au/research/publications/scan-expert-views-on-effective-disabilty-employment-interventions/,"Shelley Mallett, Diane Brown|James Finnis",,http://library.bsl.org.au/showitem.php?handle=1/12871,,
2dcb7b8e-71ad-4c9a-b018-994cda9ed0cb,Losing traction: lessons in financial wellbeing from the COVID crisis,"Our analysis of financial wellbeing over three time periods finds that Australians on low incomes are more exposed to risks, making them vulnerable to a crisis such as the COVID-19 pandemic.",report,,2021,,https://www.bsl.org.au/research/publications/losing-traction/,Emily Porter|Dina Bowman,,http://library.bsl.org.au/showitem.php?handle=1/12838,,
2dcb7b8e-71ad-4c9a-b018-994cda9ed0cb,National Youth Employment Body Entry to Care Roles Skills Trial: evaluation findings and implications for systemic change,This study examined how the National Skills Trial model worked for young people and employers in the care sector.,report,,2022,,https://www.bsl.org.au/research/publications/entry-to-care-roles-skills-trial-evaluation/,"George Myconos, Kira Clarke|Christina Ng",,https://library.bsl.org.au/showitem.php?handle=1/13334,,
2dcb7b8e-71ad-4c9a-b018-994cda9ed0cb,Response to the Review of Victoria's Disability Act,,report,2021-10-01,,,http://library.bsl.org.au/showitem.php?handle=1/12853,,,http://library.bsl.org.au/showitem.php?handle=1/12853,,
2dcb7b8e-71ad-4c9a-b018-994cda9ed0cb,Response to the exposure draft of the NDIS Amendment (Participant Service Guarantee and Other Measures) Bill 2021,,report,2021-10-01,,,http://library.bsl.org.au/showitem.php?handle=1/12816,,,http://library.bsl.org.au/showitem.php?handle=1/12816,,
2dcb7b8e-71ad-4c9a-b018-994cda9ed0cb,Submission re Offshore electricity infrastructure bills,,report,2021-09-01,,,http://library.bsl.org.au/showitem.php?handle=1/12751,,,http://library.bsl.org.au/showitem.php?handle=1/12751,,
2dcb7b8e-71ad-4c9a-b018-994cda9ed0cb,Submission to the Inquiry into Economic Equity for Victorian Women,,report,2021-08-01,,,http://library.bsl.org.au/showitem.php?handle=1/12773,,,http://library.bsl.org.au/showitem.php?handle=1/12773,,
2dcb7b8e-71ad-4c9a-b018-994cda9ed0cb,Submission to the Senate inquiry into the the Social Services Legislation Amendment (Consistent Waiting Periods for New Migrants) Bill 2021,,report,2021-08-01,,,http://library.bsl.org.au/showitem.php?handle=1/12693,,,http://library.bsl.org.au/showitem.php?handle=1/12693,,
2dcb7b8e-71ad-4c9a-b018-994cda9ed0cb,A brief reprieve? Financial wellbeing after the 2020 COVID-19 lockdowns,"In the third paper in the Financial Lives in Uncertain Times series, we explore trends in financial wellbeing during the fleeting period of recovery between the lockdowns of 2020 and 2021.",report,,2021,,https://www.bsl.org.au/research/publications/a-brief-reprieve-financial-wellbeing/,Emily Porter|Dina Bowman,,http://library.bsl.org.au/showitem.php?handle=1/12799,,
2dcb7b8e-71ad-4c9a-b018-994cda9ed0cb,System design workshop discussion paper – agriculture and horticulture,Prepared for the National Youth Employment Body (NYEB),report,,2021,,https://www.bsl.org.au/research/publications/system-design-agriculture-and-horticulture/,"Kira Clarke, Elle McLachlan|Lisa Audsley",,http://library.bsl.org.au/showitem.php?handle=1/13305,,
2dcb7b8e-71ad-4c9a-b018-994cda9ed0cb,System design workshop discussion paper – transport and logistics,Prepared for the National Youth Employment  Body,report,,2021,,https://www.bsl.org.au/research/publications/system-design-transport-and-logistics/,"Kira Clarke, Elle McLachlan|Lisa Audsley",,http://library.bsl.org.au/showitem.php?handle=1/13307,,
2dcb7b8e-71ad-4c9a-b018-994cda9ed0cb,System design workshop discussion paper – care sector,Prepared for the National Youth Employment Body,report,,2021,,https://www.bsl.org.au/research/publications/system-design-care-sector/,"Kira Clarke, Elle McLachlan|Lisa Audsley",,http://library.bsl.org.au/showitem.php?handle=1/13306,,
2dcb7b8e-71ad-4c9a-b018-994cda9ed0cb,Dead ends: how our social security system is failing people with partial capacity to work,Almost one-third of JobSeeker Payment recipients are people assessed with 'partial capacity to work'.,report,,2021,,https://www.bsl.org.au/research/publications/dead-ends-social-security/,"Karen Soldatic, Dina Bowman, Maria Mupanemunda & Patrick McGee",,http://library.bsl.org.au/showitem.php?handle=1/12735,,
2dcb7b8e-71ad-4c9a-b018-994cda9ed0cb,"Submission to the Senate inquiry into the purpose, intent and adequacy of the Disability Support Pension",,report,2021-08-01,,,http://library.bsl.org.au/showitem.php?handle=1/12712,,,http://library.bsl.org.au/showitem.php?handle=1/12712,,
2dcb7b8e-71ad-4c9a-b018-994cda9ed0cb,Submission regarding Victorian Government's Gas Substitution Roadmap,,report,2021-08-01,,,http://library.bsl.org.au/showitem.php?handle=1/12692,,,http://library.bsl.org.au/showitem.php?handle=1/12692,,
2dcb7b8e-71ad-4c9a-b018-994cda9ed0cb,Submission re the successor plan to the National Framework for Protecting Australia's Children,,report,2021-08-01,,,http://library.bsl.org.au/showitem.php?handle=1/12691,,,http://library.bsl.org.au/showitem.php?handle=1/12691,,
2dcb7b8e-71ad-4c9a-b018-994cda9ed0cb,Response to the National Skills Commission Care Workforce Labour Market Study discussion paper,,report,2021-06-01,,,http://library.bsl.org.au/showitem.php?handle=1/12605,,,http://library.bsl.org.au/showitem.php?handle=1/12605,,
2dcb7b8e-71ad-4c9a-b018-994cda9ed0cb,Interventions for children on the autism spectrum: response to NDIA Consultation,,report,2021-06-01,,,http://library.bsl.org.au/showitem.php?handle=1/12569,,,http://library.bsl.org.au/showitem.php?handle=1/12569,,
2dcb7b8e-71ad-4c9a-b018-994cda9ed0cb,National Disability Employment Strategy: submission to the Department of Social Services,,report,2021-05-01,,,http://library.bsl.org.au/showitem.php?handle=1/12547,,,http://library.bsl.org.au/showitem.php?handle=1/12547,,
2dcb7b8e-71ad-4c9a-b018-994cda9ed0cb,Submission to Parliamentary Joint Committee on Human Rights re ParentsNext: examination of Social Security (Parenting Payment participation requirements – class of persons) instrument 2021,,report,2021-05-01,,,http://library.bsl.org.au/showitem.php?handle=1/12525,,,http://library.bsl.org.au/showitem.php?handle=1/12525,,
2dcb7b8e-71ad-4c9a-b018-994cda9ed0cb,Response to Victorian Disability Plan 2021–2024 Consultation,,report,2021-04-01,,,http://library.bsl.org.au/showitem.php?handle=1/12541,,,http://library.bsl.org.au/showitem.php?handle=1/12541,,
2dcb7b8e-71ad-4c9a-b018-994cda9ed0cb,Making a difference to children and families in financial stress and poverty,"How prevalent is poverty and financial stress among Australian children and families, and what has been the impact of COVID-19? What difference could social security spending make?",report,,2021,,https://www.bsl.org.au/research/publications/making-a-difference-financial-stress-and-poverty/,Social Ventures Australia|Brotherhood of St. Laurence,,http://library.bsl.org.au/showitem.php?handle=1/12500,,
2dcb7b8e-71ad-4c9a-b018-994cda9ed0cb,Shocks and safety nets: financial wellbeing during the COVID-19 crisis,"In the second paper in the Financial Lives in Uncertain Times series, we explore the impacts of the COVID-19 crisis and resulting policy responses on financial wellbeing.",report,,2021,,https://www.bsl.org.au/research/publications/shocks-and-safety-nets/,Emily Porter|Dina Bowman,,http://library.bsl.org.au/showitem.php?handle=1/12554,,
2dcb7b8e-71ad-4c9a-b018-994cda9ed0cb,Independent assessments in NDIS: response to Joint Standing Committee,,report,2021-03-01,,,http://library.bsl.org.au/showitem.php?handle=1/12524,,,http://library.bsl.org.au/showitem.php?handle=1/12524,,
2dcb7b8e-71ad-4c9a-b018-994cda9ed0cb,BSL response to DSS consultation paper 'Supporting Improvements to the Families & Children Activity',,report,2021-03-01,,,http://library.bsl.org.au/showitem.php?handle=1/12461,,,http://library.bsl.org.au/showitem.php?handle=1/12461,,
2dcb7b8e-71ad-4c9a-b018-994cda9ed0cb,Submission regarding the Social Services Legislation Amendment (Strengthening Income Support) Bill 2021,,report,2021-03-01,,,http://library.bsl.org.au/showitem.php?handle=1/12442,,,http://library.bsl.org.au/showitem.php?handle=1/12442,,
2dcb7b8e-71ad-4c9a-b018-994cda9ed0cb,Towards a brighter future for low-income women (COVID-19 Insights),,report,,2021,,http://library.bsl.org.au/showitem.php?handle=1/12423,Dina Bowman|Maria Mupanemunda|Seuwandi Wickramasinghe,,http://library.bsl.org.au/showitem.php?handle=1/12423,,
2dcb7b8e-71ad-4c9a-b018-994cda9ed0cb,Response to NDIS consultation paper Supporting young children and their families early to reach their full potential,,report,2021-02-01,,,http://library.bsl.org.au/showitem.php?handle=1/12515,,,http://library.bsl.org.au/showitem.php?handle=1/12515,,
2dcb7b8e-71ad-4c9a-b018-994cda9ed0cb,"Response to NDIS consultation papers on independent assessments, access and eligibility policy, and planning policy",,report,2021-02-01,,,http://library.bsl.org.au/showitem.php?handle=1/12520,,,http://library.bsl.org.au/showitem.php?handle=1/12520,,
2dcb7b8e-71ad-4c9a-b018-994cda9ed0cb,Changing children’s trajectories: results of the HIPPY Longitudinal Study,The most comprehensive study to date has investigated the impact of the Home Interaction Program for Parents and Youngsters (HIPPY) on the Australian children and parents who take part.,report,,2020,,https://www.bsl.org.au/research/publications/changing-childrens-trajectories/,Julie Connolly|Shelley Mallett,,http://library.bsl.org.au/showitem.php?handle=1/12290,,
2dcb7b8e-71ad-4c9a-b018-994cda9ed0cb,Stepping up for business: insights from a pilot program for migrant and refugee women,"A micro-enterprise program for women from refugee, migrant and asylum-seeking backgrounds shows why it is important to tailor financial literacy and business training to participants’ contexts and to support multiple pathways to economic security.",report,,2020,,https://www.bsl.org.au/research/publications/stepping-up-for-business/,Seuwandi Wickramasinghe|Maria Mupanemunda,,http://library.bsl.org.au/showitem.php?handle=1/12362,,
2dcb7b8e-71ad-4c9a-b018-994cda9ed0cb,Transforming employment aspirations: results of the HIPPY Tutors Study,"By enlisting and supporting parents as tutors, the Home Interaction Program for Parents and Youngsters (HIPPY) creates a transitional labour market that helps these parents develop their goals and improve their job opportunities.",report,,2020,,https://www.bsl.org.au/research/publications/transforming-employment-aspirations/,Julie Connolly|Roxanne Chaitowitz,,http://library.bsl.org.au/showitem.php?handle=1/12401,,
2dcb7b8e-71ad-4c9a-b018-994cda9ed0cb,Summary of the impact of HIPPY on children,,report,,2020,,https://www.bsl.org.au/research/publications/summary-of-the-impact-of-hippy-on-children/,Brotherhood of St. Laurence,,https://assets.bsl.org.au/assets/BSL-HIPPY-Longitudinal-Tutor-Research-2-page-Summary.pdf,,
2dcb7b8e-71ad-4c9a-b018-994cda9ed0cb,Setbacks at 30: Life Chances and COVID-19 ­(COVID-19 Insights),,report,,2020,,http://library.bsl.org.au/showitem.php?handle=1/12354,Ursula Harrison|Matthew Curry|Dina Bowman,,http://library.bsl.org.au/showitem.php?handle=1/12354,,
2dcb7b8e-71ad-4c9a-b018-994cda9ed0cb,Young people and vocational education and training (COVID-19 Insights),,report,,2020,,http://library.bsl.org.au/showitem.php?handle=1/12355,Kira Clarke|Joseph Borlagdan|Shelley Mallett,,http://library.bsl.org.au/showitem.php?handle=1/12355,,
2dcb7b8e-71ad-4c9a-b018-994cda9ed0cb,Submission to Inquiry into Climate Change (National Framework for Adaptation and Mitigation) Bills 2020,,report,2020-12-01,,,http://library.bsl.org.au/showitem.php?handle=1/12439,,,http://library.bsl.org.au/showitem.php?handle=1/12439,,
2dcb7b8e-71ad-4c9a-b018-994cda9ed0cb,Joint submission regarding the National Disability Strategy beyond 2020,,report,2020-10-01,,,http://library.bsl.org.au/showitem.php?handle=1/12283,,,http://library.bsl.org.au/showitem.php?handle=1/12283,,
2dcb7b8e-71ad-4c9a-b018-994cda9ed0cb,Submission to Inquiry into access to TAFE for learners with disability,,report,2020-10-01,,,http://library.bsl.org.au/showitem.php?handle=1/12284,,,http://library.bsl.org.au/showitem.php?handle=1/12284,,
2dcb7b8e-71ad-4c9a-b018-994cda9ed0cb,Joint submission to Senate inquiry into Social Security (Administration) Amendment (Continuation of Cashless Welfare) Bill 2020,,report,2020-10-01,,,http://library.bsl.org.au/showitem.php?handle=1/12286,,,http://library.bsl.org.au/showitem.php?handle=1/12286,,
2dcb7b8e-71ad-4c9a-b018-994cda9ed0cb,Everyone counts: uncovering patterns of Newstart Allowance,"What insights about income support can be gained from daily, event-based data about recipients of Newstart Allowance from 2001 to 2016?",report,,2020,,https://www.bsl.org.au/research/publications/everyone-counts/,"Dina Bowman, Marcus Banks, Peter Whiteford, Ashton de Silva, Nandini Anantharama, Zsuzsanna Csereklyei|Shelley Mallett",,http://library.bsl.org.au/showitem.php?handle=1/12353,,
2dcb7b8e-71ad-4c9a-b018-994cda9ed0cb,All in it together? Financial wellbeing before COVID-19,"Our analysis of Roy Morgan Single Source Survey data showed that financial wellbeing in Australia improved in the two years before the COVID-19 crisis, but not all groups experienced the same improvements.",report,,2020,,https://www.bsl.org.au/research/publications/all-in-it-together/,"Emily Porter, Dina Bowman|Matthew Curry",,http://library.bsl.org.au/showitem.php?handle=1/12357,,
2dcb7b8e-71ad-4c9a-b018-994cda9ed0cb,Safety net to poverty trap? The twentieth-century origins of Australia’s uneven social security system,Tracing the history of Australia’s social security system helps us to consider what reforms are needed for the present day.,report,,2020,,https://www.bsl.org.au/research/publications/safety-net-to-poverty-trap/,"Danielle Thornton, Dina Bowman|Shelley Mallett",,http://library.bsl.org.au/showitem.php?handle=1/12232,,
2dcb7b8e-71ad-4c9a-b018-994cda9ed0cb,COVID the great disruptor: another blow to youth employment,"In Australia the COVID recession has compounded a decade of high youth unemployment that followed the global financial crisis, according to research for the Youth Unemployment Monitor December 2020.",report,,2020,,https://www.bsl.org.au/research/publications/covid-19-the-great-disruptor-2020/,Brotherhood of St. Laurence,,http://library.bsl.org.au/showitem.php?handle=1/12338,,
2dcb7b8e-71ad-4c9a-b018-994cda9ed0cb,Joint submission re 2020–21 Budget,,report,2020-08-01,,,http://library.bsl.org.au/showitem.php?handle=1/12193,,,http://library.bsl.org.au/showitem.php?handle=1/12193,,
2dcb7b8e-71ad-4c9a-b018-994cda9ed0cb,Submission to Productivity Commission Review of National Agreement on Skills and Workforce Development: response to the interim report,,report,2020-08-01,,,http://library.bsl.org.au/showitem.php?handle=1/12141,,,http://library.bsl.org.au/showitem.php?handle=1/12141,,
2dcb7b8e-71ad-4c9a-b018-994cda9ed0cb,"Children on the edge of care, out of home and alone (COVID-19 Insights)",,report,,2020,,http://library.bsl.org.au/showitem.php?handle=1/12121,Danielle Thornton|David Politanski|Joseph Borlagdan & Shelley Mallett,,http://library.bsl.org.au/showitem.php?handle=1/12121,,
2dcb7b8e-71ad-4c9a-b018-994cda9ed0cb,Economic dignity and security in uncertain times,,presentation,,,,http://library.bsl.org.au/showitem.php?handle=1/12077,,,http://library.bsl.org.au/showitem.php?handle=1/12077,,
2dcb7b8e-71ad-4c9a-b018-994cda9ed0cb,Economic dignity: presentation to Thriving Communities Partnership,,presentation,,,,http://library.bsl.org.au/showitem.php?handle=1/12076,,,http://library.bsl.org.au/showitem.php?handle=1/12076,,
2dcb7b8e-71ad-4c9a-b018-994cda9ed0cb,Submission to the Victorian Government re Skills for Victoria’s Growing Economy (Macklin Review),,report,2020-06-01,,,http://library.bsl.org.au/showitem.php?handle=1/12046,,,http://library.bsl.org.au/showitem.php?handle=1/12046,,
2dcb7b8e-71ad-4c9a-b018-994cda9ed0cb,Submission to the Climate Change Authority review of the Emissions Reduction Fund,,report,2020-06-01,,,http://library.bsl.org.au/showitem.php?handle=1/12045,,,http://library.bsl.org.au/showitem.php?handle=1/12045,,
2dcb7b8e-71ad-4c9a-b018-994cda9ed0cb,Older people and aged care (COVID-19 Insights),,report,,2020,,http://library.bsl.org.au/showitem.php?handle=1/12028,Amber Mills|James Finnis,,http://library.bsl.org.au/showitem.php?handle=1/12028,,
2dcb7b8e-71ad-4c9a-b018-994cda9ed0cb,Hidden in plain sight: the impact of the COVID-19 response on mature-age low-income people in Australia,"The crisis may be easing, but for mature-age, low-income Australians the consequences are likely to persist. New research shines a light on this group who have so far been overlooked.",report,,2020,,https://www.bsl.org.au/research/publications/hidden-in-plain-sight-the-impact-of-the-covid-19-response-on-mature-age-low-income-people-in-australia/,"Amber Mills, Suyin Ng, James Finnis, Kate Grutzner|Bhairavi Raman",,http://library.bsl.org.au/showitem.php?handle=1/12062,,
2dcb7b8e-71ad-4c9a-b018-994cda9ed0cb,Trampolines not traps: enabling economic security for single mothers and their children,"What needs to change, for single mothers to be able to build a secure future for their families?",report,,2020,,https://www.bsl.org.au/research/publications/trampolines-not-traps/,Dina Bowman|Seuwandi Wickramasinghe,,http://library.bsl.org.au/showitem.php?handle=1/12203,,
2dcb7b8e-71ad-4c9a-b018-994cda9ed0cb,Joint submission to the Royal Commission on Aged Care Quality and Safety,,report,2020-05-01,,,http://library.bsl.org.au/showitem.php?handle=1/12031,,,http://library.bsl.org.au/showitem.php?handle=1/12031,,
2dcb7b8e-71ad-4c9a-b018-994cda9ed0cb,People with disability (COVID-19 Insights),,report,,2020,,http://library.bsl.org.au/showitem.php?handle=1/11970,Diane Brown,,http://library.bsl.org.au/showitem.php?handle=1/11970,,
2dcb7b8e-71ad-4c9a-b018-994cda9ed0cb,COVID-19: opportunities for a better future,,report,2020-05-01,,,http://library.bsl.org.au/showitem.php?handle=1/11973,,,http://library.bsl.org.au/showitem.php?handle=1/11973,,
2dcb7b8e-71ad-4c9a-b018-994cda9ed0cb,Submission to DET Review into Vocational and Applied Learning Pathways in Secondary Schooling,,report,2020-05-01,,,http://library.bsl.org.au/showitem.php?handle=1/12033,,,http://library.bsl.org.au/showitem.php?handle=1/12033,,
2dcb7b8e-71ad-4c9a-b018-994cda9ed0cb,Councils as employers of choice: how hiring and procurement decisions can create employment for people with disability,How can local governments create employment opportunities for people with disability?,report,,2020,,https://www.bsl.org.au/research/publications/councils-as-employers-of-choice-how-hiring-and-procurement-decisions-can-create-employment-for-people-with-disability/,Maria Mupanemunda,,http://library.bsl.org.au/showitem.php?handle=1/11884,,
2dcb7b8e-71ad-4c9a-b018-994cda9ed0cb,Economic dignity and financial capabilities: connecting principles and concepts,"The concept of economic dignity extends how we understand financial capability. It is not just about people having knowledge and skills, but also about how social and economic structures and systems shape their choices.",report,,2020,,https://www.bsl.org.au/research/publications/economic-dignity-and-financial-capabilities-connecting-principles-and-concepts/,Jeremiah Thomas Brown,,http://library.bsl.org.au/showitem.php?handle=1/11928,,
2dcb7b8e-71ad-4c9a-b018-994cda9ed0cb,Purchasing with purpose: tools to develop an organisational strategy for social procurement,This resource provides two tools to help organisations plan their purchasing and procurement to achieve social benefits.,report,,2020,,https://www.bsl.org.au/research/publications/purchasing-with-purpose-tools-to-develop-an-organisational-strategy-for-social-procurement/,Maria Mupanemunda,,http://library.bsl.org.au/showitem.php?handle=1/11885,,
2dcb7b8e-71ad-4c9a-b018-994cda9ed0cb,Who gets what where: review of government-funded youth employment programs across Australia,This paper identifies the range of current government-funded employment programs for which young people may be eligible.,report,,2020,,https://www.bsl.org.au/research/publications/who-gets-what-where-review-of-government-funded-youth-employment-programs-across-australia/,Miranda Cross,,http://library.bsl.org.au/showitem.php?handle=1/11882,,
2dcb7b8e-71ad-4c9a-b018-994cda9ed0cb,Economic security and dignity: a financial wellbeing framework,Our new framework explores what is needed for all Australians to enjoy financial wellbeing.,report,,2020,,https://www.bsl.org.au/research/publications/economic-security-and-dignity-a-financial-wellbeing-framework/,Jeremiah Thomas Brown & Dina Bowman,,http://library.bsl.org.au/showitem.php?handle=1/11926,,
2dcb7b8e-71ad-4c9a-b018-994cda9ed0cb,Finding that spark: what works to achieve effective employment services for young people?,What works to achieve effective employment services for young people? This report presents lessons from the evaluation of the Transition to Work Community of Practice,report,,2020,,https://www.bsl.org.au/research/publications/finding-that-spark-what-works-to-achieve-effective-employment-services-for-young-people/,Sharon Bond|Deborah Keys,,http://library.bsl.org.au/showitem.php?handle=1/11977,,
2dcb7b8e-71ad-4c9a-b018-994cda9ed0cb,Submission to the Inquiry into Homelessness in Victoria,,report,2020-03-01,,,http://library.bsl.org.au/showitem.php?handle=1/11923,,,http://library.bsl.org.au/showitem.php?handle=1/11923,,
2dcb7b8e-71ad-4c9a-b018-994cda9ed0cb,Submission to the Royal Commission into Aged Care Quality and Safety,,report,2020-03-01,,,http://library.bsl.org.au/showitem.php?handle=1/11869,,,http://library.bsl.org.au/showitem.php?handle=1/11869,,
2dcb7b8e-71ad-4c9a-b018-994cda9ed0cb,Submission regarding consumer protections in an evolving market: traditional sale of energy,,report,2020-02-01,,,http://library.bsl.org.au/showitem.php?handle=1/11844,,,http://library.bsl.org.au/showitem.php?handle=1/11844,,
2dcb7b8e-71ad-4c9a-b018-994cda9ed0cb,Submission regarding the AER’s Draft Customer Service Incentive Scheme,,report,2020-02-01,,,http://library.bsl.org.au/showitem.php?handle=1/11851,,,http://library.bsl.org.au/showitem.php?handle=1/11851,,
2dcb7b8e-71ad-4c9a-b018-994cda9ed0cb,Submission to the Retirement Income Review,,report,2020-02-01,,,http://library.bsl.org.au/showitem.php?handle=1/11805,,,http://library.bsl.org.au/showitem.php?handle=1/11805,,
2dcb7b8e-71ad-4c9a-b018-994cda9ed0cb,Submission regarding target-setting for Victorian Energy Upgrades,,report,2020-01-01,,,http://library.bsl.org.au/showitem.php?handle=1/11843,,,http://library.bsl.org.au/showitem.php?handle=1/11843,,
2dcb7b8e-71ad-4c9a-b018-994cda9ed0cb,Submission regarding options for addressing risks from open-flued gas space heaters in Victoria,,report,2020-01-01,,,http://library.bsl.org.au/showitem.php?handle=1/11804,,,http://library.bsl.org.au/showitem.php?handle=1/11804,,
2dcb7b8e-71ad-4c9a-b018-994cda9ed0cb,Submission to the Education Council Review of Senior Secondary Pathways,,report,2019-12-01,,,http://library.bsl.org.au/showitem.php?handle=1/11782,,,http://library.bsl.org.au/showitem.php?handle=1/11782,,
2dcb7b8e-71ad-4c9a-b018-994cda9ed0cb,Submission regarding energy efficiency provisions of Residential Tenancies Regulations 2020,,report,2019-12-01,,,http://library.bsl.org.au/showitem.php?handle=1/11775,,,http://library.bsl.org.au/showitem.php?handle=1/11775,,
2dcb7b8e-71ad-4c9a-b018-994cda9ed0cb,Prosperity's children: youth unemployment in Australia,"Some 46,000 young Australians were long-term unemployed, and 265,000 in the unemployment queue in October 2019, research for the Youth Unemployment Monitor December 2019 showed.",report,,2019,,https://www.bsl.org.au/research/publications/prosperitys-children/,Brotherhood of St. Laurence,,http://library.bsl.org.au/showitem.php?handle=1/11694,,
2dcb7b8e-71ad-4c9a-b018-994cda9ed0cb,Submission to the Inquiry into Early Childhood Engagement of CALD Communities,,report,2019-12-01,,,http://library.bsl.org.au/showitem.php?handle=1/11753,,,http://library.bsl.org.au/showitem.php?handle=1/11753,,
2dcb7b8e-71ad-4c9a-b018-994cda9ed0cb,Submission re Co-designing the National Skills Commission,,report,2019-11-01,,,http://library.bsl.org.au/showitem.php?handle=1/11783,,,http://library.bsl.org.au/showitem.php?handle=1/11783,,
2dcb7b8e-71ad-4c9a-b018-994cda9ed0cb,VET: the international context,,report,,2019,,http://library.bsl.org.au/showitem.php?handle=1/11490,George Myconos,,http://library.bsl.org.au/showitem.php?handle=1/11490,,
2dcb7b8e-71ad-4c9a-b018-994cda9ed0cb,Apprenticeships and traineeships,,report,,2019,,http://library.bsl.org.au/showitem.php?handle=1/11489,George Myconos,,http://library.bsl.org.au/showitem.php?handle=1/11489,,
2dcb7b8e-71ad-4c9a-b018-994cda9ed0cb,VET in Victoria,,report,,2019,,http://library.bsl.org.au/showitem.php?handle=1/11488,George Myconos,,http://library.bsl.org.au/showitem.php?handle=1/11488,,
2dcb7b8e-71ad-4c9a-b018-994cda9ed0cb,Emerging skills and competencies and VET's response,,report,,2019,,http://library.bsl.org.au/showitem.php?handle=1/11487,George Myconos,,http://library.bsl.org.au/showitem.php?handle=1/11487,,
2dcb7b8e-71ad-4c9a-b018-994cda9ed0cb,Funding regimes in Australia's VET sector,,report,,2019,,http://library.bsl.org.au/showitem.php?handle=1/11486,George Myconos,,http://library.bsl.org.au/showitem.php?handle=1/11486,,
2dcb7b8e-71ad-4c9a-b018-994cda9ed0cb,The architecture of Australia's VET sector,,report,,2019,,http://library.bsl.org.au/showitem.php?handle=1/11485,George Myconos,,http://library.bsl.org.au/showitem.php?handle=1/11485,,
2dcb7b8e-71ad-4c9a-b018-994cda9ed0cb,Participation and transitions in Australia's VET system,,report,,2019,,http://library.bsl.org.au/showitem.php?handle=1/11484,George Myconos,,http://library.bsl.org.au/showitem.php?handle=1/11484,,
2dcb7b8e-71ad-4c9a-b018-994cda9ed0cb,Australia's VET sector since the mid-1970s,,report,,2019,,http://library.bsl.org.au/showitem.php?handle=1/11483,George Myconos,,http://library.bsl.org.au/showitem.php?handle=1/11483,,
2dcb7b8e-71ad-4c9a-b018-994cda9ed0cb,Submission to combined review of Emissions Reduction Fund energy efficiency methodologies,,report,2019-10-01,,,http://library.bsl.org.au/showitem.php?handle=1/11774,,,http://library.bsl.org.au/showitem.php?handle=1/11774,,
2dcb7b8e-71ad-4c9a-b018-994cda9ed0cb,Joint submission to the Review of the NDIS Act and the new NDIS Participant Service Guarantee,,report,2019-10-01,,,http://library.bsl.org.au/showitem.php?handle=1/12325,,,http://library.bsl.org.au/showitem.php?handle=1/12325,,
2dcb7b8e-71ad-4c9a-b018-994cda9ed0cb,Aspiration + experience --> employment,,report,,2019,,http://library.bsl.org.au/showitem.php?handle=1/11846,The Brotherhood of St. Laurence,,http://library.bsl.org.au/showitem.php?handle=1/11846,,
2dcb7b8e-71ad-4c9a-b018-994cda9ed0cb,Submission to the review of the national partnership for universal access to preschool,,report,2019-10-01,,,http://library.bsl.org.au/showitem.php?handle=1/11452,,,http://library.bsl.org.au/showitem.php?handle=1/11452,,
2dcb7b8e-71ad-4c9a-b018-994cda9ed0cb,Submission to Inquiry into Tackling Climate Change in Victorian Communities,,report,2019-10-01,,,http://library.bsl.org.au/showitem.php?handle=1/11451,,,http://library.bsl.org.au/showitem.php?handle=1/11451,,
2dcb7b8e-71ad-4c9a-b018-994cda9ed0cb,Submission to inquiry into Centrelink compliance program,,report,2019-10-01,,,http://library.bsl.org.au/showitem.php?handle=1/11450,,,http://library.bsl.org.au/showitem.php?handle=1/11450,,
2dcb7b8e-71ad-4c9a-b018-994cda9ed0cb,Submission regarding Adequacy of Newstart and related payments,,report,2019-10-01,,,http://library.bsl.org.au/showitem.php?handle=1/11449,,,http://library.bsl.org.au/showitem.php?handle=1/11449,,
2dcb7b8e-71ad-4c9a-b018-994cda9ed0cb,Improving the health of older aged care workers,How can we ensure Australia will have enough skilled workers to provide quality aged care while supporting the emotional and physical health of older ‘pink-collar’ workers?,report,,2019,,https://www.bsl.org.au/research/publications/improving-the-health-of-older-aged-care-workers/,"Aaron Hart, Dina Bowman|Shelley Mallett",,http://library.bsl.org.au/showitem.php?handle=1/11501,,
2dcb7b8e-71ad-4c9a-b018-994cda9ed0cb,"Getting to work: insights about the transition from education to employment from the Life Chances Study, Stage 11",This Stage 11 report of the Life Chances Study examines post-compulsory education and work experiences for young people in their mid-20s.,report,,2019,,https://www.bsl.org.au/research/publications/getting-to-work-insights-about-the-transition-from-education-to-employment-from-the-life-chances-study-stage-11/,"Dina Bowman, Malita Allan|Iris Levin",,http://library.bsl.org.au/showitem.php?handle=1/11317,,
2dcb7b8e-71ad-4c9a-b018-994cda9ed0cb,Reclaiming social security for a just future: a principled approach to reform,"The authors propose five principles to guide and underpin our social security system so that it contributes to a just, fair and compassionate society.",report,,2019,,https://www.bsl.org.au/research/publications/reclaiming-social-security-for-a-just-future-a-principled-approach-to-reform/,Dina Bowman. Danielle Thornton|Shelley Mallett,,http://library.bsl.org.au/jspui/bitstream/1/11443/1/Bowman_etal_Reclaiming_social_security_for_a_just_future_2019.pdf,,
2dcb7b8e-71ad-4c9a-b018-994cda9ed0cb,Submission to the National Disability Insurance Scheme Planning Inquiry,,report,2019-09-01,,,http://library.bsl.org.au/showitem.php?handle=1/11435,,,http://library.bsl.org.au/showitem.php?handle=1/11435,,
2dcb7b8e-71ad-4c9a-b018-994cda9ed0cb,Submission to the Climate Change Authority re meeting Paris Agreement,,report,2019-09-01,,,http://library.bsl.org.au/showitem.php?handle=1/11419,,,http://library.bsl.org.au/showitem.php?handle=1/11419,,
2dcb7b8e-71ad-4c9a-b018-994cda9ed0cb,The social & economic benefits of sustainable work for jobseekers experiencing disadvantage: submission to the Economy & Infrastructure Committee of the Victorian Parliament,,report,2019-08-01,,,http://library.bsl.org.au/showitem.php?handle=1/11418,,,http://library.bsl.org.au/showitem.php?handle=1/11418,,
2dcb7b8e-71ad-4c9a-b018-994cda9ed0cb,Submission regarding the Victorian Default Offer to apply from 1 January 2020 issues paper,,report,2019-08-01,,,http://library.bsl.org.au/showitem.php?handle=1/11406,,,http://library.bsl.org.au/showitem.php?handle=1/11406,,
2dcb7b8e-71ad-4c9a-b018-994cda9ed0cb,Victoria's 2030 emissions targets: response to the Victorian Government,,report,2019-08-01,,,http://library.bsl.org.au/showitem.php?handle=1/11393,,,http://library.bsl.org.au/showitem.php?handle=1/11393,,
2dcb7b8e-71ad-4c9a-b018-994cda9ed0cb,Submission to the Department of Social Services NDIS Thin Markets Project Consultation,,report,2019-08-01,,,http://library.bsl.org.au/showitem.php?handle=1/11392,,,http://library.bsl.org.au/showitem.php?handle=1/11392,,
2dcb7b8e-71ad-4c9a-b018-994cda9ed0cb,Submission to the Royal Commission into Victoria’s Mental Health System,,report,2019-08-01,,,http://library.bsl.org.au/showitem.php?handle=1/11390,,,http://library.bsl.org.au/showitem.php?handle=1/11390,,
2dcb7b8e-71ad-4c9a-b018-994cda9ed0cb,Submission to the Legislative Council Legal and Social Issues Committee re Spent convictions scheme for Victoria,,report,2019-07-01,,,http://library.bsl.org.au/showitem.php?handle=1/11383,,,http://library.bsl.org.au/showitem.php?handle=1/11383,,
2dcb7b8e-71ad-4c9a-b018-994cda9ed0cb,Social procurement: creating employment opportunities through purchasing expenditure,How can public and private sector organisations use their purchasing power to create positive social impact?,report,,2019,,https://www.bsl.org.au/research/publications/social-procurement/,Maria Mupanemunda,,http://library.bsl.org.au/jspui/bitstream/1/11417/1/Mupanemunda_Social_procurement_2019.pdf,,
2dcb7b8e-71ad-4c9a-b018-994cda9ed0cb,"Dementia in the public domain: voice and age-based perspectives on dementia, social disadvantage and public health campaigning",The second of two projects examining how various groups perceive and represent dementia.,report,,2019,,https://www.bsl.org.au/research/publications/dementia-in-the-public-domain-voice-and-age-based-perspectives-on-dementia-social-disadvantage-and-public-health-campaigning/,"Simon Biggs, Irja Haapala|Ashley Carr",,http://library.bsl.org.au/showitem.php?handle=1/11170,,
2dcb7b8e-71ad-4c9a-b018-994cda9ed0cb,Submission to the Essential Services Commission re clear and fair energy contracts,,report,2019-07-01,,,http://library.bsl.org.au/showitem.php?handle=1/11372,,,http://library.bsl.org.au/showitem.php?handle=1/11372,,
2dcb7b8e-71ad-4c9a-b018-994cda9ed0cb,Submission to the Essential Services Commission regarding draft decision on consequential amendments related to the Victorian Default Offer,,report,2019-05-01,,,http://library.bsl.org.au/showitem.php?handle=1/11312,,,http://library.bsl.org.au/showitem.php?handle=1/11312,,
2dcb7b8e-71ad-4c9a-b018-994cda9ed0cb,Submission to the Productivity Commission Inquiry into the Social and Economic Benefits of Improving Mental Health,,report,2019-04-01,,,http://library.bsl.org.au/showitem.php?handle=1/11226,,,http://library.bsl.org.au/showitem.php?handle=1/11226,,
2dcb7b8e-71ad-4c9a-b018-994cda9ed0cb,Submission to Essential Service Commission regarding Victorian Default Offer draft advice,,report,2019-04-01,,,http://library.bsl.org.au/showitem.php?handle=1/11203,,,http://library.bsl.org.au/showitem.php?handle=1/11203,,
2dcb7b8e-71ad-4c9a-b018-994cda9ed0cb,Submission to the Senate Community Affairs References Committee Inquiry into ParentsNext,,report,2019-02-01,,,http://library.bsl.org.au/showitem.php?handle=1/11132,,,http://library.bsl.org.au/showitem.php?handle=1/11132,,
2dcb7b8e-71ad-4c9a-b018-994cda9ed0cb,Submission to the Inquiry into the practice of dowry and the incidence of dowry abuse in Australia,,report,2019-02-01,,,http://library.bsl.org.au/showitem.php?handle=1/11117,,,http://library.bsl.org.au/showitem.php?handle=1/11117,,
2dcb7b8e-71ad-4c9a-b018-994cda9ed0cb,"Submission to the Review into Integration, Employment and Settlement Outcomes with attachments",,report,2019-02-01,,,http://library.bsl.org.au/showitem.php?handle=1/11079,,,http://library.bsl.org.au/showitem.php?handle=1/11079,,
2dcb7b8e-71ad-4c9a-b018-994cda9ed0cb,Starting a future that means something to you: outcomes from a longitudinal study of Education First Youth Foyers,The most comprehensive study of foyers shows that prioritising education for young people experiencing homelessness pays off.,report,,2019,,https://www.bsl.org.au/research/publications/starting-a-future-that-means-something-to-you/,"Marion Coddou, Joseph Borlagdan|Shelley Mallett",,http://library.bsl.org.au/jspui/bitstream/1/11369/1/Coddou_etal_Starting_a_future_Education_First_Youth_Foyers_outcomes_2019.pdf,,
2dcb7b8e-71ad-4c9a-b018-994cda9ed0cb,Smashing the avocado debate: Australia’s youth unemployment hotspots,Australia’s youth unemployment hotspots in each state and territory were reported in research for the March 2019 Youth Unemployment Monitor.,report,,2019,,https://www.bsl.org.au/research/publications/smashing-the-avocado-debate/,Brotherhood of St. Laurence,,http://library.bsl.org.au/showitem.php?handle=1/11134,,
2dcb7b8e-71ad-4c9a-b018-994cda9ed0cb,Not simply business as usual,"Insights from Money for Jam, a micro-enterprise initiative for older women doing it tough.",report,,2019,,https://www.bsl.org.au/research/publications/research-reports-test/,Seuwandi Wickramasinghe|Dina Bowman,,http://library.bsl.org.au/showitem.php?handle=1/11115,,
2dcb7b8e-71ad-4c9a-b018-994cda9ed0cb,Submission to the Essential Services Commission regarding Victorian Default Offer (for energy prices),,report,2019-02-01,,,http://library.bsl.org.au/showitem.php?handle=1/11060,,,http://library.bsl.org.au/showitem.php?handle=1/11060,,
2dcb7b8e-71ad-4c9a-b018-994cda9ed0cb,Energy stressed in Australia,Which Australians are hardest hit by high energy prices?,report,,2018,,https://www.bsl.org.au/research/publications/energy-stressed-in-australia/,Australian Council of Social Service|Brotherhood of St. Laurence,,http://library.bsl.org.au/showitem.php?handle=1/10896,,
2dcb7b8e-71ad-4c9a-b018-994cda9ed0cb,The organisation of risk: how do dementia care providers adapt to regulation?,The first of two projects designed to support improved care for older people with dementia and their carers.,report,,2018,,https://www.bsl.org.au/research/publications/the-organisation-of-risk-how-do-dementia-care-providers-adapt-to-regulation-1/,Ashley Carr|Simon Biggs,,http://library.bsl.org.au/showitem.php?handle=1/10558,,
2dcb7b8e-71ad-4c9a-b018-994cda9ed0cb,From aspiration to opportunity: Developing Independence in out-of-home care,The Stage Two evaluation of the Developing Independence program in an out-of-home care pilot.,report,,2018,,https://www.bsl.org.au/research/publications/from-aspiration-to-opportunity-developing-independence-in-out-of-home-care/,Marion Coddou|Joseph Borlagdan,,http://library.bsl.org.au/showitem.php?handle=1/10891,,
2dcb7b8e-71ad-4c9a-b018-994cda9ed0cb,"Humanitarian migrants, work and economic security on the urban fringe: how policies and perceptions shape opportunities",Focusing only on getting humanitarian migrants (including refugees) into work ignores the other challenges of settling in a new country.,report,,2018,,https://www.bsl.org.au/research/publications/humanitarian-migrants-work-and-economic-security-on-the-urban-fringe-how-policies-and-perceptions-shape-opportunities/,"Martina Boese, John van Kooy|Dina Bowman",,http://library.bsl.org.au/showitem.php?handle=1/11006,,
2dcb7b8e-71ad-4c9a-b018-994cda9ed0cb,Too valuable to lose: assessing the value of small community service organisations,How valuable are small community service organisations to those who use them and those who work within them?,report,,2018,,https://www.bsl.org.au/research/publications/too-valuable-to-lose-assessing-the-value-of-small-community-service-organisations/,Zuleika Arashiro|Amanda Pagan,,http://library.bsl.org.au/showitem.php?handle=1/11011,,
2dcb7b8e-71ad-4c9a-b018-994cda9ed0cb,Push and pull: increasing student engagement in Developing Independence,How can we support young people who have experienced a child protection or youth justice order to make a successful transition to adulthood?,report,,2018,,https://www.bsl.org.au/research/publications/push-and-pull-increasing-student-engagement-in-developing-independence/,Lisa Conley,,http://library.bsl.org.au/showitem.php?handle=1/11051,,
2dcb7b8e-71ad-4c9a-b018-994cda9ed0cb,Building bridges to work,How the Given the Chance for Asylum Seekers program acted as a bridge to employment for asylum seekers.,report,,2018,,https://www.bsl.org.au/research/publications/building-bridges-to-work/,Seuwandi Wickramasinghe,,http://library.bsl.org.au/showitem.php?handle=1/11048,,
2dcb7b8e-71ad-4c9a-b018-994cda9ed0cb,Part-time purgatory: young and underemployed in Australia,Young Australians are far more likely to work part-time than 40 years ago. Our research for the December 2018 Youth Unemployment Monitor unpacked data about the number of young people who want more hours.,report,,2018,,https://www.bsl.org.au/research/publications/part-time-purgatory/,Brotherhood of St. Laurence,,http://library.bsl.org.au/showitem.php?handle=1/11030,,
2dcb7b8e-71ad-4c9a-b018-994cda9ed0cb,Affordable clean energy for people on low incomes,"This report models policies that can reduce energy poverty and improve access to affordable, clean energy.",report,,2019,,https://www.bsl.org.au/research/publications/affordable-clean-energy-for-people-on-low-incomes/,Australian Council of Social Service|Brotherhood of St. Laurence,,http://library.bsl.org.au/showitem.php?handle=1/11058,,
2dcb7b8e-71ad-4c9a-b018-994cda9ed0cb,Submission re Treasury Laws Amendment (Improving the Energy Efficiency of Rental Properties) Bill 2018,,report,2018-10-01,,,http://library.bsl.org.au/showitem.php?handle=1/11005,,,http://library.bsl.org.au/showitem.php?handle=1/11005,,
2dcb7b8e-71ad-4c9a-b018-994cda9ed0cb,Submission to the Senate Inquiry into jobactive,,report,2018-09-01,,,http://library.bsl.org.au/showitem.php?handle=1/10892,,,http://library.bsl.org.au/showitem.php?handle=1/10892,,
2dcb7b8e-71ad-4c9a-b018-994cda9ed0cb,Submission to the Inquiry into Intergenerational Welfare Dependence,,report,2018-09-01,,,http://library.bsl.org.au/showitem.php?handle=1/10881,,,http://library.bsl.org.au/showitem.php?handle=1/10881,,
2dcb7b8e-71ad-4c9a-b018-994cda9ed0cb,Response to Productivity Commission Inquiry into the National Disability Agreement,,report,2018-09-01,,,http://library.bsl.org.au/showitem.php?handle=1/10865,,,http://library.bsl.org.au/showitem.php?handle=1/10865,,
2dcb7b8e-71ad-4c9a-b018-994cda9ed0cb,Stronger outcomes for families: submission to the Department of Social Services,,report,2018-08-01,,,http://library.bsl.org.au/showitem.php?handle=1/10868,,,http://library.bsl.org.au/showitem.php?handle=1/10868,,
2dcb7b8e-71ad-4c9a-b018-994cda9ed0cb,A fit-for-purpose national youth employment service: submission to the Future Employment Services consultation,,report,2018-08-01,,,http://library.bsl.org.au/showitem.php?handle=1/10893,,,http://library.bsl.org.au/showitem.php?handle=1/10893,,
2dcb7b8e-71ad-4c9a-b018-994cda9ed0cb,Submission to the Department of Jobs and Small Business regarding the next generation of employment services,,report,2018-08-01,,,http://library.bsl.org.au/showitem.php?handle=1/10856,,,http://library.bsl.org.au/showitem.php?handle=1/10856,,
2dcb7b8e-71ad-4c9a-b018-994cda9ed0cb,Tackling climate change and energy affordability for low-income households,"Certainty in climate change and energy policy can lower emissions and reduce energy prices, taking the pressure off energy-stressed households.",report,,2018,,https://www.bsl.org.au/research/publications/tackling-climate-change-and-energy-affordability-for-low-income-households/,Australian Council of Social Service|Brotherhood of St. Laurence,,http://library.bsl.org.au/showitem.php?handle=1/10870,,
2dcb7b8e-71ad-4c9a-b018-994cda9ed0cb,Viewed from the margins: navigating disadvantage and VET,How can Australia’s vocational education and training sector meet the needs of disadvantaged young students?,report,,2018,,https://www.bsl.org.au/research/publications/viewed-from-the-margins-navigating-disadvantage-and-vet/,"George Myconos, Eric Dommers|Kira Clarke",,http://library.bsl.org.au/showitem.php?handle=1/10855,,
2dcb7b8e-71ad-4c9a-b018-994cda9ed0cb,Hard times: Australian households and financial insecurity,How do households with low and uncertain incomes strive to make ends meet?,report,,2018,,https://www.bsl.org.au/research/publications/hard-times-australian-households-and-financial-insecurity/,Dina Bowman|Marcus Banks,,http://library.bsl.org.au/showitem.php?handle=1/10864,,
2dcb7b8e-71ad-4c9a-b018-994cda9ed0cb,Submission to the AEMC regarding the National Energy Retail Amendment (Advance notice of price changes) Rule 2018,,report,2018-05-01,,,http://library.bsl.org.au/showitem.php?handle=1/10834,,,http://library.bsl.org.au/showitem.php?handle=1/10834,,
2dcb7b8e-71ad-4c9a-b018-994cda9ed0cb,Submission re Social Services Legislation Amendment (Encouraging Self-Sufficiency for Newly Arrived Migrants) Bill 2018,,report,2018-04-01,,,http://library.bsl.org.au/showitem.php?handle=1/10589,,,http://library.bsl.org.au/showitem.php?handle=1/10589,,
2dcb7b8e-71ad-4c9a-b018-994cda9ed0cb,Submission to the Australian Energy Regulator re Draft retail pricing information guidelines,,report,2018-03-01,,,http://library.bsl.org.au/showitem.php?handle=1/10571,,,http://library.bsl.org.au/showitem.php?handle=1/10571,,
2dcb7b8e-71ad-4c9a-b018-994cda9ed0cb,Submission to the Market Readiness Inquiry of the Joint Committee on the National Disability Insurance Scheme,,report,2018-02-01,,,http://library.bsl.org.au/showitem.php?handle=1/10563,,,http://library.bsl.org.au/showitem.php?handle=1/10563,,
2dcb7b8e-71ad-4c9a-b018-994cda9ed0cb,An unfair Australia? Mapping youth unemployment hotspots,Twenty hotspots for youth unemployment in Australia are revealed by the research for the March 2018 Youth Unemployment Monitor.,report,,2018,,https://www.bsl.org.au/research/publications/unfair-australia-youth-unemployment-hotspots/,Brotherhood of St. Laurence,,http://library.bsl.org.au/showitem.php?handle=1/10573,,
2dcb7b8e-71ad-4c9a-b018-994cda9ed0cb,Working for everyone? Enhancing employment services for mature age jobseekers,What is needed to help mature jobseekers find work?,report,,2018,,https://www.bsl.org.au/research/publications/working-for-everyone-enhancing-employment-services-for-mature-age-jobseekers/,"Dina Bowman, Agathe Randrianarisoa|Seuwandi Wickramasinghe",,http://library.bsl.org.au/showitem.php?handle=1/10838,,
2dcb7b8e-71ad-4c9a-b018-994cda9ed0cb,Tendering: practical insights from community organisations,A resource for small communities who want to apply for government contracts.,report,,2018,,https://www.bsl.org.au/research/publications/tendering-practical-insights-from-community-organisations/,Zuleika Arashiro|Amanda Pagan,,http://library.bsl.org.au/showitem.php?handle=1/10854,,
2dcb7b8e-71ad-4c9a-b018-994cda9ed0cb,"Help, but not real help: mature age jobseeker perspectives on employment services in Australia",The first of three reports from a study exploring how jobactive employment services can better help mature age jobseekers find work. This report focuses on the jobseekers.,report,,2018,,https://www.bsl.org.au/research/publications/help-but-not-real-help-mature-age-jobseeker-perspectives-on-employment-services-in-australia/,Seuwandi Wickramasinghe|Dina Bowman,,http://library.bsl.org.au/showitem.php?handle=1/10835,,
2dcb7b8e-71ad-4c9a-b018-994cda9ed0cb,On the front line: employment services staff perspectives on working with mature age jobseekers,The second of three reports from a study exploring how Australia’s jobactive employment services might better assist mature age jobseekers.,report,,2018,,https://www.bsl.org.au/research/publications/on-the-front-line-employment-services-staff-perspectives-on-working-with-mature-age-jobseekers/,Dina Bowman|Agathe Randrianarisoa,,http://library.bsl.org.au/showitem.php?handle=1/10836,,
2dcb7b8e-71ad-4c9a-b018-994cda9ed0cb,Missing the mark: employer perspectives on employment services and mature age jobseekers in Australia,The last of three reports studying Australia’s jobactive employment program found the service is not working well for mature age jobseekers.,report,,2018,,https://www.bsl.org.au/research/publications/missing-the-mark-employer-perspectives-on-employment-services-and-mature-age-jobseekers-in-australia/,Dina Bowman|Agathe Randrianarisoa,,http://library.bsl.org.au/showitem.php?handle=1/10837,,
2dcb7b8e-71ad-4c9a-b018-994cda9ed0cb,Submission to the Inquiry into the Electoral Legislation Amendment (Electoral Funding and Disclosure Reform) Bill 2017,,report,2018-02-01,,,http://library.bsl.org.au/showitem.php?handle=1/10555,,,http://library.bsl.org.au/showitem.php?handle=1/10555,,
2dcb7b8e-71ad-4c9a-b018-994cda9ed0cb,Submission to the Inquiry into the Public Housing Renewal Program,,report,2017-12-01,,,http://library.bsl.org.au/showitem.php?handle=1/10344,,,http://library.bsl.org.au/showitem.php?handle=1/10344,,
2dcb7b8e-71ad-4c9a-b018-994cda9ed0cb,Submission to the Review to Achieve Excellence in Australian Schools,,report,2017-11-01,,,http://library.bsl.org.au/showitem.php?handle=1/10595,,,http://library.bsl.org.au/showitem.php?handle=1/10595,,
2dcb7b8e-71ad-4c9a-b018-994cda9ed0cb,Submission re lighting updated policy positions,,report,2017-11-01,,,http://library.bsl.org.au/showitem.php?handle=1/10292,,,http://library.bsl.org.au/showitem.php?handle=1/10292,,
2dcb7b8e-71ad-4c9a-b018-994cda9ed0cb,Engaging young early school leavers in vocational training,The vocational education and training sector must work to demystify VET pathways and better inform and support young early school leavers if it wants to engage them.,report,,2017,,https://www.bsl.org.au/research/publications/engaging-young-early-school-leavers-in-vocational-training/,"National Centre for Vocational Education Research with Eric Dommers, George Myconos, Luke Swain, Stephanie Yung|Kira Clarke",,http://library.bsl.org.au/showitem.php?handle=1/10345,,
2dcb7b8e-71ad-4c9a-b018-994cda9ed0cb,Reality bites: Australia’s youth unemployment in a millennial era,"Young people experiencing long-term unemployment, and young people’s jobhunting activities, feature in our research for the December 2017 Youth Unemployment Monitor.",report,,2017,,https://www.bsl.org.au/research/publications/reality-bites/,Brotherhood of St. Laurence,,http://library.bsl.org.au/showitem.php?handle=1/10341,,
2dcb7b8e-71ad-4c9a-b018-994cda9ed0cb,The young adults: life chances at age 24—Life Chances Study wave 11,Socioeconomic background shapes the opportunities of the participants in the Life Chances Study at age 24.,report,,2018,,https://www.bsl.org.au/research/publications/the-young-adults-life-chances-at-age-24-life-chances-study-wave-11/,Malita Allan|Dina Bowman,,http://library.bsl.org.au/showitem.php?handle=1/10557,,
2dcb7b8e-71ad-4c9a-b018-994cda9ed0cb,Juggling risks: insurance in households struggling with financial insecurity,To understand why people on low incomes do or do not take out insurance we need to understand their overall financial circumstances and the multiple risks they face.,report,,2017,,https://www.bsl.org.au/research/publications/juggling-risks-insurance-in-households-struggling-with-financial-insecurity/,Marcus Banks|Dina Bowman,,http://library.bsl.org.au/showitem.php?handle=1/10391,,
2dcb7b8e-71ad-4c9a-b018-994cda9ed0cb,Misattention and problem solving in interactions between care workers and dementia care residents,What strategies do care workers adopt to balance the demands of regulation and emotional connection in dementia practice?,report,,2017,,https://www.bsl.org.au/research/publications/misattention-and-problem-solving-in-interactions-between-care-workers-and-dementia-care-residents/,Simon Biggs|Ashley Carr,,http://library.bsl.org.au/showitem.php?handle=1/10340,,
2dcb7b8e-71ad-4c9a-b018-994cda9ed0cb,Making the leap: a practical guide to inter-agency collaboration,Government and community-sector agencies have an equal stake in producing better social services. There is new interest in effective collaboration and pooling of complementary expertise.,report,,2018,,https://www.bsl.org.au/research/publications/making-the-leap-a-practical-guide-to-inter-agency-collaboration/,"Danielle Thornton, David Bryant|Shelley Mallett",,http://library.bsl.org.au/showitem.php?handle=1/10274,,
2dcb7b8e-71ad-4c9a-b018-994cda9ed0cb,Submission to the Inquiry into School to Work Transition,,report,2017-08-01,,,http://library.bsl.org.au/showitem.php?handle=1/10188,,,http://library.bsl.org.au/showitem.php?handle=1/10188,,
2dcb7b8e-71ad-4c9a-b018-994cda9ed0cb,Submission to Senate inquiry re Australian Citizenship Legislation Amendment Bill 2017,,report,2017-07-01,,,http://library.bsl.org.au/showitem.php?handle=1/10186,,,http://library.bsl.org.au/showitem.php?handle=1/10186,,
2dcb7b8e-71ad-4c9a-b018-994cda9ed0cb,Response to Australian citizenship requirement changes,,report,2017-06-01,,,http://library.bsl.org.au/showitem.php?handle=1/10142,,,http://library.bsl.org.au/showitem.php?handle=1/10142,,
2dcb7b8e-71ad-4c9a-b018-994cda9ed0cb,Submission to Essential Services Commission re payment difficulty framework new draft decision,,report,2017-06-01,,,http://library.bsl.org.au/showitem.php?handle=1/9801,,,http://library.bsl.org.au/showitem.php?handle=1/9801,,
2dcb7b8e-71ad-4c9a-b018-994cda9ed0cb,Response to Senate Inquiry into delivery of outcomes under the National Disability Strategy 2010–2020,,report,2017-04-01,,,http://library.bsl.org.au/showitem.php?handle=1/9843,,,http://library.bsl.org.au/showitem.php?handle=1/9843,,
2dcb7b8e-71ad-4c9a-b018-994cda9ed0cb,Home Energy Efficiency Upgrade Program final report,"Installing an efficient hot water system might reduce energy usage costs and greenhouse gas emissions, but may be too expensive or too daunting for low-income households.",report,,2017,,https://www.bsl.org.au/research/publications/home-energy-efficiency-upgrade-program-final-report/,Damian Sullivan with others,,http://library.bsl.org.au/showitem.php?handle=1/10184,,
2dcb7b8e-71ad-4c9a-b018-994cda9ed0cb,Basic income: trade-offs and bottom lines,"In a changing employment and budgetary context, there is renewed interest in the concept of a basic income – a form of social security in which individuals receive a regular, often unconditional payment from either government or a public institution.",report,,2017,,https://www.bsl.org.au/research/publications/basic-income-trade-offs-and-bottom-lines/,"Dina Bowman, Shelley Mallett|Diarmuid Cooney-O’Donoghue, June",,,,
2dcb7b8e-71ad-4c9a-b018-994cda9ed0cb,"Empowering disadvantaged households to access affordable, clean energy","Action is needed to provide all Australians with access to affordable, reliable and clean energy—dubbed the ‘energy trilemma’.",report,,2017,,https://www.bsl.org.au/research/publications/empowering-disadvantaged-households-to-access-affordable-clean-energy/,"ACOSS, Brotherhood of St. Laurence|The Climate Institute",,http://library.bsl.org.au/showitem.php?handle=1/10181,,
2dcb7b8e-71ad-4c9a-b018-994cda9ed0cb,"Organisational levels, strategies and design in the regulation of dementia care","A new study explores organisational responses to regulation in dementia care, in terms of their strategies, management levels and facility design.",report,,2017,,https://www.bsl.org.au/research/publications/organisational-levels-strategies-and-design-in-the-regulation-of-dementia-care/,Simon Biggs|Ashley Carr,,http://library.bsl.org.au/showitem.php?handle=1/9479,,
2dcb7b8e-71ad-4c9a-b018-994cda9ed0cb,Giving asylum seekers a chance,What is needed to overcome the disadvantage faced by asylum seekers when competing in the labour market?,report,,2017,,https://www.bsl.org.au/research/publications/giving-asylum-seekers-a-chance/,John van Kooy|Agathe Randrianarisoa,,http://library.bsl.org.au/showitem.php?handle=1/10187,,
2dcb7b8e-71ad-4c9a-b018-994cda9ed0cb,Education first: submission to the Standing Committee on Legal and Social Issues of the Victorian Parliament Inquiry into Youth Justice Centres,,report,2017-04-01,,,http://library.bsl.org.au/showitem.php?handle=1/9434,,,http://library.bsl.org.au/showitem.php?handle=1/9434,,
2dcb7b8e-71ad-4c9a-b018-994cda9ed0cb,Submission in response to the Department of Social Services’ Financial Wellbeing and Capability discussion paper,,report,2017-03-01,,,http://library.bsl.org.au/showitem.php?handle=1/9426,,,http://library.bsl.org.au/showitem.php?handle=1/9426,,
2dcb7b8e-71ad-4c9a-b018-994cda9ed0cb,Submission to the review of retail electricity and gas markets in Victoria,,report,2017-03-01,,,http://library.bsl.org.au/showitem.php?handle=1/9408,,,http://library.bsl.org.au/showitem.php?handle=1/9408,,
2dcb7b8e-71ad-4c9a-b018-994cda9ed0cb,A better life: submission to Joint Standing Committee Inquiry into Migrant Settlement Outcomes,,report,2017-03-01,,,http://library.bsl.org.au/showitem.php?handle=1/9407,,,http://library.bsl.org.au/showitem.php?handle=1/9407,,
2dcb7b8e-71ad-4c9a-b018-994cda9ed0cb,Submission re Social Services Legislation Amendment (Omnibus Savings and Child Care Reform) Bill 2017,,report,2017-03-01,,,http://library.bsl.org.au/showitem.php?handle=1/9392,,,http://library.bsl.org.au/showitem.php?handle=1/9392,,
2dcb7b8e-71ad-4c9a-b018-994cda9ed0cb,Reforms to human services: response to the Productivity Commission,,report,2017-02-01,,,http://library.bsl.org.au/showitem.php?handle=1/9385,,,http://library.bsl.org.au/showitem.php?handle=1/9385,,
2dcb7b8e-71ad-4c9a-b018-994cda9ed0cb,"Generation stalled: young, underemployed and living precariously in Australia","More than 650,000 young Australians were either unemployed or underemployed in February 2017, according to our research for the March 2017 Youth Unemployment Monitor.",report,,2017,,https://www.bsl.org.au/research/publications/generation-stalled-young-underemployed/,Brotherhood of St. Laurence,,http://library.bsl.org.au/showitem.php?handle=1/9409,,
2dcb7b8e-71ad-4c9a-b018-994cda9ed0cb,Community attitudes to education in the Colac Otway Shire,School retention and attainment rates in regional and rural Australia tend to be lower than in metropolitan areas.,report,,2017,,https://www.bsl.org.au/research/publications/community-attitudes-to-education-in-the-colac-otway-shire/,George Myconos|Angela McKenna,,http://library.bsl.org.au/showitem.php?handle=1/9375,,
2dcb7b8e-71ad-4c9a-b018-994cda9ed0cb,Paying attention to the future: piloting the Certificate 1 in Developing Independence in out-of-home care settings,This study examined stage 1 of a pilot program to help prepare young people in out-of-home care to navigate the transitions to an independent young adulthood.,report,,2017,,https://www.bsl.org.au/research/publications/paying-attention-to-the-future-piloting-the-certificate-1-in-developing-independence-in-out-of-home-care-settings/,"Aaron Hart, Joseph Borlagdan|Shelley Mallett",,http://library.bsl.org.au/showitem.php?handle=1/9391,,
2dcb7b8e-71ad-4c9a-b018-994cda9ed0cb,Understanding financial wellbeing in times of insecurity,"Financial wellbeing as a concept has become popular in the fields of social policy, service delivery and personal financial products. This working paper traces the development of the concept.",report,,2017,,https://www.bsl.org.au/research/publications/understanding-financial-wellbeing-in-times-of-insecurity/,"Dina Bowman, Marcus Banks, Geraldine Fela, Roslyn Russell|Ashton de Silva",,http://library.bsl.org.au/showitem.php?handle=1/9423,,
2dcb7b8e-71ad-4c9a-b018-994cda9ed0cb,Response to the Review of the Residential Tenancies Act options discussion paper,,report,2017-02-01,,,https://www.bsl.org.au/research/publications/response-to-the-review-of-the-residential-tenancies-act-options-discussion-paper/,,,https://www.bsl.org.au/research/publications/response-to-the-review-of-the-residential-tenancies-act-options-discussion-paper/,,
2dcb7b8e-71ad-4c9a-b018-994cda9ed0cb,Brotherhood of St Laurence response to the Aged Care Legislated Review,,report,2016-12-01,,,http://library.bsl.org.au/showitem.php?handle=1/9362,,,http://library.bsl.org.au/showitem.php?handle=1/9362,,
2dcb7b8e-71ad-4c9a-b018-994cda9ed0cb,Submission to the Inquiry on freedom of speech in Australia and the Racial Discrimination Act 1975,,report,2016-12-01,,,http://library.bsl.org.au/jspui/bitstream/1/9363/1/BSL_sub_freedom_of_speech_and_Racial_Discrimination_Act_18c_Dec2016.pdf,,,http://library.bsl.org.au/jspui/bitstream/1/9363/1/BSL_sub_freedom_of_speech_and_Racial_Discrimination_Act_18c_Dec2016.pdf,,
2dcb7b8e-71ad-4c9a-b018-994cda9ed0cb,Response to Safety net for Victorian energy consumers facing payment difficulties draft decision,,report,2016-11-01,,,http://library.bsl.org.au/showitem.php?handle=1/9355,,,http://library.bsl.org.au/showitem.php?handle=1/9355,,
2dcb7b8e-71ad-4c9a-b018-994cda9ed0cb,"Submission to Senate inquiry into Social Service Legislation Amendment (Youth Jobs Path: Prepare, Trial, Hire) Bill 2016",,report,2016-11-01,,,http://library.bsl.org.au/showitem.php?handle=1/9348,,,http://library.bsl.org.au/showitem.php?handle=1/9348,,
2dcb7b8e-71ad-4c9a-b018-994cda9ed0cb,Response to Victoria's draft 30-year infrastructure strategy,,report,2016-10-01,,,http://library.bsl.org.au/showitem.php?handle=1/9349,,,http://library.bsl.org.au/showitem.php?handle=1/9349,,
2dcb7b8e-71ad-4c9a-b018-994cda9ed0cb,U-turn: the transport woes of Australia’s young jobseekers,"Youth unemployment is concentrated in regional areas and fast-growing outer suburbs, where public transport options are limited, according to research for the Youth Unemployment Monitor November 2016.",report,,2016,,https://www.bsl.org.au/research/publications/u-turn-transport-woes-of-young-jobseekers/,Brotherhood of St. Laurence,,http://library.bsl.org.au/showitem.php?handle=1/9347,,
2dcb7b8e-71ad-4c9a-b018-994cda9ed0cb,Exploring regulatory clusters in dementia care,Aged and dementia care services are required to conform to multiple regulatory frameworks. Mapping these reveals regulatory clusters.,report,,2016,,https://www.bsl.org.au/research/publications/exploring-regulatory-clusters-in-dementia-care/,Simon Biggs|Ashley Carr,,http://library.bsl.org.au/showitem.php?handle=1/9239,,
2dcb7b8e-71ad-4c9a-b018-994cda9ed0cb,Networks of care: valuing social capital in community aged care services,"This pilot research project used network mapping to gain understanding of the utility and value of social capital, in the form of networks and links, to community aged care service provision.",report,,2016,,https://www.bsl.org.au/research/publications/networks-of-care-valuing-social-capital-in-community-aged-care-services/,Seuwandi Wickramasinghe|Helen Kimberley,,http://library.bsl.org.au/showitem.php?handle=1/9270,,
2dcb7b8e-71ad-4c9a-b018-994cda9ed0cb,Inclusive work and economic security: a framework,"This working paper proposes a framework to highlight the interrelationships of different factors that affect inclusive work and economic security, in four complementary domains.",report,,2016,,https://www.bsl.org.au/research/publications/inclusive-work-and-economic-security-a-framework/,"Dina Bowman|John van Kooy, November",,http://library.bsl.org.au/showitem.php?handle=1/9350,,
2dcb7b8e-71ad-4c9a-b018-994cda9ed0cb,Submission to Senate inquiry re Family Assistance Legislation Amendment (Jobs for Families Child Care Package) Bill 2016,,report,2016-10-01,,,http://library.bsl.org.au/showitem.php?handle=1/9223,,,http://library.bsl.org.au/showitem.php?handle=1/9223,,
2dcb7b8e-71ad-4c9a-b018-994cda9ed0cb,Human services: identifying sectors for reform – a response to the Productivity Commission issues paper,,report,2016-09-01,,,http://library.bsl.org.au/showitem.php?handle=1/9145,,,http://library.bsl.org.au/showitem.php?handle=1/9145,,
2dcb7b8e-71ad-4c9a-b018-994cda9ed0cb,Property conditions and the regulation of rental property – a response to the Residential Tenancies Act Review,,report,2016-08-01,,,http://library.bsl.org.au/showitem.php?handle=1/9164,,,http://library.bsl.org.au/showitem.php?handle=1/9164,,
2dcb7b8e-71ad-4c9a-b018-994cda9ed0cb,Energy efficiency and the regulation of rental property conditions: a response to the Residential Tenancies Act Review,,report,2016-08-01,,,http://library.bsl.org.au/showitem.php?handle=1/9264,,,http://library.bsl.org.au/showitem.php?handle=1/9264,,
2dcb7b8e-71ad-4c9a-b018-994cda9ed0cb,Submission to the Productivity Commission inquiry into data availability and use,,report,2016-08-01,,,http://library.bsl.org.au/showitem.php?handle=1/9110,,,http://library.bsl.org.au/showitem.php?handle=1/9110,,
2dcb7b8e-71ad-4c9a-b018-994cda9ed0cb,Submission to Review of Residential Tenancies Act dispute resolution issues paper,,report,2016-06-01,,,http://library.bsl.org.au/showitem.php?handle=1/9073,,,http://library.bsl.org.au/showitem.php?handle=1/9073,,
2dcb7b8e-71ad-4c9a-b018-994cda9ed0cb,Joint submission to the Residential Efficiency Scorecard consultation,,report,2016-05-01,,,https://www.bsl.org.au/research/publications/joint-submission-to-the-residential-efficiency-scorecard-consultation/,,,https://www.bsl.org.au/research/publications/joint-submission-to-the-residential-efficiency-scorecard-consultation/,,
2dcb7b8e-71ad-4c9a-b018-994cda9ed0cb,Shedding light: private ‘for profit’ training providers and young early school leavers,"How do private providers respond to the challenge of delivering training to a particular cohort of learners, 15 to 19-year-olds who have left school early?",report,,2016,,https://www.bsl.org.au/research/publications/shedding-light-private-for-profit-training-providers-and-young-early-school-leavers/,George Myconos. Kira Clarke|Kitty te Riele,,http://library.bsl.org.au/showitem.php?handle=1/9181,,
2dcb7b8e-71ad-4c9a-b018-994cda9ed0cb,The role of regulation in aged and dementia care,Aged and dementia care services are required to conform to multiple regulatory frameworks. How do these regulations enhance or constrain services?,report,,2016,,https://www.bsl.org.au/research/publications/the-role-of-regulation-in-aged-and-dementia-care/,Simon Biggs|Ashley Carr,,http://library.bsl.org.au/showitem.php?handle=1/9238,,
2dcb7b8e-71ad-4c9a-b018-994cda9ed0cb,Supporting transitions to employment for young jobseekers: a resource for program development in south-east Melbourne by Chisholm and Holmesglen TAFEs,This scan of academic and grey literature was commissioned to inform the design and delivery of vocational and workplace training for young unemployed people in south-east Melbourne.,report,,2016,,https://www.bsl.org.au/research/publications/supporting-transitions-to-employment-for-young-jobseekers-a-resource-for-program-development-in-south-east-melbourne-by-chisholm-and-holmesglen-tafes/,George Myconos,,http://library.bsl.org.au/showitem.php?handle=1/9365,,
2dcb7b8e-71ad-4c9a-b018-994cda9ed0cb,Submission to the Inquiry into Lowering the Probationary Driving Age in Victoria to 17,,report,2016-05-01,,,http://library.bsl.org.au/showitem.php?handle=1/9072,,,http://library.bsl.org.au/showitem.php?handle=1/9072,,
2dcb7b8e-71ad-4c9a-b018-994cda9ed0cb,Submission to Senate Inquiry re Jobs for Families Child Care Package,,report,2016-02-01,,,http://library.bsl.org.au/showitem.php?handle=1/8738,,,http://library.bsl.org.au/showitem.php?handle=1/8738,,
2dcb7b8e-71ad-4c9a-b018-994cda9ed0cb,Submission re Residential Tenancies Act and security of tenure,,report,2016-01-01,,,http://library.bsl.org.au/showitem.php?handle=1/8803,,,http://library.bsl.org.au/showitem.php?handle=1/8803,,
2dcb7b8e-71ad-4c9a-b018-994cda9ed0cb,Submission to Australian Human Rights Commission Willing to Work national inquiry,,report,2016-01-01,,,http://library.bsl.org.au/jspui/bitstream/1/7969/1/BSL_subm_AHRC_Willing_to_Work_inquiry_2015.pdf,,,http://library.bsl.org.au/jspui/bitstream/1/7969/1/BSL_subm_AHRC_Willing_to_Work_inquiry_2015.pdf,,
2dcb7b8e-71ad-4c9a-b018-994cda9ed0cb,Response to the consultation on ceiling insulation in the Victorian Energy Efficiency Target scheme,,report,2016-01-01,,,http://library.bsl.org.au/showitem.php?handle=1/8456,,,http://library.bsl.org.au/showitem.php?handle=1/8456,,
2dcb7b8e-71ad-4c9a-b018-994cda9ed0cb,"Fuel poverty, household income and energy spending: an empirical analysis for Australia using HILDA data",Identifying which Australian households are experiencing fuel poverty requires more than a single measure.,report,,2015,,https://www.bsl.org.au/research/publications/fuel-poverty-household-income-and-energy-spending-an-empirical-analysis-for-australia-using-hilda-data/,"Francisco Azpitarte, Victoria Johnson|Damian Sullivan",,http://library.bsl.org.au/jspui/bitstream/1/7906/1/AzpitarteJohnsonSullivan_Fuel_poverty_household_income_energy_spending_2015.pdf,,
2dcb7b8e-71ad-4c9a-b018-994cda9ed0cb,Pursuing a vision for change in aged care: impacts and outcomes of the BSL–RMIT TRACS project,"Responding to the changing needs of older adults in residential care is a challenge that requires a skilled, well-supported workforce. Their training should be based on research evidence and best practice in service development.",report,,2016,,https://www.bsl.org.au/research/publications/pursuing-a-vision-for-change-in-aged-care-impacts-and-outcomes-of-the-bsl-rmit-tracs-project/,Ashley Carr|Helen Kimberley,,http://library.bsl.org.au/showitem.php?handle=1/9058,,
2dcb7b8e-71ad-4c9a-b018-994cda9ed0cb,Throwing out the rulebook: collaborative innovation for the unfolding Education First Youth Foyer model,Reconfigured relationships and roles were vital in the collaboration between government and community organisations to develop Education First Youth Foyers.,report,,2015,,https://www.bsl.org.au/research/publications/throwing-out-the-rulebook-collaborative-innovation-for-the-unfolding-education-first-youth-foyer-model/,Joseph Borlagdan|Deborah Keys,,http://library.bsl.org.au/showitem.php?handle=1/8914,,
2dcb7b8e-71ad-4c9a-b018-994cda9ed0cb,Adjusting to Consumer Directed Care: the experience of BSL community aged care service users,Will increased choice in community aged care benefit all consumers? Our research explored how older Australians are adjusting to the radical recent changes of Consumer Directed Care.,report,,2016,,https://www.bsl.org.au/research/publications/adjusting-to-consumer-directed-care-the-experience-of-brotherhood-of-st-laurence-community-aged-care-service-users/,"Bonnie Simons, Helen Kimberley|Nicky McColl Jones",,http://library.bsl.org.au/showitem.php?handle=1/9054,,
2dcb7b8e-71ad-4c9a-b018-994cda9ed0cb,Australia’s youth unemployment hotspots: snapshot March 2016,"Regional and rural areas rank among the worst performing areas for youth employment, according to our research for the Youth Unemployment Monitor March 2016.",report,,2016,,https://www.bsl.org.au/research/publications/youth-unemployment-hotspots-march-2016/,Brotherhood of St. Laurence,,http://library.bsl.org.au/showitem.php?handle=1/9004,,
2dcb7b8e-71ad-4c9a-b018-994cda9ed0cb,Breaking the cycle of disadvantage: submission to the Education State Early Childhood Consultation,,report,2015-10-01,,,http://library.bsl.org.au/showitem.php?handle=1/7120,,,http://library.bsl.org.au/showitem.php?handle=1/7120,,
2dcb7b8e-71ad-4c9a-b018-994cda9ed0cb,Response to Supporting Customers Avoiding Labels Essential Services Commission energy hardship draft report,,report,2015-10-01,,,http://library.bsl.org.au/showitem.php?handle=1/7129,,,http://library.bsl.org.au/showitem.php?handle=1/7129,,
2dcb7b8e-71ad-4c9a-b018-994cda9ed0cb,Submission to Victorian Government Employment Programs Review,,report,2015-10-01,,,http://library.bsl.org.au/showitem.php?handle=1/7765,,,http://library.bsl.org.au/showitem.php?handle=1/7765,,
2dcb7b8e-71ad-4c9a-b018-994cda9ed0cb,Making sense of youth transitions from education to work,The term 'youth transitions' has become increasingly fraught as the age range of 'youth' is stretched.,report,,2015,,https://www.bsl.org.au/research/publications/making-sense-of-youth-transitions-from-education-to-work/,"Dina Bowman, Joseph Borlagdan|Sharon Bond",,http://library.bsl.org.au/jspui/bitstream/1/7764/1/Bowman_et_al_Making_sense_of_youth_transitions_from_education_to_work_2015.pdf,,
2dcb7b8e-71ad-4c9a-b018-994cda9ed0cb,Employer toolkits: building more inclusive workplaces?,"Employer toolkits are designed to help employers remove barriers for particular jobseekers, including young people, culturally and linguistically diverse (CALD) groups and mature-age workers.",report,,2015,,https://www.bsl.org.au/research/publications/employer-toolkits-building-more-inclusive-workplaces/,John van Kooy,,http://library.bsl.org.au/showitem.php?handle=1/7109,,
2dcb7b8e-71ad-4c9a-b018-994cda9ed0cb,Paying a price: young men and women experiencing joblessness in Australia,"Australia’s young men and women are experiencing joblessness differently, and the global financial crisis still casts a long shadow, according to our research for the Youth Unemployment Monitor November 2015.",report,,2015,,https://www.bsl.org.au/research/publications/paying-a-price/,Brotherhood of St. Laurence,,http://library.bsl.org.au/showitem.php?handle=1/7151,,
2dcb7b8e-71ad-4c9a-b018-994cda9ed0cb,Generating knowhow in later life,How do older Australians develop the knowhow to devise lives they value in our increasingly complex society?,report,,2015,,https://www.bsl.org.au/research/publications/generating-knowhow-in-later-life/,"Helen Kimberley, Bonnie Simons|Seuwandi Wickramasinghe",,http://library.bsl.org.au/jspui/bitstream/1/7908/1/Kimberley_etal_Generating_knowhow_in_later_life_2015.pdf,,
2dcb7b8e-71ad-4c9a-b018-994cda9ed0cb,"Too old to work, too young to retire","With people living longer and the working age population in decline, older Australians are being asked to work longer. Yet increasing numbers are experiencing long-term unemployment and chronic insecurity in the labour market.",report,,2015,,https://www.bsl.org.au/research/publications/too-old-to-work-too-young-to-retire/,"Michael McGann, Dina Bowman, Helen Kimberley|Simon Biggs",,http://library.bsl.org.au/showitem.php?handle=1/7905,,
2dcb7b8e-71ad-4c9a-b018-994cda9ed0cb,I'm a person not a job:  establishing core competencies for change in BSL Residential Aged Care,This TRACS study by RMIT University researchers identified core competencies for excellence in residential aged care which would drive change in how care is delivered and so enhance the lives of residents.,report,,2015,,https://www.bsl.org.au/research/publications/im-a-person-not-a-job-establishing-core-competencies-for-change-in-brotherhood-of-st-laurence-residential-aged-care/,"Paul Ramcharan, Christina David, Martyn Jones|Rosetta Moors",,http://library.bsl.org.au/showitem.php?handle=1/8844,,
2dcb7b8e-71ad-4c9a-b018-994cda9ed0cb,What’s the difference? Jobseeker perspectives on employment assistance: insights from Victoria’s Work and Learning Centres,This qualitative study illustrates the challenges faced by jobseekers navigating today’s labour market.,report,,2015,,https://www.bsl.org.au/research/publications/whats-the-difference-jobseeker-perspectives-on-employment-assistance-insights-from-victorias-work-and-learning-centres/,Eve Bodsworth,,http://library.bsl.org.au/showitem.php?handle=1/6069,,
2dcb7b8e-71ad-4c9a-b018-994cda9ed0cb,Rental properties are people's homes: response to the consultation paper for the Review of the Residential Tenancies Act,,report,2015-08-01,,,http://library.bsl.org.au/showitem.php?handle=1/7046,,,http://library.bsl.org.au/showitem.php?handle=1/7046,,
2dcb7b8e-71ad-4c9a-b018-994cda9ed0cb,Submission to the Climate Change Act Review,,report,2015-08-01,,,http://library.bsl.org.au/showitem.php?handle=1/9012,,,http://library.bsl.org.au/showitem.php?handle=1/9012,,
2dcb7b8e-71ad-4c9a-b018-994cda9ed0cb,Turning around disadvantage through the Education State: submission to the Victorian State Schools Funding Review,,report,2015-07-01,,,http://library.bsl.org.au/showitem.php?handle=1/7005,,,http://library.bsl.org.au/showitem.php?handle=1/7005,,
2dcb7b8e-71ad-4c9a-b018-994cda9ed0cb,Submission to Department of Immigration and Border Protection Community Support Programme discussion paper,,report,2015-07-01,,,http://library.bsl.org.au/showitem.php?handle=1/5470,,,http://library.bsl.org.au/showitem.php?handle=1/5470,,
2dcb7b8e-71ad-4c9a-b018-994cda9ed0cb,Submission to the Senate inquiry into the Social Services Legislative Amendment (Youth Employment and Other Measures) Bill 2015,,report,2015-06-01,,,http://library.bsl.org.au/showitem.php?handle=1/9176,,,http://library.bsl.org.au/showitem.php?handle=1/9176,,
2dcb7b8e-71ad-4c9a-b018-994cda9ed0cb,Submission to the Royal Commission into Family Violence,,report,2015-05-01,,,http://library.bsl.org.au/showitem.php?handle=1/5866,,,http://library.bsl.org.au/showitem.php?handle=1/5866,,
2dcb7b8e-71ad-4c9a-b018-994cda9ed0cb,Submission to Essential Services Commission inquiry into the financial hardship arrangements of energy retailers,,report,2015-05-01,,,http://library.bsl.org.au/showitem.php?handle=1/5832,,,http://library.bsl.org.au/showitem.php?handle=1/5832,,
2dcb7b8e-71ad-4c9a-b018-994cda9ed0cb,Submission to the Victorian VET Funding Review,,report,2015-04-01,,,http://library.bsl.org.au/showitem.php?handle=1/5913,,,http://library.bsl.org.au/showitem.php?handle=1/5913,,
2dcb7b8e-71ad-4c9a-b018-994cda9ed0cb,A shared journey: insights from the Banksia Younger Onset Dementia Support Group,A study of our pilot program that supports people with younger onset dementia.,report,,2015,,https://www.bsl.org.au/research/publications/a-shared-journey-insights-from-the-banksia-younger-onset-dementia-support-group/,"Seuwandi Wickramasinghe, Ashley Carr|Helen Kimberley",,http://library.bsl.org.au/showitem.php?handle=1/6191,,
2dcb7b8e-71ad-4c9a-b018-994cda9ed0cb,Addressing entrenched disadvantage in Australia,"BSL researchers Francisco Azpitarte and Eve Bodsworth wrote a chapter—'Persistent disadvantage: a duration analysis based on HILDA data’—for a report: Addressing entrenched disadvantage in Australia, published in April, 2015.",report,,2015,,https://www.bsl.org.au/research/publications/addressing-entrenched-disadvantage-in-australia/,Francisco Azpitarte|Eve Bodsworth,,https://www.ceda.com.au/CEDA/media/ResearchCatalogueDocuments/PDFs/26005-CEDAAddressingentrencheddisadvantageinAustraliaApril2015.pdf,,
2dcb7b8e-71ad-4c9a-b018-994cda9ed0cb,"Submission to the Senate inquiry into the operation, regulation and funding of private VET providers",,report,2015-02-01,,,http://library.bsl.org.au/showitem.php?handle=1/5922,,,http://library.bsl.org.au/showitem.php?handle=1/5922,,
2dcb7b8e-71ad-4c9a-b018-994cda9ed0cb,Response to the Industry Skills Fund Youth Pilot Programmes discussion paper,,report,2014-11-01,,,http://library.bsl.org.au/showitem.php?handle=1/5808,,,http://library.bsl.org.au/showitem.php?handle=1/5808,,
2dcb7b8e-71ad-4c9a-b018-994cda9ed0cb,Submission regarding the Migration and Maritime Powers Legislation Amendment (Resolving the Asylum Legacy Caseload) Bill 2014,,report,2014-10-01,,,http://library.bsl.org.au/showitem.php?handle=1/5952,,,http://library.bsl.org.au/showitem.php?handle=1/5952,,
2dcb7b8e-71ad-4c9a-b018-994cda9ed0cb,Response to the Productivity Commission's draft report on Childcare and Early Childhood Learning,,report,2014-09-01,,,http://library.bsl.org.au/showitem.php?handle=1/5945,,,http://library.bsl.org.au/showitem.php?handle=1/5945,,
2dcb7b8e-71ad-4c9a-b018-994cda9ed0cb,Joint submission to the Review of loading for low SES students made by NLEO (NGO Leaders for Educational Opportunity),,report,2014-09-01,,,http://library.bsl.org.au/showitem.php?handle=1/5845,,,http://library.bsl.org.au/showitem.php?handle=1/5845,,
2dcb7b8e-71ad-4c9a-b018-994cda9ed0cb,Barely working: young and underemployed in Australia,"By mid-2014, more than 15 per cent of workers aged 15 to24 years were underemployed, according to analysis for the Youth Unemployment Monitor September 2014.",report,,2014,,https://www.bsl.org.au/research/publications/barely-working/,Brotherhood of St. Laurence,,http://library.bsl.org.au/showitem.php?handle=1/6993,,
2dcb7b8e-71ad-4c9a-b018-994cda9ed0cb,Recruiting and retaining families in HIPPY,This study examined the factors that affect the recruitment or retention of families in the Home Interaction Program for Parents and Youngsters (HIPPY) which is now operating in 75 sites across Australia.,report,,2014,,https://www.bsl.org.au/research/publications/recruitment-and-retention-of-families-in-the-home-interaction-program-for-parents-and-youngsters-hippy/,"Fatoumata Diallo Roost, Nicky McColl Jones, Malita Allan|Eric Dommers",,http://library.bsl.org.au/showitem.php?handle=1/6141,,
2dcb7b8e-71ad-4c9a-b018-994cda9ed0cb,The teenage dream unravels: trends in youth unemployment,Analysis for the Youth Unemployment Monitor March 2015 shows how young Australians – especially teenagers – continued to bear the brunt of unemployment at the start of 2015.,report,,2015,,https://www.bsl.org.au/research/publications/the-teenage-dream-unravels/,Brotherhood of St. Laurence,,http://library.bsl.org.au/showitem.php?handle=1/6981,,
2dcb7b8e-71ad-4c9a-b018-994cda9ed0cb,Lessons from a flexible learning program: the Brotherhood of St Laurence Community VCAL education program for young people 2010–2013,The Brotherhood of St Laurence ‘Community VCAL’ program is a response to widespread concern in Victoria about youth disengagement from secondary education.,report,,2014,,https://www.bsl.org.au/research/publications/lessons-from-a-flexible-learning-program-the-brotherhood-of-st-laurence-community-vcal-education-program-for-young-people-2010-2013/,George Myconos,,http://library.bsl.org.au/showitem.php?handle=1/6024,,
2dcb7b8e-71ad-4c9a-b018-994cda9ed0cb,Understanding employer engagement programs for disadvantaged jobseekers: an exploratory study,'Employer engagement’ covers a wide range of approaches to assisting disadvantaged jobseekers. Our preliminary study proposes that there is a continuum of approaches from welfare-oriented to labour-market oriented.,report,,2014,,https://www.bsl.org.au/research/publications/understanding-employer-engagement-programs-for-disadvantaged-jobseekers-an-exploratory-study/,"John van Kooy, Dina Bowman|Eve Bodsworth",,http://library.bsl.org.au/showitem.php?handle=1/6101,,
2dcb7b8e-71ad-4c9a-b018-994cda9ed0cb,Submission to the Review of Australia's Welfare System,,report,2014-08-01,,,http://library.bsl.org.au/showitem.php?handle=1/5943,,,http://library.bsl.org.au/showitem.php?handle=1/5943,,
2dcb7b8e-71ad-4c9a-b018-994cda9ed0cb,Submission re Employment Services 2015–2020 exposure draft,,report,2014-08-01,,,http://library.bsl.org.au/showitem.php?handle=1/5960,,,http://library.bsl.org.au/showitem.php?handle=1/5960,,
2dcb7b8e-71ad-4c9a-b018-994cda9ed0cb,BSL response to the Financial System Inquiry interim report,,report,2014-08-01,,,http://library.bsl.org.au/showitem.php?handle=1/5831,,,http://library.bsl.org.au/showitem.php?handle=1/5831,,
2dcb7b8e-71ad-4c9a-b018-994cda9ed0cb,Recommendations to strengthen the capacity of our vocational and education training system: submission to the VET Review,,report,2014-07-01,,,http://library.bsl.org.au/showitem.php?handle=1/5968,,,http://library.bsl.org.au/showitem.php?handle=1/5968,,
2dcb7b8e-71ad-4c9a-b018-994cda9ed0cb,Submission to Senate committee regarding the Social Services and Other Legislation Amendment (2014 Budget Measures no.2) Bill 2014,,report,2014-07-01,,,http://library.bsl.org.au/showitem.php?handle=1/5915,,,http://library.bsl.org.au/showitem.php?handle=1/5915,,
2dcb7b8e-71ad-4c9a-b018-994cda9ed0cb,Response to the Commonwealth Home Support Programme,,report,2014-07-01,,,http://library.bsl.org.au/showitem.php?handle=1/5916,,,http://library.bsl.org.au/showitem.php?handle=1/5916,,
2dcb7b8e-71ad-4c9a-b018-994cda9ed0cb,Submission regarding the Social Security Legislation Amendment (Stronger Penalties for Serious Failures) Bill 2014,,report,2014-07-01,,,http://library.bsl.org.au/showitem.php?handle=1/5890,,,http://library.bsl.org.au/showitem.php?handle=1/5890,,
2dcb7b8e-71ad-4c9a-b018-994cda9ed0cb,Being around other women makes you brave: evaluation of Stepping Stones,Stepping Stones is a micro-business program for women of refugee and migrant backgrounds.,report,,2014,,https://www.bsl.org.au/research/publications/being-around-other-women-makes-you-brave-evaluation-of-stepping-stones/,Eve Bodsworth with Juliana Lobo de Queiroz|Rebecca Meddings,,http://library.bsl.org.au/showitem.php?handle=1/5999,,
2dcb7b8e-71ad-4c9a-b018-994cda9ed0cb,Developing Independence: evaluating an educational initiative for young people facing homelessness,"Study of two pilots of the Developing Independence certificate 1 course designed to assist young people at risk of homelessness to re-engage in education, training and employment.",report,,2014,,https://www.bsl.org.au/research/publications/developing-independence-evaluating-an-educational-initiative-for-young-people-facing-homelessness/,George Myconos,,http://library.bsl.org.au/showitem.php?handle=1/6181,,
2dcb7b8e-71ad-4c9a-b018-994cda9ed0cb,Investing in local people and harnessing local communities: a progress report on Victoria's Work and Learning Centres,Work and Learning Centres operated by community organisations with strong local networks aim to create learning and employment pathways for jobseekers.,report,,2014,,https://www.bsl.org.au/research/publications/investing-in-local-people-and-harnessing-local-communities-a-progress-report-on-victorias-work-and-learning-centres/,Eve Bodsworth,,http://library.bsl.org.au/showitem.php?handle=1/6102,,
2dcb7b8e-71ad-4c9a-b018-994cda9ed0cb,Submission to Teacher Education Ministerial Advisory Group Consultation 2014,,report,2014-06-01,,,http://library.bsl.org.au/showitem.php?handle=1/5836,,,http://library.bsl.org.au/showitem.php?handle=1/5836,,
2dcb7b8e-71ad-4c9a-b018-994cda9ed0cb,Investing in our future: opportunities for the Australian Government to boost youth employment,,report,2014-06-01,,,http://library.bsl.org.au/showitem.php?handle=1/6988,,,http://library.bsl.org.au/showitem.php?handle=1/6988,,
2dcb7b8e-71ad-4c9a-b018-994cda9ed0cb,Submission re amendments to the Racial Discrimination Act 1975,,report,2014-04-01,,,http://library.bsl.org.au/showitem.php?handle=1/5935,,,http://library.bsl.org.au/showitem.php?handle=1/5935,,
2dcb7b8e-71ad-4c9a-b018-994cda9ed0cb,Submission to the Senate Inquiry into Affordable Housing,,report,2014-03-01,,,http://library.bsl.org.au/showitem.php?handle=1/5826,,,http://library.bsl.org.au/showitem.php?handle=1/5826,,
2dcb7b8e-71ad-4c9a-b018-994cda9ed0cb,The Stewardship Principle: how Australia’s financial industry can better serve the needs of low-income and vulnerable consumers – a submission to the Commonwealth Government’s Financial System Inquiry,,report,2014-03-01,,,http://library.bsl.org.au/showitem.php?handle=1/5951,,,http://library.bsl.org.au/showitem.php?handle=1/5951,,
2dcb7b8e-71ad-4c9a-b018-994cda9ed0cb,"Joint submission to the Department of State Development, Business and Innovation (DSDBI) on reforms to retail regulation 2014 and planned outages",,report,2014-03-01,,,http://library.bsl.org.au/showitem.php?handle=1/5910,,,http://library.bsl.org.au/showitem.php?handle=1/5910,,
2dcb7b8e-71ad-4c9a-b018-994cda9ed0cb,The prime provider model: an opportunity for better public service delivery?,"As governments explore new service delivery models, particularly those that are seen to increase coordination in addressing complex policy problems, one model that is receiving attention is the prime provider approach.",report,,2014,,https://www.bsl.org.au/research/publications/the-prime-provider-model-an-opportunity-for-better-public-service-delivery/,"Janine O’Flynn, Helen Dickinson, Siobhan O’Sullivan, Wilma Gallet, Katrina Currie, Marian Pettit, Amanda Pagan|Tony Robinson",,http://library.bsl.org.au/showitem.php?handle=1/4212,,
2dcb7b8e-71ad-4c9a-b018-994cda9ed0cb,On the treadmill: young and long-term unemployed in Australia,"More than 50,000 Australians aged 15 to 24 years had been unemployed for more than a year in early 2014 – continuing an upward trend since 2008, as shown by research for the Youth Unemployment Monitor April 2014.",report,,2014,,https://www.bsl.org.au/research/publications/on-the-treadmill/,Brotherhood of St. Laurence,,http://library.bsl.org.au/showitem.php?handle=1/6974,,
2dcb7b8e-71ad-4c9a-b018-994cda9ed0cb,A conversation that never stops: an indicative study of the Parents as Career Transition Support program,PACTS is a program helping parents to support their children's decision making and choices about career pathways and relevant training.,report,,2014,,https://www.bsl.org.au/research/publications/a-conversation-that-never-stops-an-indicative-study-of-the-parents-as-career-transition-support-program/,Joseph Borlagdan|Kyle Peyton,,http://library.bsl.org.au/showitem.php?handle=1/6202,,
2dcb7b8e-71ad-4c9a-b018-994cda9ed0cb,Australian youth unemployment: snapshot March 2014 – Counting the costs,Our analysis of Australian Bureau of Statistics labour force data showed marked increases in youth unemployment in many areas between 2012 and 2014.,report,,2014,,https://www.bsl.org.au/research/publications/youth-unemployment-counting-the-costs/,Brotherhood of St. Laurence,,http://library.bsl.org.au/showitem.php?handle=1/6978,,
2dcb7b8e-71ad-4c9a-b018-994cda9ed0cb,Submission to NSW Review of Energy Efficiency Programs for Low-Income Households,,report,2014-02-01,,,http://library.bsl.org.au/showitem.php?handle=1/5964,,,http://library.bsl.org.au/showitem.php?handle=1/5964,,
2dcb7b8e-71ad-4c9a-b018-994cda9ed0cb,Submission to the Department of the Environment Emissions Reduction Fund Green Paper,,report,2014-02-01,,,http://library.bsl.org.au/showitem.php?handle=1/5888,,,http://library.bsl.org.au/showitem.php?handle=1/5888,,
2dcb7b8e-71ad-4c9a-b018-994cda9ed0cb,Response to the Productivity Commission’s Inquiry into Childcare and Early Childhood Learning,,report,2014-02-01,,,http://library.bsl.org.au/showitem.php?handle=1/5909,,,http://library.bsl.org.au/showitem.php?handle=1/5909,,
2dcb7b8e-71ad-4c9a-b018-994cda9ed0cb,Australian youth unemployment 2014: snapshot,This research report for the first Youth Unemployment Monitor (February 2014) introduces key statistics and trends in unemployment of young people aged 15 to 24.,report,,2014,,https://www.bsl.org.au/research/publications/youth-unemployment-2014-snapshot/,Brotherhood of St. Laurence,,http://library.bsl.org.au/showitem.php?handle=1/7060,,
2dcb7b8e-71ad-4c9a-b018-994cda9ed0cb,Now we are 21: an overview of the longitudinal Life Chances Study,This longitudinal study began with 167 children who were born in inner suburbs of Melbourne in 1990 and has comprised ten stages to date.,report,,2013,,https://www.bsl.org.au/research/publications/now-we-are-21-an-overview-of-the-longitudinal-life-chances-study/,Janet Taylor|Malita Allan,,http://library.bsl.org.au/showitem.php?handle=1/6078,,
2dcb7b8e-71ad-4c9a-b018-994cda9ed0cb,"Looking back, looking forward: interpreting personal stories in later life",This study builds on earlier work which challenged the narrow policy focus on economic and employment-centred understandings of the ageing of Australia's population.,report,,2013,,https://www.bsl.org.au/research/publications/looking-back-looking-forward-interpreting-personal-stories-in-later-life/,"Ashley Carr, Helen Kimberley|Simon Biggs",,http://library.bsl.org.au/showitem.php?handle=1/6036,,
2dcb7b8e-71ad-4c9a-b018-994cda9ed0cb,Job retention and advancement of disadvantaged jobseekers: a synthesis of findings,Four-year study involving the Melbourne Institute of Economic and Social Research and the Brotherhood of St. Laurence,report,,2013,,https://www.bsl.org.au/research/publications/job-retention-and-advancement-of-disadvantaged-jobseekers-a-synthesis-of-findings/,"Abraham Chigavazira, Dina Bowman|Rosanna Scutella",,http://library.bsl.org.au/showitem.php?handle=1/6176,,
2dcb7b8e-71ad-4c9a-b018-994cda9ed0cb,Improving the energy efficiency of homes in Moreland: Warm Home Cool Home and Concession Assist social research final report,This study investigated the impact of energy audits and retrofits for households that took part in the Warm Home Cool Home and Concession Assist programs in northern Melbourne.,report,,2013,,https://www.bsl.org.au/research/publications/improving-the-energy-efficiency-of-homes-in-moreland-warm-home-cool-home-and-concession-assist-social-research-final-report/,"Victoria Johnson, Damian Sullivan|Jo Totty",,http://library.bsl.org.au/showitem.php?handle=1/6173,,
2dcb7b8e-71ad-4c9a-b018-994cda9ed0cb,Community consultation with 2–5 year olds in Hobsons Bay,"This consultation in Hobsons Bay, a municipality in Melbourne’s west, was commissioned to assist the Council to develop their Children and Young People’s Plan.",report,,2013,,https://www.bsl.org.au/research/publications/community-consultation-with-2-5-year-olds-in-hobsons-bay/,"Aleesa Clough, Fatoumata Diallo Roost|Eric Dommers",,http://library.bsl.org.au/showitem.php?handle=1/6100,,
2dcb7b8e-71ad-4c9a-b018-994cda9ed0cb,A preliminary evaluation of the Short Break Stay Program: respite care for people with dementia,The Short Break Stay program was established to offer people with advanced dementia a three-day stay in a homelike setting.,report,,2013,,https://www.bsl.org.au/research/publications/a-preliminary-evaluation-of-the-short-break-stay-program-respite-care-for-people-with-dementia/,Monica Mercieca|Helen Kimberley,,http://library.bsl.org.au/showitem.php?handle=1/6088,,
2dcb7b8e-71ad-4c9a-b018-994cda9ed0cb,Submission to Victoria Police re policing refugee and migrant communities in Melbourne,,report,2013-08-01,,,http://library.bsl.org.au/showitem.php?handle=1/5851,,,http://library.bsl.org.au/showitem.php?handle=1/5851,,
2dcb7b8e-71ad-4c9a-b018-994cda9ed0cb,Joint consumer submission to Essential Services Commission re Energy Retail Code Harmonisation with National Energy Customer Framework draft decision,,report,2013-08-01,,,http://library.bsl.org.au/showitem.php?handle=1/5839,,,http://library.bsl.org.au/showitem.php?handle=1/5839,,
2dcb7b8e-71ad-4c9a-b018-994cda9ed0cb,Submission to ASIC National Financial Literacy Strategy 2014–16,,report,2013-06-01,,,http://library.bsl.org.au/showitem.php?handle=1/5860,,,http://library.bsl.org.au/showitem.php?handle=1/5860,,
2dcb7b8e-71ad-4c9a-b018-994cda9ed0cb,Submission to the Senate inquiry into care and management of younger and older Australians living with dementia,,report,2013-05-01,,,http://library.bsl.org.au/showitem.php?handle=1/5842,,,http://library.bsl.org.au/showitem.php?handle=1/5842,,
2dcb7b8e-71ad-4c9a-b018-994cda9ed0cb,Pathways to social and economic inclusion: submission to the Australian Government on employment services from 2015,,report,2013-03-01,,,http://library.bsl.org.au/showitem.php?handle=1/5852,,,http://library.bsl.org.au/showitem.php?handle=1/5852,,
2dcb7b8e-71ad-4c9a-b018-994cda9ed0cb,Submission to the Independent Review of Centrepay,,report,2013-02-01,,,http://library.bsl.org.au/showitem.php?handle=1/5895,,,http://library.bsl.org.au/showitem.php?handle=1/5895,,
2dcb7b8e-71ad-4c9a-b018-994cda9ed0cb,Caring for carers: evaluation of a support program for carers of people with dementia,The Brotherhood of St. Laurence pilot program Caring for Carers (C4C) assisted people caring for someone with dementia.,report,,2013,,https://www.bsl.org.au/research/publications/caring-for-carers-evaluation-of-a-support-program-for-carers-of-people-with-dementia/,"Ashley Carr, Helen Kimberley|Monica Mercieca",,http://library.bsl.org.au/showitem.php?handle=1/6105,,
2dcb7b8e-71ad-4c9a-b018-994cda9ed0cb,"Meanings of a long life: cultural, social and historical perspectives","As the world's population ages, we need to consider a wide range of ways in which older adults can make a
contribution.",report,,2013,,https://www.bsl.org.au/research/publications/meanings-of-a-long-life-cultural-social-and-historical-perspectives/,"Ashley Carr, Simon Biggs|Helen Kimberley",,http://library.bsl.org.au/showitem.php?handle=1/3454,,
2dcb7b8e-71ad-4c9a-b018-994cda9ed0cb,Do teacher training programs equip teachers with skills to teach disengaged students?,"This preliminary scan of the national and Victorian standards and of Victorian teacher training programs explored the extent to which course descriptions include the skills deemed essential for working with ‘at-risk’, disengaged students.﻿",report,,2013,,https://www.bsl.org.au/research/publications/do-teacher-training-programs-equip-teachers-with-skills-to-teach-disengaged-students/,Jennifer Hanson-Peterson,,http://library.bsl.org.au/showitem.php?handle=1/6114,,
2dcb7b8e-71ad-4c9a-b018-994cda9ed0cb,Stepping up and over: interim evaluation of Stepping Stones a micro-enterprise program for refugee and migrant women,"Progress report about Stepping Stones, a micro-enterprise program for refugee and disadvantaged migrant women.",report,,2013,,https://www.bsl.org.au/research/publications/stepping-up-and-over-interim-evaluation-of-stepping-stones-a-micro-enterprise-program-for-refugee-and-migrant-women/,Eve Bodsworth,,http://library.bsl.org.au/showitem.php?handle=1/6140,,
2dcb7b8e-71ad-4c9a-b018-994cda9ed0cb,Joint submission to the Essential Services Commission re Energy Retail Code harmonisation,,report,2013-02-01,,,http://library.bsl.org.au/showitem.php?handle=1/5839,,,http://library.bsl.org.au/showitem.php?handle=1/5839,,
2dcb7b8e-71ad-4c9a-b018-994cda9ed0cb,Response to Grey areas: age barriers to work in Commonwealth laws discussion paper,,report,2012-11-01,,,http://library.bsl.org.au/showitem.php?handle=1/5881,,,http://library.bsl.org.au/showitem.php?handle=1/5881,,
2dcb7b8e-71ad-4c9a-b018-994cda9ed0cb,"Response to Department of Justice discussion paper Practical lessons, fair consequences: improving diversion for young people in Victoria",,report,2012-10-01,,,http://library.bsl.org.au/showitem.php?handle=1/5841,,,http://library.bsl.org.au/showitem.php?handle=1/5841,,
2dcb7b8e-71ad-4c9a-b018-994cda9ed0cb,Submission to the Senate Select Committee inquiry on electricity prices (including attachment on UK experience),,report,2012-09-01,,,http://library.bsl.org.au/showitem.php?handle=1/5825,,,http://library.bsl.org.au/showitem.php?handle=1/5825,,
2dcb7b8e-71ad-4c9a-b018-994cda9ed0cb,Response to Grey areas: age barriers to work in Commonwealth laws (Australian Law Reform Commission inquiry),,report,2012-08-01,,,http://library.bsl.org.au/showitem.php?handle=1/5828,,,http://library.bsl.org.au/showitem.php?handle=1/5828,,
2dcb7b8e-71ad-4c9a-b018-994cda9ed0cb,Towards a fair and decent social security system: submission to Senate inquiry into adequacy of the allowance system for jobseekers and others,,report,2012-08-01,,,http://library.bsl.org.au/showitem.php?handle=1/5893,,,http://library.bsl.org.au/showitem.php?handle=1/5893,,
2dcb7b8e-71ad-4c9a-b018-994cda9ed0cb,Building relationships for better outcomes: Peninsula Youth Connections evaluation stage 2 report,"The second stage of the evaluation of Peninsula Youth Connections, operated by the Brotherhood of St. Laurence and TaskForce, focused on young people’s experiences of the service and their outcomes.",report,,2012,,https://www.bsl.org.au/research/publications/building-relationships-for-better-outcomes-peninsula-youth-connections-evaluation-stage-2-report/,Anna Barrett,,http://library.bsl.org.au/showitem.php?handle=1/6073,,
2dcb7b8e-71ad-4c9a-b018-994cda9ed0cb,Valuing capabilities in later life: the capability approach and the Brotherhood of St Laurence aged services,"This study examined what the Brotherhood’s aged service users value in life, what enables them to live fulfilled and meaningful lives and what the services can contribute to this.",report,,2012,,https://www.bsl.org.au/research/publications/valuing-capabilities-in-later-life-the-capability-approach-and-the-brotherhood-of-st-laurence-aged-services/,"Helen Kimberley, Robert Gruhn|Simon Huggins",,http://library.bsl.org.au/showitem.php?handle=1/6126,,
2dcb7b8e-71ad-4c9a-b018-994cda9ed0cb,Looking ahead: lessons from the evaluation of Peninsula Youth Connections,"Peninsula Youth Connections, the local expression of an Australian Government initiative to support young people at risk of disengaging from education and training, was evaluated as highly successful.",report,,2012,,https://www.bsl.org.au/research/publications/looking-ahead-lessons-from-the-evaluation-of-peninsula-youth-connections/,Anna Barrett,,http://library.bsl.org.au/showitem.php?handle=1/6064,,
2dcb7b8e-71ad-4c9a-b018-994cda9ed0cb,The power to save: an equity assessment of the Victorian Energy Saver Incentive in metropolitan Melbourne,This study of Victoria’s Energy Saver Incentive shows the energy savings achieved in relatively disadvantaged and advantaged areas in metropolitan Melbourne,report,,2012,,https://www.bsl.org.au/research/publications/the-power-to-save-an-equity-assessment-of-the-victorian-energy-saver-incentive-in-metropolitan-melbourne/,Damian Sullivan|Victoria Johnson,,http://library.bsl.org.au/showitem.php?handle=1/6026,,
2dcb7b8e-71ad-4c9a-b018-994cda9ed0cb,Submission to the Victorian Government consultation Pathways to a Fair and Sustainable Social Housing System,,report,2012-07-01,,,http://library.bsl.org.au/showitem.php?handle=1/5939,,,http://library.bsl.org.au/showitem.php?handle=1/5939,,
2dcb7b8e-71ad-4c9a-b018-994cda9ed0cb,Submission to the Expert Panel on Asylum Seekers,,report,2012-07-01,,,http://library.bsl.org.au/showitem.php?handle=1/5809,,,http://library.bsl.org.au/showitem.php?handle=1/5809,,
2dcb7b8e-71ad-4c9a-b018-994cda9ed0cb,Tackling racism at a broader community level:  submission to the Australian Human Rights Commission re national anti racism strategy,,report,2012-05-01,,,http://library.bsl.org.au/showitem.php?handle=1/5822,,,http://library.bsl.org.au/showitem.php?handle=1/5822,,
2dcb7b8e-71ad-4c9a-b018-994cda9ed0cb,Submission to the Inquiry into Dementia: Early Diagnosis and Intervention,,report,2012-05-01,,,http://library.bsl.org.au/showitem.php?handle=1/5972,,,http://library.bsl.org.au/showitem.php?handle=1/5972,,
2dcb7b8e-71ad-4c9a-b018-994cda9ed0cb,On dignity: social inclusion and the politics of recognition,"This paper discusses the role that a politics of recognition – a reciprocal respect for the unique and equal status of all others – can play in strengthening the philosophical foundations of social inclusion thinking, as well as policy and practice.",report,,2012,,https://www.bsl.org.au/research/publications/on-dignity-social-inclusion-and-the-politics-of-recognition/,Zoë Morrison,,http://library.bsl.org.au/showitem.php?handle=1/1942,,
2dcb7b8e-71ad-4c9a-b018-994cda9ed0cb,Pathways that work: lessons from the Youth Employment Project in Caroline Springs,"An evaluation of the Youth Employment Project in the outer Melbourne suburb of Caroline Springs found that the model of combining individual support, hands-on training and tailored work opportunities helped to achieve positive pathways for disengaged young people.",report,,2012,,https://www.bsl.org.au/research/publications/pathways-that-work-lessons-from-the-youth-employment-project-in-caroline-springs/,Eve Bodsworth,,http://library.bsl.org.au/showitem.php?handle=1/6054,,
2dcb7b8e-71ad-4c9a-b018-994cda9ed0cb,Exploring success for intermediate labour market social enterprises: a literature review,This student paper reviews the historical landscape of employment services and the rise of ILM programs and examines the key factors and tensions that influence whether an ILM social enterprise is successful.,report,,2012,,https://www.bsl.org.au/research/publications/exploring-success-for-intermediate-labour-market-social-enterprises-a-literature-review/,Danielle Nockolds,,http://library.bsl.org.au/showitem.php?handle=1/6185,,
2dcb7b8e-71ad-4c9a-b018-994cda9ed0cb,"Re-engagement, training and beyond: evaluating the second year of a Community VCAL education program for young people","In Frankston, the Brotherhood of St. Laurence has developed a Community VCAL program for 15 to 18-year-olds who have faced barriers to mainstream education",report,,2012,,https://www.bsl.org.au/research/publications/re-engagement-training-and-beyond-evaluating-the-second-year-of-a-community-vcal-education-program-for-young-people/,George Myconos,,http://library.bsl.org.au/showitem.php?handle=1/6130,,
2dcb7b8e-71ad-4c9a-b018-994cda9ed0cb,Centre for Work and Learning Yarra evaluation report,"An evaluation of the Centre for Work and Learning Yarra, a demonstration project to test innovative place-based approaches to promote work and learning opportunities for disadvantaged jobseekers",report,,2012,,https://www.bsl.org.au/research/publications/centre-for-work-and-learning-yarra-evaluation-report/,Michael Horn,,http://library.bsl.org.au/cgi-bin/koha/tracklinks.pl?uri=http://library.bsl.org.au/showitem.php?handle=1/6132;biblionumber=8229,,
2dcb7b8e-71ad-4c9a-b018-994cda9ed0cb,Turning 21: life chances and uncertain transitions,The longitudinal Life Chances Study has followed children from diverse backgrounds since their infancy in inner Melbourne.,report,,2012,,https://www.bsl.org.au/research/publications/turning-21-life-chances-and-uncertain-transitions/,"Janet Taylor, Joseph Borlagdan|Malita Allan",,http://library.bsl.org.au/showitem.php?handle=1/6172,,
2dcb7b8e-71ad-4c9a-b018-994cda9ed0cb,Presentation to the Inquiry into Workforce Participation by People with a Mental Illness,,report,2012-02-01,,,http://library.bsl.org.au/showitem.php?handle=1/5875,,,http://library.bsl.org.au/showitem.php?handle=1/5875,,
2dcb7b8e-71ad-4c9a-b018-994cda9ed0cb,Submission re the National Energy Savings Initiative,,report,2012-02-01,,,http://library.bsl.org.au/showitem.php?handle=1/5917,,,http://library.bsl.org.au/showitem.php?handle=1/5917,,
2dcb7b8e-71ad-4c9a-b018-994cda9ed0cb,Submission to the Inquiry into Cybersafety for Senior Australians,,report,2012-02-01,,,http://library.bsl.org.au/showitem.php?handle=1/5824,,,http://library.bsl.org.au/showitem.php?handle=1/5824,,
2dcb7b8e-71ad-4c9a-b018-994cda9ed0cb,Barriers to effective climate change adaptation: submission to the Productivity Commission inquiry,,report,2012-01-01,,,http://library.bsl.org.au/showitem.php?handle=1/5921,,,http://library.bsl.org.au/showitem.php?handle=1/5921,,
2dcb7b8e-71ad-4c9a-b018-994cda9ed0cb,Submission to the Australian Energy Market Commission on the consolidated rule request – National Electricity Amendment (Economic Regulation of Network Service Providers) Rule 2011,,report,2011-12-01,,,http://library.bsl.org.au/showitem.php?handle=1/5937,,,http://library.bsl.org.au/showitem.php?handle=1/5937,,
2dcb7b8e-71ad-4c9a-b018-994cda9ed0cb,Submission to the Inquiry into Growth Corridor Plans,,report,2011-12-01,,,http://library.bsl.org.au/showitem.php?handle=1/5883,,,http://library.bsl.org.au/showitem.php?handle=1/5883,,
2dcb7b8e-71ad-4c9a-b018-994cda9ed0cb,"Financial life in a new setting: experiences of Afghan and Burmese (Chin and Karen) communities in Melbourne, Australia",This qualitative study involving Melbourne’s Afghan and Burmese (Chin and Karen) communities presents a mixed picture of how these migrants are coping with financial matters as they settle in a new city.,report,,2012,,https://www.bsl.org.au/research/publications/financial-life-in-a-new-setting-experiences-of-afghan-and-burmese-chin-and-karen-communities-in-melbourne-australia/,"Victoria Johnson, Said Dileri & Naw Eh Ywa",,http://library.bsl.org.au/showitem.php?handle=1/6067,,
2dcb7b8e-71ad-4c9a-b018-994cda9ed0cb,Thinking it through: understanding culturally responsive work and learning services for women,What factors and service features can help or hinder women’s participation in employment and education?,report,,2012,,https://www.bsl.org.au/research/publications/thinking-it-through-understanding-culturally-responsive-work-and-learning-services-for-women/,Dina Bowman|Loretta Mui,,http://library.bsl.org.au/showitem.php?handle=1/6122,,
2dcb7b8e-71ad-4c9a-b018-994cda9ed0cb,The rights of older persons: protection and gaps under human rights law,"While older persons historically have been neglected by human rights law, their rights are becoming a part of the public agenda.",report,,2012,,https://www.bsl.org.au/research/publications/the-rights-of-older-persons-protection-and-gaps-under-human-rights-law/,Marthe Fredvang|Simon Biggs,,http://library.bsl.org.au/showitem.php?handle=1/3179,,
2dcb7b8e-71ad-4c9a-b018-994cda9ed0cb,Sorting it out: a framework for culturally responsive work and learning services for women,How can we develop gender and culturally responsive services that enable women to access education and employment opportunities?,report,,2012,,https://www.bsl.org.au/research/publications/sorting-it-out-a-framework-for-culturally-responsive-work-and-learning-services-for-women/,Dina Bowman|Loretta Mui,,http://library.bsl.org.au/showitem.php?handle=1/6016,,
2dcb7b8e-71ad-4c9a-b018-994cda9ed0cb,Submission to the DEECD ‘Safe and Caring Schools’ Student Support Service Consultation,,report,2011-12-01,,,http://library.bsl.org.au/showitem.php?handle=1/5884,,,http://library.bsl.org.au/showitem.php?handle=1/5884,,
2dcb7b8e-71ad-4c9a-b018-994cda9ed0cb,Decent sustainable work for all in a global economy: submission to the Independent Inquiry into Insecure Work in Australia,,report,2011-12-01,,,http://library.bsl.org.au/showitem.php?handle=1/5834,,,http://library.bsl.org.au/showitem.php?handle=1/5834,,
2dcb7b8e-71ad-4c9a-b018-994cda9ed0cb,Submission to the Victorian Competition and Efficiency Commission Inquiry into a State-based Reform Agenda,,report,2011-09-01,,,http://library.bsl.org.au/showitem.php?handle=1/5894,,,http://library.bsl.org.au/showitem.php?handle=1/5894,,
2dcb7b8e-71ad-4c9a-b018-994cda9ed0cb,BSL response to the Productivity Commission’s Early Childhood Development Workforce draft report,,report,2011-09-01,,,http://library.bsl.org.au/showitem.php?handle=1/5901,,,http://library.bsl.org.au/showitem.php?handle=1/5901,,
2dcb7b8e-71ad-4c9a-b018-994cda9ed0cb,Submission re Whole of Government Victorian Alcohol and Drug Strategy September 2011,,report,2011-09-01,,,http://library.bsl.org.au/showitem.php?handle=1/5953,,,http://library.bsl.org.au/showitem.php?handle=1/5953,,
2dcb7b8e-71ad-4c9a-b018-994cda9ed0cb,Submission to the Joint Committee on Australia's Immigration Detention Network,,report,2011-08-01,,,http://library.bsl.org.au/showitem.php?handle=1/5934,,,http://library.bsl.org.au/showitem.php?handle=1/5934,,
2dcb7b8e-71ad-4c9a-b018-994cda9ed0cb,Investing in our future: an evaluation of the national rollout of the Home Interaction Program for Parents and Youngsters (HIPPY): final report,The first national evaluation of HIPPY found significant benefits for parents and children who took part.,report,,2011,,https://www.bsl.org.au/research/publications/investing-in-our-future-an-evaluation-of-the-national-rollout-of-the-home-interaction-program-for-parents-and-youngsters-hippy-final-report/,"Max Liddell, Tony Barnett, Fatoumata Diallo Roost|Juliet McEachran",,http://library.bsl.org.au/showitem.php?handle=1/6182,,
2dcb7b8e-71ad-4c9a-b018-994cda9ed0cb,Overcoming barriers to education: Peninsula Youth Connections evaluation stage 1 report,This study of Peninsula Youth Connections found that life circumstances and systemic education barriers made it difficult for some young people to engage in meaningful learning.,report,,2011,,https://www.bsl.org.au/research/publications/overcoming-barriers-to-education-peninsula-youth-connections-evaluation-stage-1-report/,Sharon Bond,,http://library.bsl.org.au/showitem.php?handle=1/6095,,
2dcb7b8e-71ad-4c9a-b018-994cda9ed0cb,End the decay: the cost of poor dental health and what should be done about it,This study commissioned by the Brotherhood of St. Laurence provides an overview of the economic costs of poor dental health.,report,,2011,,https://www.bsl.org.au/research/publications/end-the-decay-the-cost-of-poor-dental-health-and-what-should-be-done-about-it/,Bronwyn Richardson|Jeff Richardson,,http://library.bsl.org.au/showitem.php?handle=1/6081,,
2dcb7b8e-71ad-4c9a-b018-994cda9ed0cb,Sidelined! Workforce participation and non-participation among baby boomers in Australia,Sidelined! reports on a qualitative study that provides insight into the contours and experience of mature-age workforce participation in Australia.,report,,2011,,https://www.bsl.org.au/research/publications/sidelined-workforce-participation-and-non-participation-among-baby-boomers-in-australia/,Dina Bowman|Helen Kimberley,,http://library.bsl.org.au/showitem.php?handle=1/6060,,
2dcb7b8e-71ad-4c9a-b018-994cda9ed0cb,Reconnecting the customer: response to the Australian Communications and Media Authority’s draft report Reconnecting the customer,,report,2011-07-01,,,http://library.bsl.org.au/showitem.php?handle=1/2634,,,http://library.bsl.org.au/showitem.php?handle=1/2634,,
2dcb7b8e-71ad-4c9a-b018-994cda9ed0cb,Improving access to insurance for low-income Australians: submission to the Natural Disaster Insurance Review,,report,2011-07-01,,,http://library.bsl.org.au/showitem.php?handle=1/5833,,,http://library.bsl.org.au/showitem.php?handle=1/5833,,
2dcb7b8e-71ad-4c9a-b018-994cda9ed0cb,Submission to the Essential Services Commission Vocational Education and Training Fee and Funding Review,,report,2011-06-01,,,http://library.bsl.org.au/showitem.php?handle=1/5969,,,http://library.bsl.org.au/showitem.php?handle=1/5969,,
2dcb7b8e-71ad-4c9a-b018-994cda9ed0cb,Valuing care in Australia: achieving pay equity in the social and community services sector,Care work is central to wellbeing in our society. The way in which it is valued affects not only care-givers and clients but also broader societal cohesiveness.,report,,2011,,https://www.bsl.org.au/research/publications/valuing-care-in-australia-achieving-pay-equity-in-the-social-and-community-services-sector/,James Allebone,,http://library.bsl.org.au/showitem.php?handle=1/2500,,
2dcb7b8e-71ad-4c9a-b018-994cda9ed0cb,Addressing the challenges together: consultations with BSL clients,This summary of a longer unpublished report outlines the client consultations that the Brotherhood of St. Laurence undertook to help inform our 2012–14 strategic review.,report,,2011,,https://www.bsl.org.au/research/publications/addressing-the-challenges-together-consultations-with-brotherhood-clients/,Sharon Bond|Michael Horn,,http://library.bsl.org.au/showitem.php?handle=1/6053,,
2dcb7b8e-71ad-4c9a-b018-994cda9ed0cb,Money matters in times of change: financial vulnerability through the life course,This study explores financial vulnerability during four key life transitions.,report,,2011,,https://www.bsl.org.au/research/publications/money-matters-in-times-of-change-financial-vulnerability-through-the-life-course/,Zuleika Arashiro,,http://library.bsl.org.au/showitem.php?handle=1/5986,,
2dcb7b8e-71ad-4c9a-b018-994cda9ed0cb,Many faces of saving: social dimensions of Saver Plus,"A small qualitative study of Saver Plus, a matched savings program designed to assist low-income Australians to build assets and improve their financial capability.",report,,2011,,https://www.bsl.org.au/research/publications/many-faces-of-saving-social-dimensions-of-saver-plus/,Eve Bodsworth,,http://library.bsl.org.au/showitem.php?handle=1/6106,,
2dcb7b8e-71ad-4c9a-b018-994cda9ed0cb,"Improving energy efficiency in Moreland: research sample, baseline measures and recruitment for the Warm Home Cool Home program evaluation",This report contains baseline data from a study to identify the social impacts within households of the Warm Home Cool Home program.,report,,2011,,https://www.bsl.org.au/research/publications/improving-energy-efficiency-in-moreland-research-sample-baseline-measures-and-recruitment-for-the-warm-home-cool-home-program-evaluation/,Victoria Johnson|Damian Sullivan,,http://library.bsl.org.au/showitem.php?handle=1/6084,,
2dcb7b8e-71ad-4c9a-b018-994cda9ed0cb,Reducing the risks: improving access to home contents and vehicle insurance for low-income Australians,Insurance is a vital tool for protecting assets and also serves to prevent financial hardship by providing a safety net in the event of a loss.,report,,2011,,https://www.bsl.org.au/research/publications/reducing-the-risks-improving-access-to-home-contents-and-vehicle-insurance-for-low-income-australians/,Dominic Collins,,http://library.bsl.org.au/showitem.php?handle=1/6063,,
2dcb7b8e-71ad-4c9a-b018-994cda9ed0cb,A path to re-engagement: evaluating the first year of a Community VCAL education program for young people,"In Frankston, the Brotherhood of St. Laurence has developed a Community VCAL program tailored for young people aged 15 to 18 who have experienced barriers to mainstream education.",report,,2011,,https://www.bsl.org.au/research/publications/a-path-to-re-engagement-evaluating-the-first-year-of-a-community-vcal-education-program-for-young-people/,George Myconos,,http://library.bsl.org.au/showitem.php?handle=1/6109,,
2dcb7b8e-71ad-4c9a-b018-994cda9ed0cb,Submission to the Department of Treasury and Finance Review of the Advanced Metering Infrastructure Program,,report,2011-06-01,,,http://library.bsl.org.au/showitem.php?handle=1/5954,,,http://library.bsl.org.au/showitem.php?handle=1/5954,,
2dcb7b8e-71ad-4c9a-b018-994cda9ed0cb,Joint submission to Reforming flood insurance: clearing the waters discussion paper,,report,2011-05-01,,,http://library.bsl.org.au/showitem.php?handle=1/5942,,,http://library.bsl.org.au/showitem.php?handle=1/5942,,
2dcb7b8e-71ad-4c9a-b018-994cda9ed0cb,"Maximising the positive economic, social and cultural impacts of migration: submission to the Inquiry into Multiculturalism in Australia",,report,2011-04-01,,,http://library.bsl.org.au/showitem.php?handle=1/5918,,,http://library.bsl.org.au/showitem.php?handle=1/5918,,
2dcb7b8e-71ad-4c9a-b018-994cda9ed0cb,Presentation to Inquiry into Social Security Legislation Amendment (Job seeker compliance) Bill 2011,,report,2011-04-01,,,http://library.bsl.org.au/showitem.php?handle=1/5907,,,http://library.bsl.org.au/showitem.php?handle=1/5907,,
2dcb7b8e-71ad-4c9a-b018-994cda9ed0cb,Submission to Inquiry into Liveability Options in Outer Suburban Melbourne,,report,2011-04-01,,,http://library.bsl.org.au/showitem.php?handle=1/5932,,,http://library.bsl.org.au/showitem.php?handle=1/5932,,
2dcb7b8e-71ad-4c9a-b018-994cda9ed0cb,Submission to Review of Funding for Schooling,,report,2011-03-01,,,http://library.bsl.org.au/showitem.php?handle=1/5807,,,http://library.bsl.org.au/showitem.php?handle=1/5807,,
2dcb7b8e-71ad-4c9a-b018-994cda9ed0cb,Response to the Productivity Commission draft report Caring for older Australians,,report,2011-03-01,,,http://library.bsl.org.au/showitem.php?handle=1/5873,,,http://library.bsl.org.au/showitem.php?handle=1/5873,,
2dcb7b8e-71ad-4c9a-b018-994cda9ed0cb,Response to the Productivity Commission’s Early Childhood Development workforce issues paper,,report,2011-01-01,,,http://library.bsl.org.au/showitem.php?handle=1/5971,,,http://library.bsl.org.au/showitem.php?handle=1/5971,,
2dcb7b8e-71ad-4c9a-b018-994cda9ed0cb,Workforce participation and non-participation among baby boomers in Australia: a profile from HILDA data,Quantitative study of mature age workforce participation and non-participation,report,,2011,,https://www.bsl.org.au/research/publications/workforce-participation-and-non-participation-among-baby-boomers-in-australia-a-profile-from-hilda-data/,Honge (Cathy) Gong|Justine McNamara,,http://library.bsl.org.au/showitem.php?handle=1/6184,,
2dcb7b8e-71ad-4c9a-b018-994cda9ed0cb,Promoting healthy finances: an evaluation of the Financial Health Service pilot,"An evaluation of a free, one-on-one, financial information and guidance service piloted in Melbourne.",report,,2011,,https://www.bsl.org.au/research/publications/promoting-healthy-finances-an-evaluation-of-the-financial-health-service-pilot/,Zuleika Arashiro,,http://library.bsl.org.au/showitem.php?handle=1/6163,,
2dcb7b8e-71ad-4c9a-b018-994cda9ed0cb,"Line of sight: better tailored services for highly disadvantaged job seekers, submission re future employment services from 2012",,report,2011-01-01,,,http://library.bsl.org.au/showitem.php?handle=1/5863,,,http://library.bsl.org.au/showitem.php?handle=1/5863,,
2dcb7b8e-71ad-4c9a-b018-994cda9ed0cb,Submission to Senate Economics Committee Inquiry into competition within the Australian banking sector,,report,2010-11-01,,,http://library.bsl.org.au/showitem.php?handle=1/5961,,,http://library.bsl.org.au/showitem.php?handle=1/5961,,
2dcb7b8e-71ad-4c9a-b018-994cda9ed0cb,Integrated service delivery for young people: a literature review,"This literature review examines youth centres and other programs which offer holistic or integrated services for youth in the United Kingdom, United States and Australia, and considers supportive policy frameworks.",report,,2010,,https://www.bsl.org.au/research/publications/integrated-service-delivery-for-young-people-a-literature-review/,Sharon Bond,,http://library.bsl.org.au/showitem.php?handle=1/6156,,
2dcb7b8e-71ad-4c9a-b018-994cda9ed0cb,Training for work: insights from students and trainees at the Brotherhood of St. Laurence,The Training for Work study analysed the characteristics of participants in training programs run by the Brotherhood of St. Laurence.,report,,2010,,https://www.bsl.org.au/research/publications/training-for-work-insights-from-students-and-trainees-at-the-brotherhood-of-st-laurence/,Dina Bowman|Nicole Souery,,http://library.bsl.org.au/showitem.php?handle=1/5994,,
2dcb7b8e-71ad-4c9a-b018-994cda9ed0cb,Recycling rising high: an evaluation of the High Rise Public Housing Recycling Project,"This study of a recycling pilot project (HaRP) in the Fitzroy and Collingwood high-rise public housing estates found that many households had become involved in recycling, and so reduced the amount of recyclable material sent to landfill.",report,,2010,,https://www.bsl.org.au/research/publications/recycling-rising-high-an-evaluation-of-the-high-rise-public-housing-recycling-project/,George Myconos,,http://library.bsl.org.au/showitem.php?handle=1/6008,,
2dcb7b8e-71ad-4c9a-b018-994cda9ed0cb,Community activity and service delivery models: an overview of Brotherhood centres,"﻿﻿Several Brotherhood of St Laurence sites and program clusters have been identified as active or potential community activity and service delivery centres. This paper outlines how they began, the community context, their aims, planned outcomes and target populations.",report,,2010,,https://www.bsl.org.au/research/publications/community-activity-and-service-delivery-models-an-overview-of-brotherhood-centres/,Brotherhood of St. Laurence,,http://library.bsl.org.au/showitem.php?handle=1/5989,,
2dcb7b8e-71ad-4c9a-b018-994cda9ed0cb,Sen and Bourdieu: understanding inequality,"How does the thinking of Amartya Sen, and especially of Pierre Bourdieu, help us to understand the processes and experience of inequality?",report,,2010,,https://www.bsl.org.au/research/publications/sen-and-bourdieu-understanding-inequality/,Dina Bowman,,http://library.bsl.org.au/showitem.php?handle=1/2131,,
2dcb7b8e-71ad-4c9a-b018-994cda9ed0cb,From participation to leadership: evaluation of the Community Service Leadership Program,"The Community Service Leadership Program (CSLP), developed by the Brotherhood of St. Laurence and the Rotary Club of Melbourne, enabled disadvantaged young people in alternative educational settings to explore, devise and implement projects to benefit their local community.",report,,2010,,https://www.bsl.org.au/research/publications/from-participation-to-leadership-evaluation-of-the-community-service-leadership-program/,Martina Boese,,http://library.bsl.org.au/showitem.php?handle=1/6111,,
2dcb7b8e-71ad-4c9a-b018-994cda9ed0cb,Women on the Move: evaluating a refugee mentoring pilot project,This report presents the evaluation of a small-scale pilot in which refugee women requiring personal and settlement support were matched with volunteer mentors in the City of Hume in Melbourne’s north.,report,,2010,,https://www.bsl.org.au/research/publications/women-on-the-move-evaluating-a-refugee-mentoring-pilot-project/,Sharon Bond,,http://library.bsl.org.au/showitem.php?handle=1/5993,,
2dcb7b8e-71ad-4c9a-b018-994cda9ed0cb,"Work and learning in Fitzroy, Richmond and Collingwood: survey of public housing residents",What are the employment status and aspirations of public housing residents?,report,,2010,,https://www.bsl.org.au/research/publications/work-and-learning-in-fitzroy-richmond-and-collingwood-survey-of-public-housing-residents/,Lauren Siegmann,,http://library.bsl.org.au/showitem.php?handle=1/6079,,
2dcb7b8e-71ad-4c9a-b018-994cda9ed0cb,Submission to the review of the implementation of Securing Jobs for Your Future - Skills for Victoria,,report,2010-09-01,,,http://library.bsl.org.au/showitem.php?handle=1/5835,,,http://library.bsl.org.au/showitem.php?handle=1/5835,,
2dcb7b8e-71ad-4c9a-b018-994cda9ed0cb,Response to ASIC consultation on telephone sales for general insurance,,report,2010-09-01,,,http://library.bsl.org.au/showitem.php?handle=1/5882,,,http://library.bsl.org.au/showitem.php?handle=1/5882,,
2dcb7b8e-71ad-4c9a-b018-994cda9ed0cb,Submission to ACMA's Reconnecting the Customer consultation,,report,2010-09-01,,,http://library.bsl.org.au/showitem.php?handle=1/5955,,,http://library.bsl.org.au/showitem.php?handle=1/5955,,
2dcb7b8e-71ad-4c9a-b018-994cda9ed0cb,Flexicurity and Australia roundtable report,"'Flexicurity' can be understood as a policy framework to balance flexibility for employers on the one hand with improved unemployment benefits, training and assistance in regaining employment for workers on the other.",report,,2010,,https://www.bsl.org.au/research/publications/flexicurity-and-australia-roundtable-report/,Brotherhood of St. Laurence,,http://library.bsl.org.au/showitem.php?handle=1/6700,,
2dcb7b8e-71ad-4c9a-b018-994cda9ed0cb,A taste for learning: evaluating a pre-Community VCAL program,This report evaluates a pre-Community VCAL ‘Taster’ course offered at the Brotherhood of St. Laurence’s Frankston High Street Centre.,report,,2010,,https://www.bsl.org.au/research/publications/a-taste-for-learning-evaluating-a-pre-community-vcal-program/,George Myconos,,http://library.bsl.org.au/jspui/bitstream/1/6065/1/Myconos_Taste_for_learning_pre-CVCAL_evaluation_2010.pdf,,
2dcb7b8e-71ad-4c9a-b018-994cda9ed0cb,Financial inclusion in Australia: towards transformative policy,"This paper looks at the rise of the financial inclusion agenda in developed countries, and what it might mean in Australia.",report,,2010,,https://www.bsl.org.au/research/publications/financial-inclusion-in-australia-towards-transformative-policy/,Zuleika Arashiro,,http://library.bsl.org.au/showitem.php?handle=1/1969,,
2dcb7b8e-71ad-4c9a-b018-994cda9ed0cb,Public dental care and the Teeth First trial: a history of decay,The Teeth First trial enabled unemployed Personal Support Programme clients of the Brotherhood in Frankston to receive dental treatment.,report,,2010,,https://www.bsl.org.au/research/publications/public-dental-care-and-the-teeth-first-trial-a-history-of-decay/,Sharon Bond,,http://library.bsl.org.au/showitem.php?handle=1/6148,,
2dcb7b8e-71ad-4c9a-b018-994cda9ed0cb,Evidence and experience: report on the Individual Placement and Support project for disadvantaged job seekers with mental health issues,This study provides valuable insights into the provision of employment services for highly disadvantaged people with complex needs.,report,,2010,,https://www.bsl.org.au/research/publications/evidence-and-experience-report-on-the-individual-placement-and-support-project-for-disadvantaged-job-seekers-with-mental-health-issues/,Dina Bowman|Jyden Lawlor,,http://library.bsl.org.au/showitem.php?handle=1/6097,,
2dcb7b8e-71ad-4c9a-b018-994cda9ed0cb,From exclusion to inclusion? Reflections on the Celtic tiger,How can partnerships help to create more inclusive forms of governance?,report,,2010,,https://www.bsl.org.au/research/publications/from-exclusion-to-inclusion-reflections-on-the-celtic-tiger/,Maura Adshead|Chris McInerney,,http://library.bsl.org.au/showitem.php?handle=1/1520,,
2dcb7b8e-71ad-4c9a-b018-994cda9ed0cb,Making work pay and making income support work,"This study examined the financial incentives and non-financial factors influencing the decision to return to work or to increase working hours for two groups thought to be affected by high effective marginal tax rates, single parents and unemployed people.",report,,2010,,https://www.bsl.org.au/research/publications/making-work-pay-and-making-income-support-work/,Eve Bodsworth,,http://library.bsl.org.au/showitem.php?handle=1/6168,,
2dcb7b8e-71ad-4c9a-b018-994cda9ed0cb,Submission to the Treasury's National Credit Reform Green Paper,,report,2010-08-01,,,http://library.bsl.org.au/showitem.php?handle=1/5878,,,http://library.bsl.org.au/showitem.php?handle=1/5878,,
2dcb7b8e-71ad-4c9a-b018-994cda9ed0cb,"Submission to the National Advisory Council on Mental Health regarding ‘Daily bread, income and living with mental illness’",,report,2010-08-01,,,http://library.bsl.org.au/showitem.php?handle=1/5879,,,http://library.bsl.org.au/showitem.php?handle=1/5879,,
2dcb7b8e-71ad-4c9a-b018-994cda9ed0cb,Submission to Caring for Older Australians Productivity Commission inquiry,,report,2010-07-01,,,http://library.bsl.org.au/showitem.php?handle=1/5965,,,http://library.bsl.org.au/showitem.php?handle=1/5965,,
2dcb7b8e-71ad-4c9a-b018-994cda9ed0cb,Submission to Senate Economics Committee Inquiry into the Banking Amendment Bill 2010,,report,2010-07-01,,,http://library.bsl.org.au/showitem.php?handle=1/5855,,,http://library.bsl.org.au/showitem.php?handle=1/5855,,
2dcb7b8e-71ad-4c9a-b018-994cda9ed0cb,Response to the Stronger futures for all young Victorians discussion paper on the youth transitions system,,report,2010-06-01,,,http://library.bsl.org.au/showitem.php?handle=1/5980,,,http://library.bsl.org.au/showitem.php?handle=1/5980,,
2dcb7b8e-71ad-4c9a-b018-994cda9ed0cb,A response to the DEECD Directions Paper Pathways to re-engagement through flexible learning options,,report,2010-05-01,,,http://library.bsl.org.au/showitem.php?handle=1/5820,,,http://library.bsl.org.au/showitem.php?handle=1/5820,,
2dcb7b8e-71ad-4c9a-b018-994cda9ed0cb,Response to Australian Energy Regulator (AER) issues paper on retail energy pricing information guidelines,,report,2010-04-01,,,http://library.bsl.org.au/showitem.php?handle=1/5940,,,http://library.bsl.org.au/showitem.php?handle=1/5940,,
2dcb7b8e-71ad-4c9a-b018-994cda9ed0cb,Response to Treasury options paper on unfair terms in insurance contracts,,report,2010-04-01,,,http://library.bsl.org.au/showitem.php?handle=1/5948,,,http://library.bsl.org.au/showitem.php?handle=1/5948,,
2dcb7b8e-71ad-4c9a-b018-994cda9ed0cb,Flexibility with security: driving a new compact down under?,How might a 'flexicurity' policy help Australia develop a new social contract for both a fairer society and a more competitive economy?,report,,2010,,https://www.bsl.org.au/research/publications/flexibility-with-security-driving-a-new-compact-down-under/,James Allebone,,http://library.bsl.org.au/showitem.php?handle=1/1568,,
2dcb7b8e-71ad-4c9a-b018-994cda9ed0cb,Partnering to learn: the role of community organisations in supporting disadvantaged students,"This forum hosted by Melbourne City Mission and the Brotherhood of St. Laurence in November 2009 highlighted the need for innovative, well-resourced learning support programs to meet the needs of students from disadvantaged backgrounds.",report,,2010,,https://www.bsl.org.au/research/publications/partnering-to-learn-the-role-of-community-organisations-in-supporting-disadvantaged-students/,Anne Pate|Sharon Bond,,http://library.bsl.org.au/showitem.php?handle=1/6709,,
2dcb7b8e-71ad-4c9a-b018-994cda9ed0cb,Submission to the Senate Committee inquiry into social security and other legislation amendment bills,,report,2010-02-01,,,http://library.bsl.org.au/showitem.php?handle=1/5931,,,http://library.bsl.org.au/showitem.php?handle=1/5931,,
2dcb7b8e-71ad-4c9a-b018-994cda9ed0cb,Submission to the Family and Community Development Committee Inquiry into the Adequacy and Future Directions of Public Housing in Victoria,,report,2010-02-01,,,http://library.bsl.org.au/showitem.php?handle=1/5869,,,http://library.bsl.org.au/showitem.php?handle=1/5869,,
2dcb7b8e-71ad-4c9a-b018-994cda9ed0cb,The contribution of the not-for-profit sector: submission in response to the draft report of the Productivity Commission,,report,2009-12-01,,,http://library.bsl.org.au/showitem.php?handle=1/5817,,,http://library.bsl.org.au/showitem.php?handle=1/5817,,
2dcb7b8e-71ad-4c9a-b018-994cda9ed0cb,Barriers to hiring disadvantaged or vulnerable workers: Victorian employers' attitudes survey,"This collaborative study explored the extent to which recruitment of low-skilled workers was a problem for employers, as well as employee work readiness, foundational skills and vocational training, and the support mechanisms to increase worker retention.",report,,2009,,https://www.bsl.org.au/research/publications/barriers-to-hiring-disadvantaged-or-vulnerable-workers-victorian-employers-attitudes-survey/,VECCI|Brotherhood of St. Laurence,,http://library.bsl.org.au/showitem.php?handle=1/6115,,
2dcb7b8e-71ad-4c9a-b018-994cda9ed0cb,Turning 18: pathways and plans,"The Life Chances Study has followed some 140 young people from diverse backgrounds since they were infants. In 2008 they turned 18: many finished school, while others were already launched into the world beyond.",report,,2010,,https://www.bsl.org.au/research/publications/turning-18-pathways-and-plans/,Janet Taylor|Nina Gee,,http://library.bsl.org.au/showitem.php?handle=1/6150,,
2dcb7b8e-71ad-4c9a-b018-994cda9ed0cb,Tax expenditures and housing,"This paper, reporting research undertaken for the Brotherhood of St. Laurence and published by AHURI (the Australian Housing and Urban Research Institute), assesses the scale and distribution of key tax expenditures associated with the treatment of housing in the Australian tax system.",report,,2009,,https://www.bsl.org.au/research/publications/tax-expenditures-and-housing/,Judith Yates,,http://library.bsl.org.au/showitem.php?handle=1/6023,,
2dcb7b8e-71ad-4c9a-b018-994cda9ed0cb,"Cost shifting in education: implications for government, the community sector and low-income families","This report commissioned by the Equity in Education Alliance seeks to quantify in dollars the extent to which the Victorian community service organisations, including emergency relief providers, assist disadvantaged families to meet school education expenses.",report,,2009,,https://www.bsl.org.au/research/publications/cost-shifting-in-education-implications-for-government-the-community-sector-and-low-income-families/,Sharon Bond,,http://library.bsl.org.au/showitem.php?handle=1/6093,,
2dcb7b8e-71ad-4c9a-b018-994cda9ed0cb,From the margins to the mainstream: the challenges for microfinance in Australia,This report of research undertaken by the Brotherhood of St. Laurence and Community Foresters Finance draws on the literature and stakeholder consultation to explore microfinance in Australia.,report,,2009,,https://www.bsl.org.au/research/publications/from-the-margins-to-the-mainstream-the-challenges-for-microfinance-in-australia/,Ingrid Burkett|Genevieve Sheehan,,http://library.bsl.org.au/showitem.php?handle=1/6175,,
2dcb7b8e-71ad-4c9a-b018-994cda9ed0cb,Assets for all: a review of the Australian Government's $77 billion support for asset-building,"The authors argue that Australia’s current asset-building policies, particularly tax concessions on housing and superannuation, enable wealthier households to further accumulate assets while doing little for poorer families.",report,,2009,,https://www.bsl.org.au/research/publications/assets-for-all-a-review-of-the-australian-governments-77-billion-support-for-asset-building/,Gerard Brody|Elizabeth McNess,,http://library.bsl.org.au/showitem.php?handle=1/6142,,
2dcb7b8e-71ad-4c9a-b018-994cda9ed0cb,The Brotherhood's Social Barometer: living the second fifty years,The fourth Social Barometer examines the extent of disadvantage among older Australians.,report,,2009,,https://www.bsl.org.au/research/publications/the-brotherhoods-social-barometer-living-the-second-fifty-years/,Helen Kimberley|Bonnie Simons,,http://library.bsl.org.au/showitem.php?handle=1/6040,,
2dcb7b8e-71ad-4c9a-b018-994cda9ed0cb,Submission to the Productivy Commission inquiry into the contribution of the not-for-profit sector,,report,2009-07-01,,,http://library.bsl.org.au/showitem.php?handle=1/5979,,,http://library.bsl.org.au/showitem.php?handle=1/5979,,
2dcb7b8e-71ad-4c9a-b018-994cda9ed0cb,Submission to Community Affairs Legislation Committee re Social Security and Other Legislation Amendment (Pension Reform and Other 2009 Budget Measures) Bill,,report,2009-06-01,,,http://library.bsl.org.au/showitem.php?handle=1/5950,,,http://library.bsl.org.au/showitem.php?handle=1/5950,,
2dcb7b8e-71ad-4c9a-b018-994cda9ed0cb,Submission to Senate Inquiry into the DEEWR tender process to award employment services contracts,,report,2009-05-01,,,http://library.bsl.org.au/showitem.php?handle=1/5846,,,http://library.bsl.org.au/showitem.php?handle=1/5846,,
2dcb7b8e-71ad-4c9a-b018-994cda9ed0cb,Submission to the Review of Alternative Education in Victoria,,report,2009-05-01,,,http://library.bsl.org.au/showitem.php?handle=1/5854,,,http://library.bsl.org.au/showitem.php?handle=1/5854,,
2dcb7b8e-71ad-4c9a-b018-994cda9ed0cb,Submission to Treasury re National Consumer Protection Bill,,report,2009-05-01,,,http://library.bsl.org.au/showitem.php?handle=1/5844,,,http://library.bsl.org.au/showitem.php?handle=1/5844,,
2dcb7b8e-71ad-4c9a-b018-994cda9ed0cb,Stories of early school leaving: pointers for policy and practice,The Stage 8½ of the Brotherhood of St. Laurence’s longitudinal Life Chances Study talks with young people who left school early,report,,2009,,https://www.bsl.org.au/research/publications/stories-of-early-school-leaving-pointers-for-policy-and-practice/,Janet Taylor,,http://library.bsl.org.au/showitem.php?handle=1/6180,,
2dcb7b8e-71ad-4c9a-b018-994cda9ed0cb,The Myer Foundation 2020: A Vision for Aged Care outcomes review,"This BSL research commissioned by the Myer Foundation tracked the influence on government policy of the foundation’s investment in developing a vision for aged care, and assessed its impact on practice.",report,,2009,,https://www.bsl.org.au/research/publications/the-myer-foundation-2020-a-vision-for-aged-care-outcomes-review/,Astrid Reynolds,,http://library.bsl.org.au/showitem.php?handle=1/6043,,
2dcb7b8e-71ad-4c9a-b018-994cda9ed0cb,The cost of a free education: cost as a barrier to Australian public education,"Concerned about financial barriers to participation, Brotherhood researchers canvassed the cost burden to parents of education in a government school.",report,,2009,,https://www.bsl.org.au/research/publications/the-cost-of-a-free-education-cost-as-a-barrier-to-australian-public-education/,Sharon Bond|Michael Horn,,http://library.bsl.org.au/showitem.php?handle=1/6206,,
2dcb7b8e-71ad-4c9a-b018-994cda9ed0cb,Frankston North Communities for Children local evaluation: final report,This evaluation of the local implementation of the national Communities for Children initiative in Frankston North on Melbourne's south-eastern fringe incorporated the Most Significant Change methodology.,report,,2009,,https://www.bsl.org.au/research/publications/frankston-north-communities-for-children-local-evaluation-final-report/,Brotherhood of St Laurence,,http://library.bsl.org.au/showitem.php?handle=1/6007,,
2dcb7b8e-71ad-4c9a-b018-994cda9ed0cb,Increasing consumer choice in aged care services,"Increased choice in aged care services is an international trend, driven by demographic changes and consumer advocacy.",report,,2009,,https://www.bsl.org.au/research/publications/increasing-consumer-choice-in-aged-care-services/,Carmel Laragy|Gerry Naughtin,,http://library.bsl.org.au/showitem.php?handle=1/5985,,
2dcb7b8e-71ad-4c9a-b018-994cda9ed0cb,"Response to the Standing Committee of Officials on Consumer Affairs consultation paper An Australian consumer law: fair markets, confident consumers",,report,2009-03-01,,,http://library.bsl.org.au/showitem.php?handle=1/5930,,,http://library.bsl.org.au/showitem.php?handle=1/5930,,
2dcb7b8e-71ad-4c9a-b018-994cda9ed0cb,Strengthening Australia's retirement income system: submission to the review,,report,2009-02-01,,,http://library.bsl.org.au/showitem.php?handle=1/5858,,,http://library.bsl.org.au/showitem.php?handle=1/5858,,
2dcb7b8e-71ad-4c9a-b018-994cda9ed0cb,Policy recommendations to the Australian Government in response to the economic downturn,,report,2009-02-01,,,http://library.bsl.org.au/showitem.php?handle=1/5924,,,http://library.bsl.org.au/showitem.php?handle=1/5924,,
2dcb7b8e-71ad-4c9a-b018-994cda9ed0cb,Submission to the Victorian Budget 2009–10: Building capacity and preventing social and economic exclusion: proposals in response to the economic downturn,,report,2009-02-01,,,http://library.bsl.org.au/jspui/bitstream/1/2478/1/BSL_subm_Vic_Budget09.pdf,,,http://library.bsl.org.au/jspui/bitstream/1/2478/1/BSL_subm_Vic_Budget09.pdf,,
2dcb7b8e-71ad-4c9a-b018-994cda9ed0cb,Submission to Senate Economics Committee Inquiry into Aspects of Bank Mergers,,report,2009-01-01,,,http://library.bsl.org.au/showitem.php?handle=1/5818,,,http://library.bsl.org.au/showitem.php?handle=1/5818,,
2dcb7b8e-71ad-4c9a-b018-994cda9ed0cb,"Submission re fifteen recommendations in the TCF Review report, Building innovative capability",,report,2009-01-01,,,http://library.bsl.org.au/showitem.php?handle=1/5838,,,http://library.bsl.org.au/showitem.php?handle=1/5838,,
2dcb7b8e-71ad-4c9a-b018-994cda9ed0cb,Submission to House of Representatives Inquiry into Combining School and Work,,report,2009-01-01,,,http://library.bsl.org.au/showitem.php?handle=1/5900,,,http://library.bsl.org.au/showitem.php?handle=1/5900,,
2dcb7b8e-71ad-4c9a-b018-994cda9ed0cb,Learning support programs: education reform beyond the school,This report presents the case for out-of-school-hours learning support programs (LSPs) to meet the needs of disadvantaged students.,report,,2009,,https://www.bsl.org.au/research/publications/learning-support-programs-education-reform-beyond-the-school/,Sharon Bond,,http://library.bsl.org.au/showitem.php?handle=1/6120,,
2dcb7b8e-71ad-4c9a-b018-994cda9ed0cb,Integrated support to overcome severe employment barriers: adapting the IPS approach,What kind of support is needed to help unemployed people who have experienced severe disadvantage to overcome barriers and find suitable employment?,report,,2009,,https://www.bsl.org.au/research/publications/integrated-support-to-overcome-severe-employment-barriers-adapting-the-ips-approach/,Jyden Lawlor|Daniel Perkins,,http://library.bsl.org.au/showitem.php?handle=1/1367,,
2dcb7b8e-71ad-4c9a-b018-994cda9ed0cb,Reform of the Australian retirement income system,The Brotherhood of St. Laurence commissioned the National Centre for Social and Economic Modelling (NATSEM) to undertake a study of the inequities of Australia's retirement income system.,report,,2009,,https://www.bsl.org.au/research/publications/reform-of-the-australian-retirement-income-system/,"Simon Kelly, NATSEM, University of Canberra",,http://library.bsl.org.au/showitem.php?handle=1/5996,,
2dcb7b8e-71ad-4c9a-b018-994cda9ed0cb,Submission to Senate Inquiry into Residential and Community Aged Care,,report,2008-12-01,,,http://library.bsl.org.au/showitem.php?handle=1/5850,,,http://library.bsl.org.au/showitem.php?handle=1/5850,,
2dcb7b8e-71ad-4c9a-b018-994cda9ed0cb,Submission to the MCEETYA consultation on the National Declaration on Educational Goals for Young Australians,,report,2008-10-01,,,http://library.bsl.org.au/showitem.php?handle=1/5897,,,http://library.bsl.org.au/showitem.php?handle=1/5897,,
2dcb7b8e-71ad-4c9a-b018-994cda9ed0cb,Towards a progressive tax system: submission to the review of Australia's future tax system,,report,2008-10-01,,,http://library.bsl.org.au/showitem.php?handle=1/5829,,,http://library.bsl.org.au/showitem.php?handle=1/5829,,
2dcb7b8e-71ad-4c9a-b018-994cda9ed0cb,Submission to the parliamentary inquiry into the provision of supported accommodation for Victorians with a disability or mental illness,,report,2008-10-01,,,http://library.bsl.org.au/showitem.php?handle=1/5880,,,http://library.bsl.org.au/showitem.php?handle=1/5880,,
2dcb7b8e-71ad-4c9a-b018-994cda9ed0cb,Response to the exposure draft for the new employment services 2009–2012 purchasing arrangements,,report,2008-09-01,,,http://library.bsl.org.au/showitem.php?handle=1/5967,,,http://library.bsl.org.au/showitem.php?handle=1/5967,,
2dcb7b8e-71ad-4c9a-b018-994cda9ed0cb,Pension reform for all: submission to the Pension Review,,report,2008-09-01,,,http://library.bsl.org.au/showitem.php?handle=1/5923,,,http://library.bsl.org.au/showitem.php?handle=1/5923,,
2dcb7b8e-71ad-4c9a-b018-994cda9ed0cb,BSL submission to the Victorian Government's Strengthening Student Support Services consultation,,report,2008-09-01,,,http://library.bsl.org.au/showitem.php?handle=1/5944,,,http://library.bsl.org.au/showitem.php?handle=1/5944,,
2dcb7b8e-71ad-4c9a-b018-994cda9ed0cb,Valuing all young people: submission to the Victorian Government on the Vulnerable Youth Framework discussion paper,,report,2008-09-01,,,http://library.bsl.org.au/showitem.php?handle=1/5830,,,http://library.bsl.org.au/showitem.php?handle=1/5830,,
2dcb7b8e-71ad-4c9a-b018-994cda9ed0cb,Submission in response to A Climate of Opportunity Summit Paper,,report,2008-08-01,,,http://library.bsl.org.au/showitem.php?handle=1/3697,,,http://library.bsl.org.au/showitem.php?handle=1/3697,,
2dcb7b8e-71ad-4c9a-b018-994cda9ed0cb,Improving resident transfers between hospitals and residential care facilities,This study of transfers of frail older people between hospitals and residential care was undertaken by two fourth-year social work students from La Trobe University.,report,,2008,,https://www.bsl.org.au/research/publications/improving-resident-transfers-between-hospitals-and-residential-care-facilities/,Laura Meese|Jennifer Poole,,http://library.bsl.org.au/showitem.php?handle=1/6186,,
2dcb7b8e-71ad-4c9a-b018-994cda9ed0cb,Immigration detention: submission to the Parliament of Australia Joint Standing Committee on Migration,,report,2008-07-01,,,http://library.bsl.org.au/showitem.php?handle=1/1635,,,http://library.bsl.org.au/showitem.php?handle=1/1635,,
2dcb7b8e-71ad-4c9a-b018-994cda9ed0cb,Submission to inquiry into better support for carers,,report,2008-07-01,,,http://library.bsl.org.au/showitem.php?handle=1/5927,,,http://library.bsl.org.au/showitem.php?handle=1/5927,,
2dcb7b8e-71ad-4c9a-b018-994cda9ed0cb,Submission to the inquiry into competition in the banking and non-banking sectors,,report,2008-07-01,,,http://library.bsl.org.au/showitem.php?handle=1/3698,,,http://library.bsl.org.au/showitem.php?handle=1/3698,,
2dcb7b8e-71ad-4c9a-b018-994cda9ed0cb,Submission to the Australian Government on the future of employment services in Australia discussion paper,,report,2008-06-01,,,http://library.bsl.org.au/showitem.php?handle=1/1033,,,http://library.bsl.org.au/showitem.php?handle=1/1033,,
2dcb7b8e-71ad-4c9a-b018-994cda9ed0cb,"An inclusive system of parental support: submission to the Productivity Commission Inquiry into Paid Maternity, Paternity and Parental Leave",,report,2008-06-01,,,http://library.bsl.org.au/showitem.php?handle=1/5819,,,http://library.bsl.org.au/showitem.php?handle=1/5819,,
2dcb7b8e-71ad-4c9a-b018-994cda9ed0cb,Submission to the Victorian Government on skills reform,,report,2008-06-01,,,http://library.bsl.org.au/showitem.php?handle=1/1025,,,http://library.bsl.org.au/showitem.php?handle=1/1025,,
2dcb7b8e-71ad-4c9a-b018-994cda9ed0cb,The Cottage service for highly disadvantaged children in Fitzroy: a review,An evaluation of BSL's Cottage Centre for Families and Children which served inner-Melbourne families with young children from the 1980s to 2005 shows that it was effective in assisting families with complex needs.,report,,2008,,https://www.bsl.org.au/research/publications/the-cottage-service-for-highly-disadvantaged-children-in-fitzroy-a-review/,"Martina Boese, Janet Stanley, Carole Baker|Jody Hughes",,http://library.bsl.org.au/showitem.php?handle=1/6041,,
2dcb7b8e-71ad-4c9a-b018-994cda9ed0cb,Given the Chance: an evaluation of an employment and education pathways program for refugees,This evaluation of Given the Chance showed that supported mentoring combined with training and work placements can be effective in helping refugees to understand Australian workplace cultures and providing an entrée into employment and/or educational opportunities.,report,,2008,,https://www.bsl.org.au/research/publications/given-the-chance-an-evaluation-of-an-employment-and-education-pathways-program-for-refugees/,Kemran Mestan,,http://library.bsl.org.au/showitem.php?handle=1/6076,,
2dcb7b8e-71ad-4c9a-b018-994cda9ed0cb,Enabling low-income households in the private rental market to respond to climate change,"Late in 2007, the Brotherhood of St. Laurence convened a roundtable to consider ways to reduce the likely impact of climate change (and related mitigation measures such as carbon pricing) on low-income private renter households.",report,,2008,,https://www.bsl.org.au/research/publications/enabling-low-income-households-in-the-private-rental-market-to-respond-to-climate-change/,Brotherhood of St Laurence,,http://library.bsl.org.au/showitem.php?handle=1/6146,,
2dcb7b8e-71ad-4c9a-b018-994cda9ed0cb,Coming to grips with credit contracts: steps to protect vulnerable borrowers,"Researchers from the Brotherhood of St. Laurence and from Griffith University law school sought the views of people living on low incomes about credit regulations, focusing on disclosure and the safety net provisions in the Uniform Consumer Credit Code (UCCC).",report,,2008,,https://www.bsl.org.au/research/publications/coming-to-grips-with-credit-contracts-steps-to-protect-vulnerable-borrowers/,"Genevieve Sheehan, Therese Wilson|Nicola Howell",,http://library.bsl.org.au/showitem.php?handle=1/6022,,
2dcb7b8e-71ad-4c9a-b018-994cda9ed0cb,Submission to the Australian Youth Forum Consultation,,report,2008-05-01,,,http://library.bsl.org.au/showitem.php?handle=1/1027,,,http://library.bsl.org.au/showitem.php?handle=1/1027,,
2dcb7b8e-71ad-4c9a-b018-994cda9ed0cb,Submission to the Review of the Australian Textile Clothing and Footwear Industries,,report,2008-05-01,,,http://library.bsl.org.au/showitem.php?handle=1/5891,,,http://library.bsl.org.au/showitem.php?handle=1/5891,,
2dcb7b8e-71ad-4c9a-b018-994cda9ed0cb,Growing up in an inclusive Victoria: Submission to the Victorian Government on the Blueprint for Early Childhood Development and School Reform,,report,2008-05-01,,,http://library.bsl.org.au/showitem.php?handle=1/5867,,,http://library.bsl.org.au/showitem.php?handle=1/5867,,
2dcb7b8e-71ad-4c9a-b018-994cda9ed0cb,Partnerships Advancing Community Engagement: four pilot projects with Rotary,"The Partnerships Advancing Community Engagement program (PACE) was devised by Rotary Youth Ambassadorial Scholar, Courtney Scala, during an internship with the Brotherhood of St. Laurence.",report,,2008,,https://www.bsl.org.au/research/publications/partnerships-advancing-community-engagement-four-pilot-projects-with-rotary/,Bill Unkles,,http://library.bsl.org.au/showitem.php?handle=1/5998,,
2dcb7b8e-71ad-4c9a-b018-994cda9ed0cb,Growing community enterprise: an evaluation of the Community Enterprise Development Initiative,"This is the final evaluation report from the Community Enterprise Development Initiative (CEDI), funded by the Victorian Department of Planning and Community Development and delivered by the Brotherhood of St. Laurence.",report,,2008,,https://www.bsl.org.au/research/publications/growing-community-enterprise-an-evaluation-of-the-community-enterprise-development-initiative/,Sharon Bond,,http://library.bsl.org.au/showitem.php?handle=1/5997,,
2dcb7b8e-71ad-4c9a-b018-994cda9ed0cb,Carbon use in poor Victorian households by local government area,"As the imposition of a carbon price is planned in Australia to encourage movement away from carbon-based energy, this mapping exercise illustrates the uneven pattern of carbon use by poor households across Melbourne and across Victoria.",report,,2008,,https://www.bsl.org.au/research/publications/carbon-use-in-poor-victorian-households-by-local-government-area/,Bill Unkles|Janet Stanley,,http://library.bsl.org.au/showitem.php?handle=1/6201,,
2dcb7b8e-71ad-4c9a-b018-994cda9ed0cb,Counting the cost: parental experiences of education expenses: results from the 2007 Education Costs Survey,This report examines the survey responses of 58 low-income Victorian families about the cost of their 129 primary and secondary school-aged children’s participation in formal education during 2007.,report,,2008,,https://www.bsl.org.au/research/publications/counting-the-cost-parental-experiences-of-education-expenses-results-from-the-2007-education-costs-survey/,Sharon Bond|Michael Horn,,http://library.bsl.org.au/showitem.php?handle=1/6037,,
2dcb7b8e-71ad-4c9a-b018-994cda9ed0cb,"Seasonal labour mobility: responsible business conduct, decent work and regional engagement","This paper was prepared for the OECD ILO conference 'Employment and industrial relations: promoting responsible business conduct', held in Paris in June 2008.",report,,2008,,https://www.bsl.org.au/research/publications/seasonal-labour-mobility-responsible-business-conduct-decent-work-and-regional-engagement/,Serena Lillywhite,,http://library.bsl.org.au/showitem.php?handle=1/6061,,
2dcb7b8e-71ad-4c9a-b018-994cda9ed0cb,The case for change: a snapshot analysis of the Australian tax system,This snapshot analysis prepared for the Brotherhood of St. Laurence highlights key federal taxation areas requiring reform.,report,,2008,,https://www.bsl.org.au/research/publications/the-case-for-change-a-snapshot-analysis-of-the-australian-tax-system/,John Freebairn|Rosanna Scutella,,http://library.bsl.org.au/showitem.php?handle=1/6158,,
2dcb7b8e-71ad-4c9a-b018-994cda9ed0cb,"Connecting with Frankston families: examining service use for families in Frankston North, Karingal and Carrum Downs","This report explores ways to strengthen the provision of services to ‘hard to reach’ families in Frankston North, Karingal and Carrum Downs, suburbs on Melbourne’s outer metropolitan fringe.",report,,2008,,https://www.bsl.org.au/research/publications/connecting-with-frankston-families-examining-service-use-for-families-in-frankston-north-karingal-and-carrum-downs/,Carmelita Davies|Nicole Oke,,http://library.bsl.org.au/showitem.php?handle=1/6124,,
2dcb7b8e-71ad-4c9a-b018-994cda9ed0cb,Response to Australian Government's First Home Saver Account consultation process,,report,2008-03-01,,,http://library.bsl.org.au/showitem.php?handle=1/5886,,,http://library.bsl.org.au/showitem.php?handle=1/5886,,
2dcb7b8e-71ad-4c9a-b018-994cda9ed0cb,Sustainable outcomes for disadvantaged job seekers: submission to the Australian Government on the future of employment assistance,,report,2008-02-01,,,http://library.bsl.org.au/showitem.php?handle=1/945,,,http://library.bsl.org.au/showitem.php?handle=1/945,,
2dcb7b8e-71ad-4c9a-b018-994cda9ed0cb,Life chances at 16: Life Chances Study stage 8,"Stage 8 of the longitudinal Life Chances Study explored the situations of 125 young Australians (75 girls and 50 boys) from diverse backgrounds, their current engagement with school and work and their future plans at the age of 16.",report,,2008,,https://www.bsl.org.au/research/publications/life-chances-at-16-life-chances-study-stage-8/,Janet Taylor|Lucy Nelms,,http://library.bsl.org.au/showitem.php?handle=1/6190,,
2dcb7b8e-71ad-4c9a-b018-994cda9ed0cb,Towards new indicators of disadvantage: deprivation and social exclusion,This is the final report from stage 2 of a major project assisted by an Australian Research Council Linkage grant.,report,,2007,,https://www.bsl.org.au/research/publications/towards-new-indicators-of-disadvantage-deprivation-and-social-exclusion/,"Peter Saunders, Yuvisthi Naidoo|Megan Griffiths (SPRC); with Peter Davidson, Anne Hampshire, Janet Taylor, John Bellamy|Sue King",,http://library.bsl.org.au/showitem.php?handle=1/6119,,
2dcb7b8e-71ad-4c9a-b018-994cda9ed0cb,Ethical threads: corporate social responsibility in the Australian garment industry,"This research is the first comprehensive investigation of the Australian garment sector’s attitude to, and knowledge of, corporate responsibility in relation to labour rights.",report,,2007,,https://www.bsl.org.au/research/publications/ethical-threads-corporate-social-responsibility-in-the-australian-garment-industry/,Emer Diviney|Serena Lillywhite,,http://library.bsl.org.au/showitem.php?handle=1/6204,,
2dcb7b8e-71ad-4c9a-b018-994cda9ed0cb,Investing in people: Intermediate Labour Markets as pathways to employment,"Getting the long-term jobless into mainstream employment is a major challenge for Australian governments, especially in areas of concentrated disadvantage.",report,,2007,,https://www.bsl.org.au/research/publications/investing-in-people-intermediate-labour-markets-as-pathways-to-employment/,Kemran Mestan|Rosanna Scutella with the Allen Consulting Group,,http://library.bsl.org.au/showitem.php?handle=1/6135,,
2dcb7b8e-71ad-4c9a-b018-994cda9ed0cb,Making it work: promoting participation of job seekers with multiple barriers through the Personal Support Programme,"This report presents findings of an evaluation of the Personal Support Programme (PSP) by the Brotherhood of St. Laurence, Melbourne City Mission and Hanover Welfare Services.",report,,2007,,https://www.bsl.org.au/research/publications/making-it-work-promoting-participation-of-job-seekers-with-multiple-barriers-through-the-personal-support-programme/,Daniel Perkins,,http://library.bsl.org.au/showitem.php?handle=1/6001,,
2dcb7b8e-71ad-4c9a-b018-994cda9ed0cb,The Brotherhood's Social Barometer: the working years,The third Social Barometer examines how well equipped Australians of working age are for full economic and social participation in a rapidly changing world.,report,,2007,,https://www.bsl.org.au/research/publications/the-brotherhoods-social-barometer-the-working-years/,The Brotherhood of St. Laurence,,http://library.bsl.org.au/showitem.php?handle=1/6027,,
2dcb7b8e-71ad-4c9a-b018-994cda9ed0cb,The inclusive role of playgroups in Greater Dandenong,"This report investigates the ways in which playgroups in Greater Dandenong, a culturally diverse municipality in south-eastern Melbourne, can foster the inclusion of many community groups, and identifies barriers to playgroup attendance for parents and caregivers.",report,,2007,,https://www.bsl.org.au/research/publications/the-inclusive-role-of-playgroups-in-greater-dandenong/,"Nicole Oke, Janet Stanley|Jacqui Theobald",,http://library.bsl.org.au/showitem.php?handle=1/6118,,
2dcb7b8e-71ad-4c9a-b018-994cda9ed0cb,School engagement and life chances at 15 & 16,This four-page summary brings together key findings from stages 7 and 8 of BSL's longitudinal Life Chances Study.,report,,2008,,https://www.bsl.org.au/research/publications/school-engagement-and-life-chances-at-15-16/,Janet Taylor|Lucy Nelms,,http://library.bsl.org.au/showitem.php?handle=1/6131,,
2dcb7b8e-71ad-4c9a-b018-994cda9ed0cb,Response to Victorian Energy Efficiency Target issues paper,,report,2007-05-01,,,http://library.bsl.org.au/showitem.php?handle=1/5899,,,http://library.bsl.org.au/showitem.php?handle=1/5899,,
2dcb7b8e-71ad-4c9a-b018-994cda9ed0cb,Brotherhood of St Laurence submission re the Productivity Commission Consumer Policy Framework,,report,2007-05-01,,,http://library.bsl.org.au/showitem.php?handle=1/5905,,,http://library.bsl.org.au/showitem.php?handle=1/5905,,
2dcb7b8e-71ad-4c9a-b018-994cda9ed0cb,Joint submission to the Prime Ministerial Task Group on Emissions Trading,,report,2007-04-01,,,http://library.bsl.org.au/showitem.php?handle=1/5975,,,http://library.bsl.org.au/showitem.php?handle=1/5975,,
2dcb7b8e-71ad-4c9a-b018-994cda9ed0cb,Submission to Children's Services Regulations Review,,report,2007-04-01,,,http://library.bsl.org.au/showitem.php?handle=1/5857,,,http://library.bsl.org.au/showitem.php?handle=1/5857,,
2dcb7b8e-71ad-4c9a-b018-994cda9ed0cb,Submission to Children's Services Regulations Review from Craigieburn and Districts Family Day Care Scheme,,report,2007-04-01,,,http://library.bsl.org.au/showitem.php?handle=1/5814,,,http://library.bsl.org.au/showitem.php?handle=1/5814,,
2dcb7b8e-71ad-4c9a-b018-994cda9ed0cb,Equity in Response to Climate Change Roundtable,"This publication brings together papers and presentations from a roundtable, ‘Equity in Response to Climate Change’ that took place 26 March 2007.",report,,2007,,https://www.bsl.org.au/research/publications/equity-in-response-to-climate-change-roundtable-melbourne-26-march-2007/,The Brotherhood of St. Laurence,,http://library.bsl.org.au/showitem.php?handle=1/6058,,
2dcb7b8e-71ad-4c9a-b018-994cda9ed0cb,Social exclusion in Boroondara: stage two: identifying the issues for children who experience social exclusion in Boroondara,"This second report explores child poverty and related service needs in Boroondara, in Melbourne’s eastern suburbs, informed by local welfare agencies and some parents experiencing exclusion.",report,,2007,,https://www.bsl.org.au/research/publications/social-exclusion-in-boroondara-stage-two-identifying-the-issues-for-children-who-experience-social-exclusion-in-boroondara/,"Janet Stanley, Chi Wai Ng|Kemran Mestan",,http://library.bsl.org.au/showitem.php?handle=1/6178,,
2dcb7b8e-71ad-4c9a-b018-994cda9ed0cb,The Community Enterprise Development Initiative: learnings from work with twelve disadvantaged neighbourhoods in 2005–06,This report documents learning from the implementation of the Community Enterprise Development Initiative of the Brotherhood of St. Laurence and the Department for Victorian Communities in twelve localities in Melbourne and regional Victoria.,report,,2007,,https://www.bsl.org.au/research/publications/the-community-enterprise-development-initiative-learnings-from-work-with-twelve-disadvantaged-neighbourhoods-in-2005-06/,Lois Bedson,,http://library.bsl.org.au/showitem.php?handle=1/6139,,
2dcb7b8e-71ad-4c9a-b018-994cda9ed0cb,Rebuilding connections: creating opportunities for socially isolated older Australians,This report describes the experience of BSL's Community Care Division in the Department of Human Services’ Southern and North and West Regions of Melbourne in responding to social isolation through its Socialisation Program.,report,,2007,,https://www.bsl.org.au/research/publications/rebuilding-connections-creating-opportunities-for-socially-isolated-older-australians-evaluation-of-the-brotherhood-of-st-laurence-community-care-socialisation-program/,Michael Hillier,,http://library.bsl.org.au/showitem.php?handle=1/6187,,
2dcb7b8e-71ad-4c9a-b018-994cda9ed0cb,Outcomes for older people with chronic and complex needs: a longitudinal examination of the use of community services following an aged care assessment in Victoria,This study was undertaken by the Australian Institute for Primary Care at La Trobe University and the Brotherhood of St. Laurence.,report,,2007,,https://www.bsl.org.au/research/publications/outcomes-for-older-people-with-chronic-and-complex-needs-a-longitudinal-examination-of-the-use-of-community-services-following-an-aged-care-assessment-in-victoria/,"Karen Teshuva, Lucy Nelms, Victoria Johnson, Peter Foreman|Janet Stanley",,http://library.bsl.org.au/showitem.php?handle=1/6013,,
2dcb7b8e-71ad-4c9a-b018-994cda9ed0cb,Submission to the Australian Fair Pay Commission,,report,2006-07-01,,,http://library.bsl.org.au/showitem.php?handle=1/5862,,,http://library.bsl.org.au/showitem.php?handle=1/5862,,
2dcb7b8e-71ad-4c9a-b018-994cda9ed0cb,STEP into residential care: a training program evaluation,This report is an evaluation of the Scheme for Training and Educating People (STEP) residential care program.,report,,2006,,https://www.bsl.org.au/research/publications/step-into-residential-care-a-training-program-evaluation/,Kemran Mestan|Janet Stanley,,http://library.bsl.org.au/showitem.php?handle=1/6195,,
2dcb7b8e-71ad-4c9a-b018-994cda9ed0cb,Building pathways to local jobs for young people: City of Kingston Youth Employment Strategy,"The City of Kingston, with funding from the Department of Victorian Communities, engaged the Brotherhood of St. Laurence to explore the issues underlying high youth unemployment in the city in Melbourne's south.",report,,2006,,https://www.bsl.org.au/research/publications/building-pathways-to-local-jobs-for-young-people-city-of-kingston-youth-employment-strategy/,Eleanor Marsh|Daniel Perkins,,http://library.bsl.org.au/showitem.php?handle=1/5984,,
2dcb7b8e-71ad-4c9a-b018-994cda9ed0cb,Risk and reality: access to general insurance for people on low incomes,The authors investigated the reasons that many low-income and other excluded people are uninsured.,report,,2006,,https://www.bsl.org.au/research/publications/risk-and-reality-access-to-general-insurance-for-people-on-low-incomes/,Genevieve Sheehan|Gordon Renouf,,http://library.bsl.org.au/showitem.php?handle=1/6055,,
2dcb7b8e-71ad-4c9a-b018-994cda9ed0cb,The Brotherhood's Social Barometer: challenges facing Australian youth,This second issue of the Social Barometer examines how well equipped Australians are in successfully navigating the transition from childhood to adulthood and from school to work in a rapidly changing world.,report,,2006,,https://www.bsl.org.au/research/publications/the-brotherhoods-social-barometer-challenges-facing-australian-youth/,Martina Boese|Rosanna Scutella,,http://library.bsl.org.au/showitem.php?handle=1/6164,,
2dcb7b8e-71ad-4c9a-b018-994cda9ed0cb,Raising young children in Greater Dandenong: an initial needs study for the Communities for Children program,This small study documented the needs of families with young children in Dandenong.,report,,2006,,https://www.bsl.org.au/research/publications/raising-young-children-in-greater-dandenong-an-initial-needs-study-for-the-communities-for-children-program/,"Janet Stanley, Nina Bailey, Helen Ansems, Martina Boese|Jill Webb",,http://library.bsl.org.au/showitem.php?handle=1/6029,,
2dcb7b8e-71ad-4c9a-b018-994cda9ed0cb,"'I have had a past and I suppose I have a future, but ... ' : a report to the Aged and Community Care Team","Two researchers from Deakin University explored ageing in Melbourne, through biographical interviews with twelve older or frail people who were clients of the Brotherhood's aged and community care services.",report,,2006,,https://www.bsl.org.au/research/publications/i-have-had-a-past-and-i-suppose-i-have-a-future-but-a-report-to-the-aged-and-community-care-team-brotherhood-of-st-laurence/,Karl Nunkoosing|Kay Cook,,http://library.bsl.org.au/showitem.php?handle=1/6049,,
2dcb7b8e-71ad-4c9a-b018-994cda9ed0cb,To their credit: evaluating an experiment with personal loans for people on low incomes,This study evaluates the Brotherhood of St. Laurence and Community Sector Banking’s personal loan pilot.,report,,2006,,https://www.bsl.org.au/research/publications/to-their-credit-evaluating-an-experiment-with-personal-loans-for-people-on-low-incomes/,Rosanna Scutella|Genevieve Sheehan,,http://library.bsl.org.au/showitem.php?handle=1/6038,,
2dcb7b8e-71ad-4c9a-b018-994cda9ed0cb,Welfare reform? Following the 'work-first' way,"This paper provides a brief overview of the radical sectoral shift effected by the Australian
Government’s 2005–06 welfare-to-work reforms,",report,,2007,,https://www.bsl.org.au/research/publications/welfare-reform-following-the-work-first-way/,Terry Carney,,http://library.bsl.org.au/showitem.php?handle=1/801,,
2dcb7b8e-71ad-4c9a-b018-994cda9ed0cb,School engagement and life chances: 15 year olds in transition,"This report draws on stage 7 of BSL's longitudinal Life Chances Study, when the young people were aged 15, to explore school engagement and transition issues.",report,,2006,,https://www.bsl.org.au/research/publications/school-engagement-and-life-chances-15-year-olds-in-transition/,Janet Taylor|Lucy Nelms,,http://library.bsl.org.au/showitem.php?handle=1/6080,,
2dcb7b8e-71ad-4c9a-b018-994cda9ed0cb,Corporate social responsibility: supplementary material submitted to the Australian Government Corporations and Markets Advisory Committee,,report,2006-02-01,,,http://library.bsl.org.au/showitem.php?handle=1/5956,,,http://library.bsl.org.au/showitem.php?handle=1/5956,,
2dcb7b8e-71ad-4c9a-b018-994cda9ed0cb,Submission to the Senate Community Affairs Legislation Committee Inquiry into Employment and Workplace Relations Legislation Amendment (Welfare to Work and other measures) Bill 2005 and Family and Community Services Legislation Amendment (Welfare to Work),,report,2005-11-01,,,http://library.bsl.org.au/showitem.php?handle=1/5946,,,http://library.bsl.org.au/showitem.php?handle=1/5946,,
2dcb7b8e-71ad-4c9a-b018-994cda9ed0cb,Proposed amendments to the Workplaces Relations Amendment (Work Choices) Bill 2005,,report,2005-11-01,,,http://library.bsl.org.au/showitem.php?handle=1/5865,,,http://library.bsl.org.au/showitem.php?handle=1/5865,,
2dcb7b8e-71ad-4c9a-b018-994cda9ed0cb,Submission to the Australian National Contact Point for the OECD Guidelines for Multinational Enterprises concerning Global Solutions Limited (Australia) Pty Ltd,,report,2005-09-01,,,http://library.bsl.org.au/showitem.php?handle=1/5813,,,http://library.bsl.org.au/showitem.php?handle=1/5813,,
2dcb7b8e-71ad-4c9a-b018-994cda9ed0cb,Submission to the Consumer Credit Code review,,report,2005-09-01,,,http://library.bsl.org.au/showitem.php?handle=1/5806,,,http://library.bsl.org.au/showitem.php?handle=1/5806,,
2dcb7b8e-71ad-4c9a-b018-994cda9ed0cb,Comments on the Exposure Draft of Employment and Related Services,,report,2005-09-01,,,http://library.bsl.org.au/showitem.php?handle=1/5903,,,http://library.bsl.org.au/showitem.php?handle=1/5903,,
2dcb7b8e-71ad-4c9a-b018-994cda9ed0cb,The Brotherhood's Social Barometer: monitoring children's chances,"In this first issue of the Social Barometer series, the Brotherhood of St. Laurence seeks to add to the literature highlighting the disadvantages facing some of Australia’s children.",report,,2005,,https://www.bsl.org.au/research/publications/the-brotherhoods-social-barometer-monitoring-childrens-chances/,Rosanna Scutella|Paul Smyth,,http://library.bsl.org.au/showitem.php?handle=1/6096,,
2dcb7b8e-71ad-4c9a-b018-994cda9ed0cb,A positive influence: equipping parents to support young people's career transitions,This is the final evaluation of PACTS (Parents As Career Transition Supports).,report,,2006,,https://www.bsl.org.au/research/publications/a-positive-influence-equipping-parents-to-support-young-peoples-career-transitions/,Lois Bedson|Daniel Perkins,,http://library.bsl.org.au/showitem.php?handle=1/6082,,
2dcb7b8e-71ad-4c9a-b018-994cda9ed0cb,Innovative community responses in overcoming barriers to unemployment,"This report, prepared for the Department of Victorian Communities, comprises four case studies on local innovative approaches to employment support in disadvantaged communities.",report,,2005,,https://www.bsl.org.au/research/publications/innovative-community-responses-in-overcoming-barriers-to-unemployment/,Stephen Ziguras|Jacinda Kleidon,,http://library.bsl.org.au/showitem.php?handle=1/6068,,
2dcb7b8e-71ad-4c9a-b018-994cda9ed0cb,Spiritual care and spiritual poverty in aged care: an investigation into current models of spiritual care in high and low care residential aged care facilities and implications,"This report identifies current models and practices of spiritual care in a range of high and low-care aged care settings in Melbourne, and considers the implications for best practice in intentional, integrated and holistic spiritual care.",report,,2005,,https://www.bsl.org.au/research/publications/spiritual-care-and-spiritual-poverty-in-aged-care-an-investigation-into-current-models-of-spiritual-care-in-high-and-low-care-residential-aged-care-facilities-and-implications/,Joanne Hall|Pia Sim,,http://library.bsl.org.au/showitem.php?handle=1/6035,,
2dcb7b8e-71ad-4c9a-b018-994cda9ed0cb,Corporate responsibility and triple bottom line reporting: submission to the Parliamentary Joint Committee on Corporations and Financial Services,,report,2005-09-01,,,http://library.bsl.org.au/showitem.php?handle=1/5904,,,http://library.bsl.org.au/showitem.php?handle=1/5904,,
2dcb7b8e-71ad-4c9a-b018-994cda9ed0cb,Submission to the Senate Legal and Constitutional Committee's Inquiry into the administration and operation of the Migration Act 1958,,report,2005-09-01,,,http://library.bsl.org.au/showitem.php?handle=1/5966,,,http://library.bsl.org.au/showitem.php?handle=1/5966,,
2dcb7b8e-71ad-4c9a-b018-994cda9ed0cb,Submission to the Productivity Commission on the health workforce,,report,2005-07-01,,,http://library.bsl.org.au/showitem.php?handle=1/5978,,,http://library.bsl.org.au/showitem.php?handle=1/5978,,
2dcb7b8e-71ad-4c9a-b018-994cda9ed0cb,"Submission to the Inquiry into skills recognition, upgrading and licensing (Joint Committee on Migration)",,report,2005-06-01,,,http://library.bsl.org.au/showitem.php?handle=1/5874,,,http://library.bsl.org.au/showitem.php?handle=1/5874,,
2dcb7b8e-71ad-4c9a-b018-994cda9ed0cb,Education and social inclusion: submission to the Victorian Government's Review of Education and Training Legislation,,report,2005-05-01,,,http://library.bsl.org.au/showitem.php?handle=1/5864,,,http://library.bsl.org.au/showitem.php?handle=1/5864,,
2dcb7b8e-71ad-4c9a-b018-994cda9ed0cb,Submission to Senate Select Committee on Mental Health,,report,2005-04-01,,,http://library.bsl.org.au/showitem.php?handle=1/5885,,,http://library.bsl.org.au/showitem.php?handle=1/5885,,
2dcb7b8e-71ad-4c9a-b018-994cda9ed0cb,Social exclusion in Boroondara,"This study attempts to quantify the problem of children growing up in poverty in Boroondara, a local government area in Melbourne’s eastern suburbs.",report,,2005,,https://www.bsl.org.au/research/publications/social-exclusion-in-boroondara/,"Janet Stanley, Cassandra Eadie|Carole Baker",,http://library.bsl.org.au/showitem.php?handle=1/6160,,
2dcb7b8e-71ad-4c9a-b018-994cda9ed0cb,Personal Support Programme evaluation: interim report,The aim of this study is to evaluate how well the Personal Support Programme (PSP) enables people with multiple non-vocational barriers to achieve economic and/or social outcomes.,report,,2005,,https://www.bsl.org.au/research/publications/personal-support-programme-evaluation-interim-report/,Daniel Perkins,,http://library.bsl.org.au/showitem.php?handle=1/6197,,
2dcb7b8e-71ad-4c9a-b018-994cda9ed0cb,Social exclusion among older people: a preliminary study from inner city Melbourne,The authors interviewed twelve BSL clients in three small focus groups in order to identify themes for further investigation of the nature and dimensions of social exclusion affecting older Australians.,report,,2005,,https://www.bsl.org.au/research/publications/social-exclusion-among-older-people-a-preliminary-study-from-inner-city-melbourne/,Catherine Waterhouse|Philippa Angley,,http://library.bsl.org.au/showitem.php?handle=1/6137,,
2dcb7b8e-71ad-4c9a-b018-994cda9ed0cb,Job Network frontline staff survey: preliminary findings,Jobs Australia and the Brotherhood of St. Laurence commissioned AC Nielsen to undertake a survey of frontline staff working in the Job Network in order to gather information about the current operation of the Job Network system.,report,,2005,,https://www.bsl.org.au/research/publications/job-network-frontline-staff-survey-preliminary-findings/,The Brotherhood of St. Laurence,,http://library.bsl.org.au/showitem.php?handle=1/6034,,
2dcb7b8e-71ad-4c9a-b018-994cda9ed0cb,Submission to Human Rights and Equal Opportunity Commission National Inquiry into Employment and Disability,,report,2005-04-01,,,http://library.bsl.org.au/showitem.php?handle=1/5859,,,http://library.bsl.org.au/showitem.php?handle=1/5859,,
2dcb7b8e-71ad-4c9a-b018-994cda9ed0cb,Response to DEWR discussion paper on Disability Open Employment services,,report,2005-02-01,,,http://library.bsl.org.au/showitem.php?handle=1/5919,,,http://library.bsl.org.au/showitem.php?handle=1/5919,,
2dcb7b8e-71ad-4c9a-b018-994cda9ed0cb,Economic implications for an ageing Australia: submission to the Productivity Commission,,report,2004-09-01,,,http://library.bsl.org.au/showitem.php?handle=1/5898,,,http://library.bsl.org.au/showitem.php?handle=1/5898,,
2dcb7b8e-71ad-4c9a-b018-994cda9ed0cb,Who's going to care? Informal care and an ageing population,"The Brotherhood of St. Laurence and The Myer Foundation supported this research into the future demand and supply of informal care for older Australians, prepared for Carers Australia by NATSEM, University of Canberra.",report,,2004,,https://www.bsl.org.au/research/publications/whos-going-to-care-informal-care-and-an-ageing-population/,"Richard Percival|Simon Kelly, NATSEM",,http://library.bsl.org.au/showitem.php?handle=1/6028,,
2dcb7b8e-71ad-4c9a-b018-994cda9ed0cb,Rent Deduction Service: evaluation of March 2003 changes,BSL undertook an evaluation for the Office of Housing analysing changes made in March 2003 to better support public housing tenants with complex needs and people who were struggling to pay their rent.,report,,2005,,https://www.bsl.org.au/research/publications/rent-deduction-service-evaluation-of-march-2003-changes/,Sue Humphries|Sally Jope,,http://library.bsl.org.au/showitem.php?handle=1/6044,,
2dcb7b8e-71ad-4c9a-b018-994cda9ed0cb,A social agenda for equity and efficiency,"This working paper suggests that social reformers might need to reframe and repackage their policies
in such a way as to alleviate the concerns about economic costs and welfare dependency.",report,,2004,,https://www.bsl.org.au/research/publications/a-social-agenda-for-equity-and-efficiency/,Fred Argy,,http://library.bsl.org.au/showitem.php?handle=1/568,,
2dcb7b8e-71ad-4c9a-b018-994cda9ed0cb,Refugees and the labour market: looking for cost-effective models of assistance,"While Commonwealth-funded settlement services for refugees stop short of employment assistance, mainstream employment programs are generally not equipped to address the particular and complex needs of refugees.",report,,2004,,https://www.bsl.org.au/research/publications/refugees-and-the-labour-market-looking-for-cost-effective-models-of-assistance/,"Louise Kyle, Fiona Macdonald, James Doughney|Joanne Pyke",,http://library.bsl.org.au/showitem.php?handle=1/6121,,
2dcb7b8e-71ad-4c9a-b018-994cda9ed0cb,Refugees and regional settlement: balancing priorities,"This report presents the findings of an exploratory study of the settlement experiences of two recent refugee groups (Iraqi and Sudanese) in regional Victoria (Shepparton, Colac and Warrnambool) and the factors that promote successful settlement.",report,,2005,,https://www.bsl.org.au/research/publications/refugees-and-regional-settlement-balancing-priorities/,Janet Taylor|Dayane Stanovic,,http://library.bsl.org.au/showitem.php?handle=1/6166,,
2dcb7b8e-71ad-4c9a-b018-994cda9ed0cb,Supporting young people’s career transition choices: the role of parents – interim evaluation,"This is the interim report of an evaluation of BSL's Parents As Career Transition Supports (PACTS) project, a DEST-funded pilot project running in schools on the Mornington Peninsula.",report,,2005,,https://www.bsl.org.au/research/publications/supporting-young-peoples-career-transition-choices-the-role-of-parents-interim-evaluation/,Daniel Perkins|Carol Peterson,,http://library.bsl.org.au/showitem.php?handle=1/6125,,
2dcb7b8e-71ad-4c9a-b018-994cda9ed0cb,Helping local people get jobs: insights from the Brotherhood of St. Laurence experience in Fitzroy and Collingwood,This report briefly describes the Brotherhood of St. Laurence’s work to assist long-term unemployed residents of two inner city housing estates to gain employment.,report,,2004,,https://www.bsl.org.au/research/publications/helping-local-people-get-jobs-insights-from-the-brotherhood-of-st-laurence-experience-in-fitzroy-and-collingwood/,"Pam Temby, George Housakos|Stephen Ziguras",,http://library.bsl.org.au/showitem.php?handle=1/6089,,
2dcb7b8e-71ad-4c9a-b018-994cda9ed0cb,Response to Community Development Finance - a discussion paper,,report,2004-07-01,,,http://library.bsl.org.au/showitem.php?handle=1/5887,,,http://library.bsl.org.au/showitem.php?handle=1/5887,,
2dcb7b8e-71ad-4c9a-b018-994cda9ed0cb,"Response to Australian consumers and money, a discussion paper by the Consumer and Financial Literacy Taskforce",,report,2004-07-01,,,http://library.bsl.org.au/showitem.php?handle=1/5941,,,http://library.bsl.org.au/showitem.php?handle=1/5941,,
2dcb7b8e-71ad-4c9a-b018-994cda9ed0cb,2004 federal election: Brotherhood of St Laurence call to the parties,,report,2004-07-01,,,http://library.bsl.org.au/showitem.php?handle=1/5963,,,http://library.bsl.org.au/showitem.php?handle=1/5963,,
2dcb7b8e-71ad-4c9a-b018-994cda9ed0cb,"Submission to the Senate Employment, Workplace Relations and Education References Committee Inquiry into student income support",,report,2004-06-01,,,http://library.bsl.org.au/showitem.php?handle=1/5821,,,http://library.bsl.org.au/showitem.php?handle=1/5821,,
2dcb7b8e-71ad-4c9a-b018-994cda9ed0cb,Joint submission to the Essential Services Commission Review of the effectiveness of retail competition in gas and electricity (with Fitzroy and Carlton Community Credit Cooperative),,report,2004-04-01,,,http://library.bsl.org.au/showitem.php?handle=1/5911,,,http://library.bsl.org.au/showitem.php?handle=1/5911,,
2dcb7b8e-71ad-4c9a-b018-994cda9ed0cb,Submission to the OECD Steering Committee on draft Corporate Governance Principles,,report,2004-02-01,,,http://library.bsl.org.au/showitem.php?handle=1/5856,,,http://library.bsl.org.au/showitem.php?handle=1/5856,,
2dcb7b8e-71ad-4c9a-b018-994cda9ed0cb,Submission in response to Productivity Commission First Home Ownershop Discussion Draft,,report,2004-02-01,,,http://library.bsl.org.au/showitem.php?handle=1/5925,,,http://library.bsl.org.au/showitem.php?handle=1/5925,,
2dcb7b8e-71ad-4c9a-b018-994cda9ed0cb,Early days much promise: an evaluation of the Home Instruction Program for Parents of Preschool Youngsters (HIPPY) in Australia,"This paper reports the evaluation of a program designed to improve children’s educational attainment and self-esteem in the early years of school, by equipping and supporting parents to undertake lessons with their four and five-year-old children at home.",report,,2003,,https://www.bsl.org.au/research/publications/early-days-much-promise-an-evaluation-of-the-home-instruction-program-for-parents-of-preschool-youngsters-hippy-in-australia/,Tim Gilley,,http://library.bsl.org.au/showitem.php?handle=1/6188,,
2dcb7b8e-71ad-4c9a-b018-994cda9ed0cb,Better housing futures: stimulating private investment in affordable housing,This report prepared for the Affordable Housing Forum documents an investigation of policy options to finance an increased supply of affordable rental housing.,report,,2004,,https://www.bsl.org.au/research/publications/better-housing-futures-stimulating-private-investment-in-affordable-housing/,The Allen Consulting Group,,http://library.bsl.org.au/showitem.php?handle=1/6031,,
2dcb7b8e-71ad-4c9a-b018-994cda9ed0cb,Changing Pressures: 'Seeing clearly',This bulletin identifies factors which affect access to appropriate eyecare services by low-income Victorians.,report,,2004,,https://www.bsl.org.au/research/publications/changing-pressures-no-13-seeing-clearly/,The Brotherhood of St. Laurence,,http://library.bsl.org.au/showitem.php?handle=1/6032,,
2dcb7b8e-71ad-4c9a-b018-994cda9ed0cb,Submission to the Productivity Commission Inquiry into First Home Ownership,,report,2003-11-01,,,http://library.bsl.org.au/showitem.php?handle=1/5853,,,http://library.bsl.org.au/showitem.php?handle=1/5853,,
2dcb7b8e-71ad-4c9a-b018-994cda9ed0cb,"Submission to the Commonwealth Task Force on Child Development, Health and Wellbeing",,report,2003-09-01,,,http://library.bsl.org.au/jspui/handle/1/5977,,,http://library.bsl.org.au/jspui/handle/1/5977,,
2dcb7b8e-71ad-4c9a-b018-994cda9ed0cb,Submission to the Standing Committee on Employment and Workplace Relations Inquiry into Employment: increasing participation in paid work,,report,2003-08-01,,,http://library.bsl.org.au/showitem.php?handle=1/5936,,,http://library.bsl.org.au/showitem.php?handle=1/5936,,
2dcb7b8e-71ad-4c9a-b018-994cda9ed0cb,"Submission to the Working Age Task Force, in response to the discussion paper: ‘Building a simpler system to help jobless families and individuals’",,report,2003-06-01,,,http://library.bsl.org.au/showitem.php?handle=1/5976,,,http://library.bsl.org.au/showitem.php?handle=1/5976,,
2dcb7b8e-71ad-4c9a-b018-994cda9ed0cb,Submission to the Senate Inquiry into Poverty and Financial Hardship in Australia,,report,2003-03-01,,,http://library.bsl.org.au/showitem.php?handle=1/5810,,,http://library.bsl.org.au/showitem.php?handle=1/5810,,
2dcb7b8e-71ad-4c9a-b018-994cda9ed0cb,Preparing for what? The administration of Youth Allowance Activity Agreements for young job seekers,"This report presents findings from interviews with young job seekers, Centrelink officers and youth workers, and from the examination of Preparing for Work Agreements",report,,2003,,https://www.bsl.org.au/research/publications/preparing-for-what-the-administration-of-youth-allowance-activity-agreements-for-young-job-seekers/,Sally Jope|Rosie Beaumont,,http://library.bsl.org.au/showitem.php?handle=1/6143,,
2dcb7b8e-71ad-4c9a-b018-994cda9ed0cb,Eleven plus: life chances and family income,"This report from BSL's longitudinal Life Chances Study of children born in 1990 explores family change, current issues including schooling, and the children’s own perspectives on their lives at 11 and 12 years of age.",report,,2003,,https://www.bsl.org.au/research/publications/eleven-plus-life-chances-and-family-income/,Janet Taylor|Alex Fraser,,http://library.bsl.org.au/showitem.php?handle=1/6059,,
2dcb7b8e-71ad-4c9a-b018-994cda9ed0cb,Turning values into action: developing a Code of Ethical Behaviour,"This report describes the process undertaken to develop a Code of Ethical Behaviour at the Brotherhood of St. Laurence, as a means to improve corporate social responsibility.",report,,2003,,https://www.bsl.org.au/research/publications/turning-values-into-action-developing-a-code-of-ethical-behaviour/,Sonya Holm|Serena Lillywhite,,http://library.bsl.org.au/showitem.php?handle=1/6174,,
2dcb7b8e-71ad-4c9a-b018-994cda9ed0cb,"Values, unemployment and public policy: the need for a new direction","This BSL discussion paper examines the change in values informing public policy in Australia over the last 25 years, and its negative impact on society.",report,,2003,,https://www.bsl.org.au/research/publications/values-unemployment-and-public-policy-the-need-for-a-new-direction/,Daniel Perkins|Philippa Angley,,http://library.bsl.org.au/showitem.php?handle=1/6018,,
2dcb7b8e-71ad-4c9a-b018-994cda9ed0cb,What value independence? Is it a barrier to HACC services for financially disadvantaged older people?,"This Brotherhood of St. Laurence report addresses the question of how people’s views about independence affect the use of community care services such as home care, personal care and delivered meals.",report,,2003,,https://www.bsl.org.au/research/publications/what-value-independence-is-it-a-barrier-to-hacc-services-for-financially-disadvantaged-older-people/,The Brotherhood of St. Laurence,,http://library.bsl.org.au/showitem.php?handle=1/6210,,
2dcb7b8e-71ad-4c9a-b018-994cda9ed0cb,Submission to the Senate Community Affairs Reference Committee Inquiry into Participation Requirements and Penalties,,report,2002-07-01,,,http://library.bsl.org.au/showitem.php?handle=1/5840,,,http://library.bsl.org.au/showitem.php?handle=1/5840,,
2dcb7b8e-71ad-4c9a-b018-994cda9ed0cb,Developing dialogues about poverty in Australia: key findings,This reports the findings of the second stage of the Understanding Poverty project.,report,,2002,,https://www.bsl.org.au/research/publications/developing-dialogues-about-poverty-in-australia-key-findings/,Sally Jope,,http://library.bsl.org.au/showitem.php?handle=1/6199,,
2dcb7b8e-71ad-4c9a-b018-994cda9ed0cb,Doing business responsibly: perceptions of ethical practice and governance of Australasia’s top 100 companies,In 2002 the Brotherhood of St. Laurence was invited to participate as a research group investigating the category of Ethics and Corporate Governance for the Good Reputation Index which ranks the top 100 corporations operating in Australia.,report,,2002,,https://www.bsl.org.au/research/publications/doing-business-responsibly-perceptions-of-ethical-practice-and-governance-of-australasias-top-100-companies/,Sonya Holm|Serena Lillywhite,,http://library.bsl.org.au/showitem.php?handle=1/5983,,
2dcb7b8e-71ad-4c9a-b018-994cda9ed0cb,Poverty in Australia: developing community dialogue,"This small-scale study explored, through a number of focus groups, community understandings of poverty and people’s responses to various statements about poverty.",report,,2002,,https://www.bsl.org.au/research/publications/poverty-in-australia-developing-community-dialogue-report-of-a-qualitative-study/,Jeanette Johnson,,http://library.bsl.org.au/showitem.php?handle=1/6045,,
2dcb7b8e-71ad-4c9a-b018-994cda9ed0cb,The community expects ... : Public opinion about breach penalties for unemployed people,Unemployed people who fail to comply with their activity test requirements are penalised by having their benefits reduced.,report,,2002,,https://www.bsl.org.au/research/publications/the-community-expects-public-opinion-about-breach-penalties-for-unemployed-people/,Stephen Ziguras|Charne Flowers,,http://library.bsl.org.au/showitem.php?handle=1/6116,,
2dcb7b8e-71ad-4c9a-b018-994cda9ed0cb,Values and civic behaviour in Australia,"This report draws together the findings from a background paper, in-depth interviews and focus group discussions.",report,,2002,,https://www.bsl.org.au/research/publications/values-and-civic-behaviour-in-australia-project-report/,Charne Flowers,,http://library.bsl.org.au/showitem.php?handle=1/6108,,
2dcb7b8e-71ad-4c9a-b018-994cda9ed0cb,"The early years: Consultation with providers of early childhood services in the Melbourne municipalities of Yarra, Hume and Moreland","This document reports on Phase Two of the Early Years Project, undertaken by the Brotherhood of St. Laurence in conjunction with the Centre for Community Child Health.",report,,2002,,https://www.bsl.org.au/research/publications/the-early-years-consultation-with-providers-of-early-childhood-services-in-the-melbourne-municipalities-of-yarra-hume-and-moreland/,Rosemary Rogers|Jenny Martin,,http://library.bsl.org.au/showitem.php?handle=1/6075,,
2dcb7b8e-71ad-4c9a-b018-994cda9ed0cb,Changing faces in Craigieburn and Roxburgh Park,"Presents information from a consultation with members of the local community living in Craigieburn and Roxburgh Park, on Melbourne's northern metropolitan fringe.",report,,2002,,https://www.bsl.org.au/research/publications/changing-faces-in-craigieburn-and-roxburgh-park/,"Linda Kelly, Meredith Levi|Helen Denney",,http://library.bsl.org.au/showitem.php?handle=1/6085,,
2dcb7b8e-71ad-4c9a-b018-994cda9ed0cb,Who will care? The recruitment and retention of community care (aged and disability) workers,This report explores the challenge of recruiting staff to meet the needs of increasing numbers of frail older people and people with a disability who wish to remain living at home.,report,,2002,,https://www.bsl.org.au/research/publications/who-will-care-the-recruitment-and-retention-of-community-care-aged-and-disability-workers/,Philippa Angley|Belinda Newman,,http://library.bsl.org.au/showitem.php?handle=1/6147,,
2dcb7b8e-71ad-4c9a-b018-994cda9ed0cb,Much obliged: disadvantaged job seekers' experiences of the mutual obligation regime,"A joint research project conducted by the Brotherhood of St. Laurence, the St. Vincent de Paul Society and the Centre for Public Policy, University of Melbourne, which reveals that some Centrelink requirements actually hinder people, especially those facing multiple barriers, from finding work.",report,,2003,,https://www.bsl.org.au/research/publications/much-obliged-disadvantaged-job-seekers-experiences-of-the-mutual-obligation-regime/,"Stephen Ziguras, Gavin Dufty|Mark Considine",,http://library.bsl.org.au/showitem.php?handle=1/6152,,
2dcb7b8e-71ad-4c9a-b018-994cda9ed0cb,Submission to the Victorian Government on the 2002-2003 State Budget,,report,2001-12-01,,,http://library.bsl.org.au/showitem.php?handle=1/5933,,,http://library.bsl.org.au/showitem.php?handle=1/5933,,
2dcb7b8e-71ad-4c9a-b018-994cda9ed0cb,Submission to the Independent Review of Breaches and Penalties in the Social Security System,,report,2001-11-01,,,http://library.bsl.org.au/showitem.php?handle=1/5849,,,http://library.bsl.org.au/showitem.php?handle=1/5849,,
2dcb7b8e-71ad-4c9a-b018-994cda9ed0cb,Submission to the Centrelink Rules Simplification Taskforce,,report,2001-05-01,,,http://library.bsl.org.au/showitem.php?handle=1/5920,,,http://library.bsl.org.au/showitem.php?handle=1/5920,,
2dcb7b8e-71ad-4c9a-b018-994cda9ed0cb,Submission to the Commonwealth Advisory Committee on Homelessness,,report,2001-05-01,,,http://library.bsl.org.au/showitem.php?handle=1/5902,,,http://library.bsl.org.au/showitem.php?handle=1/5902,,
2dcb7b8e-71ad-4c9a-b018-994cda9ed0cb,Submission to the Ministerial Review of Preschool Services in Victoria,,report,2000-12-01,,,http://library.bsl.org.au/showitem.php?handle=1/5877,,,http://library.bsl.org.au/showitem.php?handle=1/5877,,
2dcb7b8e-71ad-4c9a-b018-994cda9ed0cb,BSL submission to House of Representatives Standing Committee on Family and Community Affairs Inquiry into Substance Abuse,,report,2000-06-01,,,http://library.bsl.org.au/showitem.php?handle=1/5938,,,http://library.bsl.org.au/showitem.php?handle=1/5938,,
2dcb7b8e-71ad-4c9a-b018-994cda9ed0cb,A background submission to the Reference Group on Welfare Reform,,report,2000-01-01,,,http://library.bsl.org.au/showitem.php?handle=1/5970,,,http://library.bsl.org.au/showitem.php?handle=1/5970,,
2dcb7b8e-71ad-4c9a-b018-994cda9ed0cb,A safety net that helps build fulfilling lives,,report,2000-01-01,,,http://library.bsl.org.au/showitem.php?handle=1/5816,,,http://library.bsl.org.au/showitem.php?handle=1/5816,,
2dcb7b8e-71ad-4c9a-b018-994cda9ed0cb,It's the simple things that matter: an evaluation of the Banksia host-home respite program,This report describes an evaluation of an innovative respite program for elderly people with dementia and their carers.,report,,2001,,https://www.bsl.org.au/research/publications/its-the-simple-things-that-matter-an-evaluation-of-the-banksia-host-home-respite-program/,Sonia Holm|Stephen Ziguras,,http://library.bsl.org.au/showitem.php?handle=1/6214,,
