artifact__title,artifact__title_english,artifact__summary,artifact__identifier,artifact__type,artifact__type_label,artifact__date_published,artifact__date_published_year,artifact__date_circa,artifact__uri,artifact__img,artifact__doi,artifact__publication_place,artifact__publisher,artifact__rights,artifact__rights_holder,artifact__rights_uri,artifact__tags,artifact__copyright,artifact__props__Example_Label,artifact__hidden_props__Example_Label,artifact__related_urls,artifact__isbn_online,artifact__isbn_print,artifact__issn_online,artifact__issn_print,artifact__series,artifact__people,artifact__people__author,artifact__people__editor,artifact__access_type,artifact__access_orgs,artifact__search_props__Example_Label,artifact__country,artifact__high_res_thumbnail,artifact__royalty_to_id,artifact__readable,collection__uuid,file__content_type,file__name,file__media_type,file__uuid,file__url,file__language,file__fulltext_s3_url,file__fulltext_paginated_s3_url,file__toc,file__viewer_settings,file__size,file__pages,file__key_terms,file__file_hash
State of Practice: The Evolution of Security Risk Management in the Humanitarian Space,,"As a subject of humanitarian policy and practice, security risk management (SRM) has been an active and growing – yet largely understudied – area of operations. Only a small number of comprehensive, sector-wide analyses of SRM have been published over the past two decades, and none of them are recent enough to cover the significant developments of the past several years.To address this gap, Humanitarian Outcomes, Global Interagency Security Forum (GISF), and Humanitarian Practice Network (HPN) partnered to conduct a global review of SRM in the humanitarian space, under a project funded by USAID’s Bureau for Humanitarian Assistance (BHA). This report, co-authored by Humanitarian Outcomes and GISF, is the first output of this research programme, which will also inform a newly revised edition of the HPN publication Good Practice Review: Operational Security Management in Violent Environments, last updated in 2010.This study sets out to assess the current state of practice in humanitarian SRM, and whether it is fit for purpose in the changing landscape of humanitarian crises. It documents recent developments, challenges and gaps, and highlights good and promising practices.The report aims to be useful for a broad audience of humanitarian practitioners and policymakers, as well as for humanitarian SRM professionals, many of whom provided the evidence and insights used for the analysis.The findings in the report are based on a mix of qualitative and quantitative methods, including key informant interviews, context-based research, survey data, and a review of relevant literature. These evidence components were augmented by data on aid worker violence, conflicts, and humanitarian sector funding and personnel.",,report,,2024-02-01,,,https://humanitarianoutcomes.org/security_risk_mgmt_humanitarian_space_2024,,,,,,,,,,,,,,,,,,,Abby Stoddard|Adelicia Fairbanks|Monica Czwarno|Meriah-Jo Breckenridge|Mariana Duque-Diez|Lisa Reilly|Heather Hughes,,,,,,,,,1fe251a4-ed86-40b0-be14-ca863ee1d841,,,,,https://humanitarianoutcomes.org/sites/default/files/publications/state-_of-_practice-_the_evolution_of_srm_02_24.pdf,en,,,,,,,,
Somali Capacities to Respond to Crisis are Changing,,"Somalia’s most recent humanitarian crisis (2022–23) was severe, with an unprecedented series of failed rainy seasons leading to widespread suffering and significant excess mortality. The drivers of the near-famine – drought, conflict, and fragile governance – were largely similar to previous crises in 2011 and 2017; but Somali society is much changed, and the crisis was less devastating than initially feared. Although the humanitarian response started slowly, it grew in scale, with humanitarian aid contributions reaching over US$2.2 billion in 2022 and played an important role in addressing humanitarian needs. But the international response was only part of the story.Somali capacities to respond to crisis were also vital – and yet they remain poorly understood. Somalia is often seen from the outside as a failed state, home of terrorists and pirates, chronically corrupt, and prone to famine and crisis. But in the decade since the 2011 famine, Somali capacities to respond to crisis have grown, and international aid needs to support those capacities more effectively. This review, which encompassed 118 interviews with local and international aid actors, government, business people, and academics as well as Somali citizens from different backgrounds – and together with a phone survey with 760 respondents – focused on the resilience capacities of the country’s citizens and systems, and how the humanitarian system has engaged with these. The review is not intended to be an evaluation of the 2022–23 humanitarian response. Rather, it attempts to offer a forward-looking perspective on how humanitarian aid might better engage with the changing Somali context to do better and cause less harm in the face of accelerating climate change and ongoing conflict.",,report,,2023-10-01,,,https://humanitarianoutcomes.org/publications/somali-capacities-respond-crisis-are-changing,,,,,,,,,,,,,,,,,,,Peter Hailey|Irina Mosel|Daniel Maxwell|Nisar Majid|Khaliif Cabdullaahi|Gudad Aden|Shamsa Hasan|Partha Moman|Patricia Sampedro|Nancy Balfour,,,,,,,,,1fe251a4-ed86-40b0-be14-ca863ee1d841,,,,,https://humanitarianoutcomes.org/sites/default/files/publications/ho_ukhih_somalia_1023_2.pdf,en,,,,,,,,
Somali Capacities to Respond to Crisis are Changing,,"Somalia’s most recent humanitarian crisis (2022–23) was severe, with an unprecedented series of failed rainy seasons leading to widespread suffering and significant excess mortality. The drivers of the near-famine – drought, conflict, and fragile governance – were largely similar to previous crises in 2011 and 2017; but Somali society is much changed, and the crisis was less devastating than initially feared. Although the humanitarian response started slowly, it grew in scale, with humanitarian aid contributions reaching over US$2.2 billion in 2022 and played an important role in addressing humanitarian needs. But the international response was only part of the story.Somali capacities to respond to crisis were also vital – and yet they remain poorly understood. Somalia is often seen from the outside as a failed state, home of terrorists and pirates, chronically corrupt, and prone to famine and crisis. But in the decade since the 2011 famine, Somali capacities to respond to crisis have grown, and international aid needs to support those capacities more effectively. This review, which encompassed 118 interviews with local and international aid actors, government, business people, and academics as well as Somali citizens from different backgrounds – and together with a phone survey with 760 respondents – focused on the resilience capacities of the country’s citizens and systems, and how the humanitarian system has engaged with these. The review is not intended to be an evaluation of the 2022–23 humanitarian response. Rather, it attempts to offer a forward-looking perspective on how humanitarian aid might better engage with the changing Somali context to do better and cause less harm in the face of accelerating climate change and ongoing conflict.",,report,,2023-10-01,,,https://humanitarianoutcomes.org/publications/somali-capacities-respond-crisis-are-changing,,,,,,,,,,,,,,,,,,,Peter Hailey|Irina Mosel|Daniel Maxwell|Nisar Majid|Khaliif Cabdullaahi|Gudad Aden|Shamsa Hasan|Partha Moman|Patricia Sampedro|Nancy Balfour,,,,,,,,,1fe251a4-ed86-40b0-be14-ca863ee1d841,,,,,https://humanitarianoutcomes.org/sites/default/files/publications/ho-ukhih_somalia-summary_somali_0124.pdf,so,,,,,,,,
Running in Place: Security risk management in humanitarian operations,,"Humanitarian aid workers are more likely to die from violence than any other job-related cause. Last year was especially brutal, with upwards of 260 aid workers killed — more than double the average of the prior three years.Beginning in the late 1990s, aid organisations have been awake to the serious security risks inherent in their work, and have made steady progress in developing systems, tools, and approaches to mitigate them — a body of practice known as security risk management (SRM). As SRM has spread across the humanitarian sector, it has incrementally become more sophisticated and institutionalised within organisations, for the purpose of enabling operations in high-risk areas. At its best, SRM is inseparable from programming, used as both a support and a means to achieve aid objectives., conducted by Humanitarian Outcomes and the (GISF), takes stock of SRM as it is currently practiced in humanitarian responses. The research project, funded by USAID’s Bureau for Humanitarian Assistance (BHA), is the largest and most comprehensive review of the subject since the UN-led  research from 2011.Although the study found significant progress in SRM, it also highlights some troubling disparities and gaps. Specifically, neither the benefits of SRM nor the burden of risk are shared fairly between international organisations and local/national humanitarian actors. Moreover, the goalposts have moved, meaning the advances made in SRM have not necessarily kept up with changing threat landscapes, nor have they enabled humanitarians to address emerging risks proactively. Due partly to these shortcomings, humanitarian access remains severely constrained in some of the world’s worst emergencies — a crippling weakness for the aid sector. Since the early 2000s, complex emergencies and civil conflicts with multiple armed factions have presented increasingly challenging environments for aid groups to navigate. But recent years have witnessed a new rise in large-scale wars, fought with heavy weaponry and often indiscriminate airstrikes. While the first two decades of the 20th century saw humanitarians coming to grips with the fact that they were increasingly becoming targets in these conflicts, the challenge of 2020s will likely be operational environments where every civilian is a potential target and the rules of war seem more and more illusory.The digital realm presents a growing array of new risks as well, with disinformation and cyber-crime posing threats that can quickly translate to real world dangers. Meanwhile, the global pressures of climate change and economic hardship are spurring population movements and kindling tensions over resources that could easily erupt in new violence. A basic challenge with SRM is that it is by nature reactive and tends to innovate backward. Humanitarians may spot the emerging risks on the horizon, but until they encounter them in the form of a serious security incident, little thought or action is applied to how best to anticipate and mitigate against them. While well-suited for managing probable risks, SRM procedures often overlook and undervalue the less likely, yet potentially devastating, ones.Most international NGOs and agencies working in humanitarian crises can now boast well-established SRM systems, structures, and protocols, but local and national organisations lag far behind in SRM development. They lack adequate staff in security roles, as well as budgets for basic equipment and necessities like safe transport or accommodations for programme staff. This is largely because of a persistent and pernicious funding model (the project-based “implementing partnership” sub-grant) that effectively prevents their organisational growth and capacity strengthening. In short, without access to sufficient overheads or sustained core funding, and under pressure to keep costs low to win contracts, local and national organisations remain at a serious disadvantage when it comes to SRM. In addition to direct funding, local actors have lesser access to SRM coordination, training, tools, and policy guidance. Even where these resources are shared, too often they are only available in English, and geared towards Western international organisations. This disparity is unconscionable given that local actors often bear more frontline risk. It also leads to perverse outcomes whereby the organisations in the most immediate danger are the least resourced in SRM capacity. Perhaps most troubling, international organisation staff interviewed for the study spoke of disincentives to supporting SRM development of their local organisation partners, out of fear this would create a formal responsibility and liability for their organisation should the local partner experience a security incident.Access constraints in recent conflicts have left large numbers of crisis-affected people unable to reach, or be reached by, critical humanitarian aid. In such cases, security risks can be an important, but not the only, obstacle to access. In addition to logistical impediments, there are often political and bureaucratic challenges that require intensive negotiations and coordinated approaches to extend and expand access. Humanitarians are also contending with a significant loss of trust in deconfliction efforts with military actors (notably Russia) acting in bad faith. NGOs have legitimate fears that providing information on their location and movements, far from guaranteeing their safety, may instead be putting a target on their backs. The study found that SRM personnel and systems are not invited or are choosing not to engage with the broader issues and discussions, such as the OCHA-led Access Working Groups, which have made impressive progress in several settings. Given that gaining and maintaining access in challenging operational environments is the fundamental aim of SRM in the humanitarian response, it would benefit both security and access objectives if SRM was more integrated in access efforts.A more nuanced consideration of individuals and their profiles is changing humanitarian SRM in two major ways. First, many in the sector have endorsed a ‘person-centred approach’, which considers staff members’ individual risk factors like gender, ethnicity, and sexual orientation in assessing and addressing risks. While seeing the value of such an approach, however, many organisations are unsure how to implement it, fearing that mitigation of identity-based risk may cross the line into discrimination (for instance, not hiring female staff in places where women’s employment is proscribed.) Yet the person-centred approach does not seek to limit anyone’s opportunities (and indeed it holds that diversity in teams leads to better risk awareness generally), but rather to tailor risk mitigation measures appropriately and ensure staff members are fully informed on their risks. The other way diversity is transforming SRM is reflected in the widening pool of security professionals in the humanitarian sector. This includes more women, more professionals from the Global South, and an increasing number that have backgrounds in humanitarian programming. A new model of security professional has emerged (one which admittedly may still be challenging to recruit for) — a humanitarian programme person by training, possessed of the traditional ‘hard’ security skills and know-how, as well as ‘soft’ skills of communication, leadership, and negotiation, and the mindset which seeks to apply both in service of humanitarian programming objectives.Twenty years ago, only the largest international organisations had SRM systems and capacities in place, and it was much more of a struggle to advocate with donors for funding that supported and incentivised security measures for their staff. Today, we see this situation repeating, only this time it is the local and national NGOs that are struggling to get support from their donors (the international organisations who partner with them). To build on the significant progress made in SRM by the international organisations, the sector must focus on extending these capacities and competencies to the wider humanitarian space, bridging the indefensible gap between international and local NGOs. The includes a series of recommendations addressing this gap and other areas for improvement. Perhaps the most consequential of these, as well as the hardest to realise, involves a shift to a more forward-looking, less reactive approach to assessing risk and innovating mitigation measures. Because in addition to extending progress to the key humanitarian actors in all settings, the sector needs to stretch its planning horizons to stay on top of changing risks and, hopefully, get out in front of new ones not yet envisioned.",,report,,2024-03-01,,,https://humanitarianoutcomes.org/publications/running-place-security-risk-management-humanitarian-operations,,,,,,,,,,,,,,,,,,,Abby Stoddard,,,,,,,,,1fe251a4-ed86-40b0-be14-ca863ee1d841,,,,,https://humanitarianoutcomes.org/sites/default/files/publications/24_03_04_srm_blog_abby_stoddard.pdf,en,,,,,,,,
Germany's rise as a humanitarian donor,,"The international humanitarian system is faced with ever-growing challenges of sufficiency, efficiency, effectiveness and legitimacy – challenges that cannot be overcome without political will.This political will can be influenced by a variety of factors – among them, powerful narratives emanating from governments, politicians, the media, and humanitarian organisations themselves. Understanding these narratives, how they are constructed, how they change over time and the mechanisms through which they influence policy decisions is key to making the case for humanitarian assistance.This paper focuses on Germany as a case study country. Germany’s rise to becoming the second-largest humanitarian donor is exceptional in a humanitarian system that is plagued by the perennial challenge of sufficiency, where increasing volumes of private and institutional funding cannot keep pace with rising humanitarian needs.How have narratives at play amongst the population, media, government and aid agencies enabled and justified the significant increase in Germany’s humanitarian assistance budget? What role is played by the intersection of the stories that actors construct and disseminate to justify humanitarian assistance, and how do they influence the political will of policymakers and decision-making processes?To download this report, .",,report,,2023-10-01,,,https://humanitarianoutcomes.org/publications/germanys-rise-humanitarian-donor,,,,,,,,,,,,,,,,,,,Corinna Kreidler|Sonja Hövelmann|Alexandra Spencer,,,,,,,,,1fe251a4-ed86-40b0-be14-ca863ee1d841,,,,,https://odi.org/en/publications/germanys-rise-as-a-humanitarian-donor-the-interplay-of-narratives-new-foreign-policy-ambition-and-domestic-interests/,en,,,,,,,,
Event - State of Practice: The Evolution of Security Risk Management in the Humanitarian Space,,"Join GISF and Humanitarian Outcomes for the in-person launch of this new global report, assessing the current state of practice in humanitarian security risk management.Participants will hear from one of the lead authors of this pivotal report documenting recent developments, challenges, gaps, and highlighting good practices. Attendees will also have an opportunity to ask questions, share experiences, and foster meaningful discussions around this critical topic.A broad audience of humanitarian practitioners, policymakers, and humanitarian SRM professionals are welcome.Networking and refreshments will follow.Participants unable to attend in-person can register to attend virtually.Please note that a similar event will also be taking place in Europe; details will be available soon.",,report,,2024-01-01,,,https://humanitarianoutcomes.org/publications/event-state-practice-evolution-security-risk-management-humanitarian-space,,,,,,,,,,,,,,,,,,,,,,,,,,,,1fe251a4-ed86-40b0-be14-ca863ee1d841,,,,,https://www.tfaforms.com/4719185?tfa_15=a04QB000000JggHYAS&tfa_18=State%20of%20Practice:%20The%20Evolution%20of%20SRM%20in%20the%20Humanitarian%20Space&tfa_19=&tfa_22=Tara%20Arthur,en,,,,,,,,
The challenge of coordination and inclusion,,"Includes Humanitarian Outcomes Research Associate, Corinna Kreidler. This report can be accessed via the .",,report,,2023-12-01,,,https://humanitarianoutcomes.org/publications/challenge-coordination-and-inclusion,,,,,,,,,,,,,,,,,,,Valentina Barca|Corinna Kreidler|Sebastian Silva-Leander|Saidou Ouedraogo|Lavinia Blundo|Rodolfo Beazley|Ana Ocampo,,,,,,,,,1fe251a4-ed86-40b0-be14-ca863ee1d841,,,,,https://socialprotection.org/sites/default/files/publications_files/SP%20information%20systems_The%20challenge%20of%20coordination%20and%20inclusion%20in%20West%20Africa.pdf,en,,,,,,,,
Humanitarian Access SCORE Report: Sudan,,"The current conflict in Sudan, with its rapid escalation and large-scale violence, stands out among recent crises for the severity of its humanitarian impact. Despite being overshadowed on the international stage by the wars in Gaza and Ukraine, Sudan is the scene of the world's fastest growing displacement crisis, mass atrocities, and dire humanitarian needs. The longstanding humanitarian presence in the country was completely disrupted by the sudden escalation of violence in April 2023, with national aid workers displaced, offices and facilities looted, and international staff evacuated. The coordinated aid response has since struggled to scale up sufficiently due to ongoing insecurity, logistical obstacles, political interference, and stringent constraints imposed by parties to the conflict, including denial of visas for staff and restrictions on transporting aid supplies.Humanitarians’ efforts to push back against the constraints have so far failed to gain traction, in part because of insufficient staff in coordination roles and their absence at state levels. Faced with these obstacles, compounded by insufficient funding and lack of political pressure on the warring parties to respect international humanitarian law to facilitate access, the humanitarian response has reached only a small fraction of people in need. A highly localised, volunteer-driven response has emerged in the form of emergency response rooms (ERRs) and other community initiatives. These voluntary, grassroots efforts are overstretched, increasingly exhausted, and lack resources. While they cannot substitute for the large-scale and sustained levels of assistance that are needed, they are playing a vital complementary role in supporting people to meet basic needs, access services, and seek safety—and they need support to continue.",,report,,2023-12-01,,,https://humanitarianoutcomes.org/publications/score-report-sudan-2023,,,,,,,,,,,,,,,,,,,Paul Harvey|Abby Stoddard|Monica Czwarno|Meriah-Jo Breckenridge|Mariana Duque-Diez,,,,,,,,,1fe251a4-ed86-40b0-be14-ca863ee1d841,,,,,https://humanitarianoutcomes.org/sites/default/files/publications/score_sudan_2023.pdf,en,,,,,,,,
"SCORE: Visual summary of aid coverage and reach in sampling of crisis-affected populations, 2019-2023",,,,report,,2023-11-01,,,https://humanitarianoutcomes.org/publications/score-visual-summary-aid-coverage-and-reach-sampling-crisis-affected-populations-2019,,,,,,,,,,,,,,,,,,,,,,,,,,,,1fe251a4-ed86-40b0-be14-ca863ee1d841,,,,,https://humanitarianoutcomes.org/sites/default/files/publications/11_15_23_score_info.pdf,en,,,,,,,,
Humanitarian Access SCORE Report: Gaza - the first six months,,"Beyond the cost in human lives and suffering, and the instability it brings to the wider region, the war in Gaza has had serious repercussions for international humanitarian law (IHL) and norms around humanitarian access. Since the beginning of the current conflict, precipitated by the attack on Israel by Hamas on 7 October 2023 and followed by a major military offensive by Israel, humanitarian aid for civilians entering Gaza has been far less than what is needed, with hardly any of it reaching the north. Tight restrictions on aid goods, equipment, and personnel allowed to cross into Gaza have severely limited operational capacity for distribution, and there is no protected operational space for humanitarian efforts. More than 30,000 civilian deaths have included over 150 aid workers, an unprecedented number for a single context in such a short period. The mounting scarcity, desperation, and the breakdown of civil order have meant that the small amount of aid coming into Gaza on trucks is often seized before it can be distributed in a safe and principled way. People are now struggling to meet basic survival needs, with the first deaths of children from acute dehydration and malnutrition reported in early March 2024.",,report,,2024-03-01,,,https://humanitarianoutcomes.org/SCORE_Gaza_2024,,,,,,,,,,,,,,,,,,,Abby Stoddard|Paul Harvey|Monica Czwarno|Meriah-Jo Breckenridge|Mariana Duque-Diez,,,,,,,,,1fe251a4-ed86-40b0-be14-ca863ee1d841,,,,,https://humanitarianoutcomes.org/sites/default/files/publications/score_gaza_2024.pdf,en,,,,,,,,
Humanitarian Access SCORE Report: Gaza - the first six months,,"Beyond the cost in human lives and suffering, and the instability it brings to the wider region, the war in Gaza has had serious repercussions for international humanitarian law (IHL) and norms around humanitarian access. Since the beginning of the current conflict, precipitated by the attack on Israel by Hamas on 7 October 2023 and followed by a major military offensive by Israel, humanitarian aid for civilians entering Gaza has been far less than what is needed, with hardly any of it reaching the north. Tight restrictions on aid goods, equipment, and personnel allowed to cross into Gaza have severely limited operational capacity for distribution, and there is no protected operational space for humanitarian efforts. More than 30,000 civilian deaths have included over 150 aid workers, an unprecedented number for a single context in such a short period. The mounting scarcity, desperation, and the breakdown of civil order have meant that the small amount of aid coming into Gaza on trucks is often seized before it can be distributed in a safe and principled way. People are now struggling to meet basic survival needs, with the first deaths of children from acute dehydration and malnutrition reported in early March 2024.",,report,,2024-03-01,,,https://humanitarianoutcomes.org/SCORE_Gaza_2024,,,,,,,,,,,,,,,,,,,Abby Stoddard|Paul Harvey|Monica Czwarno|Meriah-Jo Breckenridge|Mariana Duque-Diez,,,,,,,,,1fe251a4-ed86-40b0-be14-ca863ee1d841,,,,,https://humanitarianoutcomes.org/sites/default/files/publications/april_09_24_score_gaza_arabic_version_7.pdf,ar,,,,,,,,
Humanitarian Surge: Stuck in a rut?,,"Increasing numbers of people are being affected by conflicts and disasters, resulting in greater humanitarian needs. Already stretched thin by the large number of chronic crises requiring an aid response year after year, the humanitarian sector is further challenged when new emergencies demand rapid scale-up in the form of ‘surge’– the ability to quickly mobilise and deploy additional financial, human, and material resources to meet needs where the existing response capacities are insufficient. Under the prevailing conditions of scarcity, surge responses to one emergency almost inevitably come at the cost of operations in another.Governments and civil society actors in the global South are pushing back against the idea that surge capacity is something to be located at the global level – that is, within the international organisations that already control most of the world’s aid resources – calling instead for investments in local, national, and regional surge capacity and more locally-led responses.This report examines the current state and perceptions of surge in the sector, the structural and organisational challenges to effectiveness, and the potential opportunities for reconceptualising surge capacity more broadly. The study is based on research involving key informant interviews, data scoping, and a desk review of grey literature and agency documents. While there are a range of definitions of ‘surge’, for the purposes of this study, it is taken to mean the provision of necessary additional capacity in the event of a crisis to alleviate human suffering to agreed standards. Surge capacity includes people, logistics capacity, assets, and finance.The rising number of emergencies suggests that future humanitarian responses will require more flexible surge capacity, which can respond within a fundamentally overstretched and underfunded system. Investments in international surge and localised capacities and responses are often framed as ‘either/or’. Developing a ‘both/and’ approach, which better supports local and national capacities to respond, while maintaining international capacity to surge, when necessary, will require a fundamental reorientation with international surge supporting and reinforcing local capacity rather than displacing it.",,report,,2024-06-01,,,https://humanitarianoutcomes.org/publications/humanitarian-surge-stuck-rut,,,,,,,,,,,,,,,,,,,Nigel Timmins|Manisha Thomas|Manuela Kurkaa Bejarano,,,,,,,,,1fe251a4-ed86-40b0-be14-ca863ee1d841,,,,,https://humanitarianoutcomes.org/sites/default/files/publications/ho_ukhih_surgereport_6_24_final.pdf,en,,,,,,,,
Humanitarian Surge: Stuck in a rut?,,"Increasing numbers of people are being affected by conflicts and disasters, resulting in greater humanitarian needs. Already stretched thin by the large number of chronic crises requiring an aid response year after year, the humanitarian sector is further challenged when new emergencies demand rapid scale-up in the form of ‘surge’– the ability to quickly mobilise and deploy additional financial, human, and material resources to meet needs where the existing response capacities are insufficient. Under the prevailing conditions of scarcity, surge responses to one emergency almost inevitably come at the cost of operations in another.Governments and civil society actors in the global South are pushing back against the idea that surge capacity is something to be located at the global level – that is, within the international organisations that already control most of the world’s aid resources – calling instead for investments in local, national, and regional surge capacity and more locally-led responses.This report examines the current state and perceptions of surge in the sector, the structural and organisational challenges to effectiveness, and the potential opportunities for reconceptualising surge capacity more broadly. The study is based on research involving key informant interviews, data scoping, and a desk review of grey literature and agency documents. While there are a range of definitions of ‘surge’, for the purposes of this study, it is taken to mean the provision of necessary additional capacity in the event of a crisis to alleviate human suffering to agreed standards. Surge capacity includes people, logistics capacity, assets, and finance.The rising number of emergencies suggests that future humanitarian responses will require more flexible surge capacity, which can respond within a fundamentally overstretched and underfunded system. Investments in international surge and localised capacities and responses are often framed as ‘either/or’. Developing a ‘both/and’ approach, which better supports local and national capacities to respond, while maintaining international capacity to surge, when necessary, will require a fundamental reorientation with international surge supporting and reinforcing local capacity rather than displacing it.",,report,,2024-06-01,,,https://humanitarianoutcomes.org/publications/humanitarian-surge-stuck-rut,,,,,,,,,,,,,,,,,,,Nigel Timmins|Manisha Thomas|Manuela Kurkaa Bejarano,,,,,,,,,1fe251a4-ed86-40b0-be14-ca863ee1d841,,,,,https://humanitarianoutcomes.org/sites/default/files/publications/french_ho_ukhih_surgereport_6_4_24.pdf,fr,,,,,,,,
Humanitarian Surge: Stuck in a rut?,,"Increasing numbers of people are being affected by conflicts and disasters, resulting in greater humanitarian needs. Already stretched thin by the large number of chronic crises requiring an aid response year after year, the humanitarian sector is further challenged when new emergencies demand rapid scale-up in the form of ‘surge’– the ability to quickly mobilise and deploy additional financial, human, and material resources to meet needs where the existing response capacities are insufficient. Under the prevailing conditions of scarcity, surge responses to one emergency almost inevitably come at the cost of operations in another.Governments and civil society actors in the global South are pushing back against the idea that surge capacity is something to be located at the global level – that is, within the international organisations that already control most of the world’s aid resources – calling instead for investments in local, national, and regional surge capacity and more locally-led responses.This report examines the current state and perceptions of surge in the sector, the structural and organisational challenges to effectiveness, and the potential opportunities for reconceptualising surge capacity more broadly. The study is based on research involving key informant interviews, data scoping, and a desk review of grey literature and agency documents. While there are a range of definitions of ‘surge’, for the purposes of this study, it is taken to mean the provision of necessary additional capacity in the event of a crisis to alleviate human suffering to agreed standards. Surge capacity includes people, logistics capacity, assets, and finance.The rising number of emergencies suggests that future humanitarian responses will require more flexible surge capacity, which can respond within a fundamentally overstretched and underfunded system. Investments in international surge and localised capacities and responses are often framed as ‘either/or’. Developing a ‘both/and’ approach, which better supports local and national capacities to respond, while maintaining international capacity to surge, when necessary, will require a fundamental reorientation with international surge supporting and reinforcing local capacity rather than displacing it.",,report,,2024-06-01,,,https://humanitarianoutcomes.org/publications/humanitarian-surge-stuck-rut,,,,,,,,,,,,,,,,,,,Nigel Timmins|Manisha Thomas|Manuela Kurkaa Bejarano,,,,,,,,,1fe251a4-ed86-40b0-be14-ca863ee1d841,,,,,https://humanitarianoutcomes.org/sites/default/files/publications/spanish_ho_ukhih_surgereport_6_4_24.pdf,es,,,,,,,,
Humanitarian Surge: Stuck in a rut?,,"Increasing numbers of people are being affected by conflicts and disasters, resulting in greater humanitarian needs. Already stretched thin by the large number of chronic crises requiring an aid response year after year, the humanitarian sector is further challenged when new emergencies demand rapid scale-up in the form of ‘surge’– the ability to quickly mobilise and deploy additional financial, human, and material resources to meet needs where the existing response capacities are insufficient. Under the prevailing conditions of scarcity, surge responses to one emergency almost inevitably come at the cost of operations in another.Governments and civil society actors in the global South are pushing back against the idea that surge capacity is something to be located at the global level – that is, within the international organisations that already control most of the world’s aid resources – calling instead for investments in local, national, and regional surge capacity and more locally-led responses.This report examines the current state and perceptions of surge in the sector, the structural and organisational challenges to effectiveness, and the potential opportunities for reconceptualising surge capacity more broadly. The study is based on research involving key informant interviews, data scoping, and a desk review of grey literature and agency documents. While there are a range of definitions of ‘surge’, for the purposes of this study, it is taken to mean the provision of necessary additional capacity in the event of a crisis to alleviate human suffering to agreed standards. Surge capacity includes people, logistics capacity, assets, and finance.The rising number of emergencies suggests that future humanitarian responses will require more flexible surge capacity, which can respond within a fundamentally overstretched and underfunded system. Investments in international surge and localised capacities and responses are often framed as ‘either/or’. Developing a ‘both/and’ approach, which better supports local and national capacities to respond, while maintaining international capacity to surge, when necessary, will require a fundamental reorientation with international surge supporting and reinforcing local capacity rather than displacing it.",,report,,2024-06-01,,,https://humanitarianoutcomes.org/publications/humanitarian-surge-stuck-rut,,,,,,,,,,,,,,,,,,,Nigel Timmins|Manisha Thomas|Manuela Kurkaa Bejarano,,,,,,,,,1fe251a4-ed86-40b0-be14-ca863ee1d841,,,,,https://humanitarianoutcomes.org/sites/default/files/publications/ho_ukhih_surgereport_0424_exec_summary_arabic.pdf,ar,,,,,,,,
GDHO Codebook,,"Humanitarian Outcomes’ Global Database of Humanitarian Organisations (GDHO) is a compendium of organisations that provide aid in humanitarian crises. The purpose of the GDHO is to compile basic information on humanitarian providers and the global deployment of their resources in order to measure and map the size, reach, and distribution of humanitarian presence and coverage.",,report,,2024-05-01,,,https://humanitarianoutcomes.org/GDHO_codebook_2021,,,,,,,,,,,,,,,,,,,,,,,,,,,,1fe251a4-ed86-40b0-be14-ca863ee1d841,,,,,https://humanitarianoutcomes.org/sites/default/files/publications/gdho_public_codebook_2024.pdf,en,,,,,,,,
"No easy choice: A humanitarian’s guide to ethical, principled decision making",,"Humanitarians often face difficult ethical dilemmas: from immediate operational choices to bigger strategic questions. A dilemma is defined by the need to choose between two or more difficult options that could have negative consequences. A dilemma means that there is no obvious or ideal choice. Humanitarian principles (humanity, impartiality, neutrality and independence) alone do not always help us make the best decision. Principles themselves may ‘create’ the dilemma. When we face only bad options, or the principles are in conflict, ethical deliberation can help us decide on the best way to carry out principled humanitarian action.This guide offers a tool and a process for structured deliberation to help organisations and individuals make better choices for principled humanitarian action. It is based on an applied ethics approach,which addresses real-world challenges using ethical theories and principles. We encourage you to use the guide and tool in your organisations and/or adapt it for your needs. For further information about the guide or potential facilitation support in using the tool, please contact  or the authors,  and .",,report,,2024-05-01,,,https://humanitarianoutcomes.org/humanitarian_ethics_guide,,,,,,,,,,,,,,,,,,,Nigel Timmins|Manisha Thomas,,,,,,,,,1fe251a4-ed86-40b0-be14-ca863ee1d841,,,,,https://humanitarianoutcomes.org/sites/default/files/publications/2024_05_3_ho_ukhih_ethicsguide_0424_final_en.pdf,en,,,,,,,,
"No easy choice: A humanitarian’s guide to ethical, principled decision making",,"Humanitarians often face difficult ethical dilemmas: from immediate operational choices to bigger strategic questions. A dilemma is defined by the need to choose between two or more difficult options that could have negative consequences. A dilemma means that there is no obvious or ideal choice. Humanitarian principles (humanity, impartiality, neutrality and independence) alone do not always help us make the best decision. Principles themselves may ‘create’ the dilemma. When we face only bad options, or the principles are in conflict, ethical deliberation can help us decide on the best way to carry out principled humanitarian action.This guide offers a tool and a process for structured deliberation to help organisations and individuals make better choices for principled humanitarian action. It is based on an applied ethics approach,which addresses real-world challenges using ethical theories and principles. We encourage you to use the guide and tool in your organisations and/or adapt it for your needs. For further information about the guide or potential facilitation support in using the tool, please contact  or the authors,  and .",,report,,2024-05-01,,,https://humanitarianoutcomes.org/humanitarian_ethics_guide,,,,,,,,,,,,,,,,,,,Nigel Timmins|Manisha Thomas,,,,,,,,,1fe251a4-ed86-40b0-be14-ca863ee1d841,,,,,https://humanitarianoutcomes.org/sites/default/files/publications/2024_05_06_ho_ukhih_ethicsguide_0424_final_burmese.pdf,my,,,,,,,,
"No easy choice: A humanitarian’s guide to ethical, principled decision making",,"Humanitarians often face difficult ethical dilemmas: from immediate operational choices to bigger strategic questions. A dilemma is defined by the need to choose between two or more difficult options that could have negative consequences. A dilemma means that there is no obvious or ideal choice. Humanitarian principles (humanity, impartiality, neutrality and independence) alone do not always help us make the best decision. Principles themselves may ‘create’ the dilemma. When we face only bad options, or the principles are in conflict, ethical deliberation can help us decide on the best way to carry out principled humanitarian action.This guide offers a tool and a process for structured deliberation to help organisations and individuals make better choices for principled humanitarian action. It is based on an applied ethics approach,which addresses real-world challenges using ethical theories and principles. We encourage you to use the guide and tool in your organisations and/or adapt it for your needs. For further information about the guide or potential facilitation support in using the tool, please contact  or the authors,  and .",,report,,2024-05-01,,,https://humanitarianoutcomes.org/humanitarian_ethics_guide,,,,,,,,,,,,,,,,,,,Nigel Timmins|Manisha Thomas,,,,,,,,,1fe251a4-ed86-40b0-be14-ca863ee1d841,,,,,https://humanitarianoutcomes.org/sites/default/files/publications/2024_05_06_ho_ukhih_ethicsguide_0424_final_dari.pdf,fa,,,,,,,,
"No easy choice: A humanitarian’s guide to ethical, principled decision making",,"Humanitarians often face difficult ethical dilemmas: from immediate operational choices to bigger strategic questions. A dilemma is defined by the need to choose between two or more difficult options that could have negative consequences. A dilemma means that there is no obvious or ideal choice. Humanitarian principles (humanity, impartiality, neutrality and independence) alone do not always help us make the best decision. Principles themselves may ‘create’ the dilemma. When we face only bad options, or the principles are in conflict, ethical deliberation can help us decide on the best way to carry out principled humanitarian action.This guide offers a tool and a process for structured deliberation to help organisations and individuals make better choices for principled humanitarian action. It is based on an applied ethics approach,which addresses real-world challenges using ethical theories and principles. We encourage you to use the guide and tool in your organisations and/or adapt it for your needs. For further information about the guide or potential facilitation support in using the tool, please contact  or the authors,  and .",,report,,2024-05-01,,,https://humanitarianoutcomes.org/humanitarian_ethics_guide,,,,,,,,,,,,,,,,,,,Nigel Timmins|Manisha Thomas,,,,,,,,,1fe251a4-ed86-40b0-be14-ca863ee1d841,,,,,https://humanitarianoutcomes.org/sites/default/files/publications/2024_05_06_ho_ukhih_ethicsguide_0424_final_ar.pdf,ar,,,,,,,,
"No easy choice: A humanitarian’s guide to ethical, principled decision making",,"Humanitarians often face difficult ethical dilemmas: from immediate operational choices to bigger strategic questions. A dilemma is defined by the need to choose between two or more difficult options that could have negative consequences. A dilemma means that there is no obvious or ideal choice. Humanitarian principles (humanity, impartiality, neutrality and independence) alone do not always help us make the best decision. Principles themselves may ‘create’ the dilemma. When we face only bad options, or the principles are in conflict, ethical deliberation can help us decide on the best way to carry out principled humanitarian action.This guide offers a tool and a process for structured deliberation to help organisations and individuals make better choices for principled humanitarian action. It is based on an applied ethics approach,which addresses real-world challenges using ethical theories and principles. We encourage you to use the guide and tool in your organisations and/or adapt it for your needs. For further information about the guide or potential facilitation support in using the tool, please contact  or the authors,  and .",,report,,2024-05-01,,,https://humanitarianoutcomes.org/humanitarian_ethics_guide,,,,,,,,,,,,,,,,,,,Nigel Timmins|Manisha Thomas,,,,,,,,,1fe251a4-ed86-40b0-be14-ca863ee1d841,,,,,https://humanitarianoutcomes.org/sites/default/files/publications/2024_05_06_ho_ukhih_ethicsguide_0424-final_fr.pdf,fr,,,,,,,,
"No easy choice: A humanitarian’s guide to ethical, principled decision making",,"Humanitarians often face difficult ethical dilemmas: from immediate operational choices to bigger strategic questions. A dilemma is defined by the need to choose between two or more difficult options that could have negative consequences. A dilemma means that there is no obvious or ideal choice. Humanitarian principles (humanity, impartiality, neutrality and independence) alone do not always help us make the best decision. Principles themselves may ‘create’ the dilemma. When we face only bad options, or the principles are in conflict, ethical deliberation can help us decide on the best way to carry out principled humanitarian action.This guide offers a tool and a process for structured deliberation to help organisations and individuals make better choices for principled humanitarian action. It is based on an applied ethics approach,which addresses real-world challenges using ethical theories and principles. We encourage you to use the guide and tool in your organisations and/or adapt it for your needs. For further information about the guide or potential facilitation support in using the tool, please contact  or the authors,  and .",,report,,2024-05-01,,,https://humanitarianoutcomes.org/humanitarian_ethics_guide,,,,,,,,,,,,,,,,,,,Nigel Timmins|Manisha Thomas,,,,,,,,,1fe251a4-ed86-40b0-be14-ca863ee1d841,,,,,https://humanitarianoutcomes.org/sites/default/files/publications/2024-05_06_ho_ukhih_ethicsguide_0424_final_pashto.pdf,ps,,,,,,,,
"No easy choice: A humanitarian’s guide to ethical, principled decision making",,"Humanitarians often face difficult ethical dilemmas: from immediate operational choices to bigger strategic questions. A dilemma is defined by the need to choose between two or more difficult options that could have negative consequences. A dilemma means that there is no obvious or ideal choice. Humanitarian principles (humanity, impartiality, neutrality and independence) alone do not always help us make the best decision. Principles themselves may ‘create’ the dilemma. When we face only bad options, or the principles are in conflict, ethical deliberation can help us decide on the best way to carry out principled humanitarian action.This guide offers a tool and a process for structured deliberation to help organisations and individuals make better choices for principled humanitarian action. It is based on an applied ethics approach,which addresses real-world challenges using ethical theories and principles. We encourage you to use the guide and tool in your organisations and/or adapt it for your needs. For further information about the guide or potential facilitation support in using the tool, please contact  or the authors,  and .",,report,,2024-05-01,,,https://humanitarianoutcomes.org/humanitarian_ethics_guide,,,,,,,,,,,,,,,,,,,Nigel Timmins|Manisha Thomas,,,,,,,,,1fe251a4-ed86-40b0-be14-ca863ee1d841,,,,,https://humanitarianoutcomes.org/sites/default/files/publications/2024_05_07_ho_ukhih_ethicsguide_0424_final_sp.pdf,es,,,,,,,,
Linking Humanitarian Cash Assistance and National Social Protection Systems,,"This study looks at the current (2020-2022) alignment and links between social protection programs on the one hand and humanitarian assistance provided by donors and agencies on the other in six countries in the Sahel region: Burkina Faso, Chad, Mali, Mauritania, Niger, and Senegal. The study aims to identify the most effective ways to align the two forms of assistance and the key factors that either enable or constrain this convergence and to provide strategic, policy, and operational reflections on the potential for harmonizing the two kinds of assistance and the value that this could add to the countries of the region.",,report,,2023-02-01,,,https://humanitarianoutcomes.org/cash_assistance_nat_soc_pro_sys_12_22,,,,,,,,,,,,,,,,,,,Corinna Kreidler|Sophie Battas|Karin Seyfert|Mira Saidi,,,,,,,,,1fe251a4-ed86-40b0-be14-ca863ee1d841,,,,,https://humanitarianoutcomes.org/sites/default/files/publications/linking_humanitarian_cash_and_social_protection_in_the_sahel_world_bank_final_report.pdf,en,,,,,,,,
Violence in NW Syria’s Al Hol Camp reducing humanitarian coverage,,"Signal Alert is an occasional publication of the Aid Worker Security Database to inform the humanitarian sector of a statistically significant trend, change, or outlier detected in the security environment for aid operations.  the most recent report.",,report,,2022-12-01,,,https://humanitarianoutcomes.org/publications/violence-nw-syria%E2%80%99s-al-hol-camp-reducing-humanitarian-coverage,,,,,,,,,,,,,,,,,,,Meriah-Jo Breckenridge|Abby Stoddard|Monica Czwarno,,,,,,,,,1fe251a4-ed86-40b0-be14-ca863ee1d841,,,,,https://aidworkersecurity.org/sites/default/files/2022-12/AWSD%20Signal%20Alert_AlHol_FINAL.pdf,en,,,,,,,,
Slipping Away? A Review of Humanitarian Capabilities in Cholera Response,,"Over the past two years there has been a notable uptick in cholera outbreaks and deaths. The greater number of countries experiencing cases, combined with an unusual geographical distribution of outbreaks and unacceptably high case fatality rates, has raised concerns about the global capacity for cholera response  control, and whether some past progress has been lost.A deadly but relatively easy disease to treat if caught in time—and one that often occurs within the context of a broader emergency—cholera has long been considered a basic staple of core humanitarian business. It was a disastrous performance in response to a cholera outbreak among Rwandan refugees in  in 1994 that shook and subsequently reshaped the modern humanitarian system, establishing standards, operational guidance, and coordination structures meant to better enable rapid and effective life-saving response. Three decades later, what is going wrong?While cholera outbreaks can have multiple contributing factors—including armed conflict, development and governance failures, and the effects of climate change—these lie largely outside the influence of humanitarian actors. While not discounting the broader issues, such as lack of investment in water and sanitation infrastructure and other more sustainable solutions, this rapid review focuses on the response element—the humanitarian capacities, competencies, and coordination.",,report,,2023-02-01,,,https://humanitarianoutcomes.org/cholera_response_2_23,,,,,,,,,,,,,,,,,,,Abby Stoddard|Meriah-Jo Breckenridge|Paul Harvey|Glyn Taylor|Nigel Timmins|Manisha Thomas,,,,,,,,,1fe251a4-ed86-40b0-be14-ca863ee1d841,,,,,https://humanitarianoutcomes.org/sites/default/files/publications/ho-ukhih_cholera_2_023.pdf,en,,,,,,,,
Slipping Away? A Review of Humanitarian Capabilities in Cholera Response,,"Over the past two years there has been a notable uptick in cholera outbreaks and deaths. The greater number of countries experiencing cases, combined with an unusual geographical distribution of outbreaks and unacceptably high case fatality rates, has raised concerns about the global capacity for cholera response  control, and whether some past progress has been lost.A deadly but relatively easy disease to treat if caught in time—and one that often occurs within the context of a broader emergency—cholera has long been considered a basic staple of core humanitarian business. It was a disastrous performance in response to a cholera outbreak among Rwandan refugees in  in 1994 that shook and subsequently reshaped the modern humanitarian system, establishing standards, operational guidance, and coordination structures meant to better enable rapid and effective life-saving response. Three decades later, what is going wrong?While cholera outbreaks can have multiple contributing factors—including armed conflict, development and governance failures, and the effects of climate change—these lie largely outside the influence of humanitarian actors. While not discounting the broader issues, such as lack of investment in water and sanitation infrastructure and other more sustainable solutions, this rapid review focuses on the response element—the humanitarian capacities, competencies, and coordination.",,report,,2023-02-01,,,https://humanitarianoutcomes.org/cholera_response_2_23,,,,,,,,,,,,,,,,,,,Abby Stoddard|Meriah-Jo Breckenridge|Paul Harvey|Glyn Taylor|Nigel Timmins|Manisha Thomas,,,,,,,,,1fe251a4-ed86-40b0-be14-ca863ee1d841,,,,,https://humanitarianoutcomes.org/sites/default/files/publications/cholera_arabic_3_23.pdf,ar,,,,,,,,
Slipping Away? A Review of Humanitarian Capabilities in Cholera Response,,"Over the past two years there has been a notable uptick in cholera outbreaks and deaths. The greater number of countries experiencing cases, combined with an unusual geographical distribution of outbreaks and unacceptably high case fatality rates, has raised concerns about the global capacity for cholera response  control, and whether some past progress has been lost.A deadly but relatively easy disease to treat if caught in time—and one that often occurs within the context of a broader emergency—cholera has long been considered a basic staple of core humanitarian business. It was a disastrous performance in response to a cholera outbreak among Rwandan refugees in  in 1994 that shook and subsequently reshaped the modern humanitarian system, establishing standards, operational guidance, and coordination structures meant to better enable rapid and effective life-saving response. Three decades later, what is going wrong?While cholera outbreaks can have multiple contributing factors—including armed conflict, development and governance failures, and the effects of climate change—these lie largely outside the influence of humanitarian actors. While not discounting the broader issues, such as lack of investment in water and sanitation infrastructure and other more sustainable solutions, this rapid review focuses on the response element—the humanitarian capacities, competencies, and coordination.",,report,,2023-02-01,,,https://humanitarianoutcomes.org/cholera_response_2_23,,,,,,,,,,,,,,,,,,,Abby Stoddard|Meriah-Jo Breckenridge|Paul Harvey|Glyn Taylor|Nigel Timmins|Manisha Thomas,,,,,,,,,1fe251a4-ed86-40b0-be14-ca863ee1d841,,,,,https://humanitarianoutcomes.org/sites/default/files/publications/cholera_espanol_3_23.pdf,es,,,,,,,,
Slipping Away? A Review of Humanitarian Capabilities in Cholera Response,,"Over the past two years there has been a notable uptick in cholera outbreaks and deaths. The greater number of countries experiencing cases, combined with an unusual geographical distribution of outbreaks and unacceptably high case fatality rates, has raised concerns about the global capacity for cholera response  control, and whether some past progress has been lost.A deadly but relatively easy disease to treat if caught in time—and one that often occurs within the context of a broader emergency—cholera has long been considered a basic staple of core humanitarian business. It was a disastrous performance in response to a cholera outbreak among Rwandan refugees in  in 1994 that shook and subsequently reshaped the modern humanitarian system, establishing standards, operational guidance, and coordination structures meant to better enable rapid and effective life-saving response. Three decades later, what is going wrong?While cholera outbreaks can have multiple contributing factors—including armed conflict, development and governance failures, and the effects of climate change—these lie largely outside the influence of humanitarian actors. While not discounting the broader issues, such as lack of investment in water and sanitation infrastructure and other more sustainable solutions, this rapid review focuses on the response element—the humanitarian capacities, competencies, and coordination.",,report,,2023-02-01,,,https://humanitarianoutcomes.org/cholera_response_2_23,,,,,,,,,,,,,,,,,,,Abby Stoddard|Meriah-Jo Breckenridge|Paul Harvey|Glyn Taylor|Nigel Timmins|Manisha Thomas,,,,,,,,,1fe251a4-ed86-40b0-be14-ca863ee1d841,,,,,https://humanitarianoutcomes.org/sites/default/files/publications/ho-cholera_3_23_fr.pdf,fr,,,,,,,,
Oslo commitments on ending sexual and gender-based violence in humanitarian crises,,"Three years have passed since 49 governments, UN agencies, international organisations, national organisations, and other entities met in Oslo to signal their commitment to work for the prevention and mitigation of sexual and gender-based violence (SGBV) in humanitarian crises. This third and final collective progress report following the May 2019 Oslo conference presents the progress, as self- reported by conference participants, against their specific financial and policy commitments in 2021, and serves as the capstone of a three-year tracking project supported by the Government of Norway to measure annual progress.Tracking of outputs (money and policy initiatives) is not equivalent to measuring change in outcomes on the ground; nevertheless, having conference participants specify, document, and report against their commitments over a multi-year timespan represents an important exercise in accountability and follow- up. Combined progress reports show that most of the stated commitments pledged at the conference were met within the three-year time frame, including roughly 91% of committed spending, additional financial support beyond pledged amounts, and at least 67% of policy actions reported to be currently ‘on track’.Some weaknesses identified include that reporting against policy actions fell off in the third year of tracking, that many of the policy and programmatic actions reported on had SGBV action as only one element, making measurement and comparison difficult, and that a markedly small portion of the disbursed funding (1%) went directly to local actors.",,report,,2023-01-01,,,https://humanitarianoutcomes.org/Oslo_SGBV_Commitments_2022_Report,,,,,,,,,,,,,,,,,,,Adelicia Fairbanks,,,,,,,,,1fe251a4-ed86-40b0-be14-ca863ee1d841,,,,,https://humanitarianoutcomes.org/sites/default/files/publications/2022_oslo_sgbv_commitments_progress_report.pdf,en,,,,,,,,
Navigating Ethical Dilemmas for Humanitarian Action in Afghanistan,,"The most challenging moral dilemmas involve choosing between two objectively negative outcomes. In Afghanistan, the international aid sector faces a wrenching decision: whether to uphold universal human rights values by refusing to comply with the Taliban’s edicts against employing women, or to prioritise the humanitarian imperative to continue providing what aid they can to millions in need. The decision to stay is complicated by the reality that effective in-person aid programming requires female staff to effectively reach women and girls. In this context, aid groups have found partial – albeit suboptimal – solutions through workarounds and low-profile local negotiation strategies, capitalising on the decentralised nature of power structures across the provinces in Afghanistan.While initially understanding that they were exempt from the ban, the UN humanitarian agencies now confront the same dilemma as NGOs. While an Inter-Agency Standing Committee (IASC)-led process has developed a framework and set of criteria for programming for an initial trial period, aid agency staff interviewed for the most part felt that they had been left to grapple with these issues individually, with limited political leadership or guidance from the international diplomatic or donor community. A rapid review – encompassing roughly 250 interviews with humanitarian providers and recipients in Afghanistan, an opinion survey of Afghan women, and a review of the humanitarian ethics literature – set out to provide a timely analysis of the ethical dilemmas facing humanitarian action in Afghanistan.",,report,,2023-06-01,,,https://humanitarianoutcomes.org/HRRI_Afghanistan_June_2023,,,,,,,,,,,,,,,,,,,Mark Bowden|Hameed Hakimi|Paul Harvey|Ghulam Rasool Moosakhel|Orzala Nemat|Abby Stoddard|Manisha Thomas|Nigel Timmins|Torsten Voigt,,,,,,,,,1fe251a4-ed86-40b0-be14-ca863ee1d841,,,,,https://humanitarianoutcomes.org/sites/default/files/publications/ho-ukhih_afghanistan_final_6_21_23.pdf,en,,,,,,,,
Navigating Ethical Dilemmas for Humanitarian Action in Afghanistan,,"The most challenging moral dilemmas involve choosing between two objectively negative outcomes. In Afghanistan, the international aid sector faces a wrenching decision: whether to uphold universal human rights values by refusing to comply with the Taliban’s edicts against employing women, or to prioritise the humanitarian imperative to continue providing what aid they can to millions in need. The decision to stay is complicated by the reality that effective in-person aid programming requires female staff to effectively reach women and girls. In this context, aid groups have found partial – albeit suboptimal – solutions through workarounds and low-profile local negotiation strategies, capitalising on the decentralised nature of power structures across the provinces in Afghanistan.While initially understanding that they were exempt from the ban, the UN humanitarian agencies now confront the same dilemma as NGOs. While an Inter-Agency Standing Committee (IASC)-led process has developed a framework and set of criteria for programming for an initial trial period, aid agency staff interviewed for the most part felt that they had been left to grapple with these issues individually, with limited political leadership or guidance from the international diplomatic or donor community. A rapid review – encompassing roughly 250 interviews with humanitarian providers and recipients in Afghanistan, an opinion survey of Afghan women, and a review of the humanitarian ethics literature – set out to provide a timely analysis of the ethical dilemmas facing humanitarian action in Afghanistan.",,report,,2023-06-01,,,https://humanitarianoutcomes.org/HRRI_Afghanistan_June_2023,,,,,,,,,,,,,,,,,,,Mark Bowden|Hameed Hakimi|Paul Harvey|Ghulam Rasool Moosakhel|Orzala Nemat|Abby Stoddard|Manisha Thomas|Nigel Timmins|Torsten Voigt,,,,,,,,,1fe251a4-ed86-40b0-be14-ca863ee1d841,,,,,https://humanitarianoutcomes.org/sites/default/files/publications/hrri_afghanistan_report_summary_dari_design.docx.pdf,fa,,,,,,,,
Navigating Ethical Dilemmas for Humanitarian Action in Afghanistan,,"The most challenging moral dilemmas involve choosing between two objectively negative outcomes. In Afghanistan, the international aid sector faces a wrenching decision: whether to uphold universal human rights values by refusing to comply with the Taliban’s edicts against employing women, or to prioritise the humanitarian imperative to continue providing what aid they can to millions in need. The decision to stay is complicated by the reality that effective in-person aid programming requires female staff to effectively reach women and girls. In this context, aid groups have found partial – albeit suboptimal – solutions through workarounds and low-profile local negotiation strategies, capitalising on the decentralised nature of power structures across the provinces in Afghanistan.While initially understanding that they were exempt from the ban, the UN humanitarian agencies now confront the same dilemma as NGOs. While an Inter-Agency Standing Committee (IASC)-led process has developed a framework and set of criteria for programming for an initial trial period, aid agency staff interviewed for the most part felt that they had been left to grapple with these issues individually, with limited political leadership or guidance from the international diplomatic or donor community. A rapid review – encompassing roughly 250 interviews with humanitarian providers and recipients in Afghanistan, an opinion survey of Afghan women, and a review of the humanitarian ethics literature – set out to provide a timely analysis of the ethical dilemmas facing humanitarian action in Afghanistan.",,report,,2023-06-01,,,https://humanitarianoutcomes.org/HRRI_Afghanistan_June_2023,,,,,,,,,,,,,,,,,,,Mark Bowden|Hameed Hakimi|Paul Harvey|Ghulam Rasool Moosakhel|Orzala Nemat|Abby Stoddard|Manisha Thomas|Nigel Timmins|Torsten Voigt,,,,,,,,,1fe251a4-ed86-40b0-be14-ca863ee1d841,,,,,https://humanitarianoutcomes.org/sites/default/files/publications/hrri_afghanistan_report_summary_pashto_design.docx.pdf,ps,,,,,,,,
"Consultant Database Assistant, CORE Project",,,,report,,2023-03-01,,,https://humanitarianoutcomes.org/publications/consultant-database-assistant-core-project,,,,,,,,,,,,,,,,,,,,,,,,,,,,1fe251a4-ed86-40b0-be14-ca863ee1d841,,,,,https://humanitarianoutcomes.org/sites/default/files/publications/core_database_assistant_2023_final.pdf,en,,,,,,,,
Humanitarian Access SCORE Report: Haiti,,"Haiti’s humanitarian crisis has resulted from a political and economic implosion, compounded by natural shocks, but with consequences similar to major armed conflicts – including severe constraints to humanitarian access. The collapse of law and order after the assassination of the president in 2021, and a wave of violence perpetrated by armed criminal gangs, has displaced over 100,000 people from their homes and contributed to the breakdown of basic social services. These developments contributed to a resurgence of cholera on the island, which to date has taken hundreds of lives, many of them children. Although over 100 humanitarian groups are present in Haiti, the threat of violence prevents them from responding in the places and at the level required to meet the needs.A survey of affected people and interviews with humanitarian practitioners in Haiti revealed that:A UN-led scale-up of humanitarian assistance began in April 2023, introducing a new collective strategy and joint initiative to expand access – a promising development with the potential to change the trajectory in Haiti. While the political and protection crisis is well beyond the scope of humanitarians to mediate, recent e!orts suggest that humanitarian access can be meaningfully improved through assertive negotiation e!orts that are backed up by results in the form of aid delivered, and by working closely with the NGO sector – particularly local organisations that have been able to maintain access through active acceptance measures at the community level and the willingness to negotiate with all power holders.",,report,,2023-07-01,,,https://humanitarianoutcomes.org/publications/score-report-Haiti-2023,,,,,,,,,,,,,,,,,,,Abby Stoddard|Paul Harvey|Mariana Duque-Diez|Monica Czwarno|Meriah-Jo Breckenridge,,,,,,,,,1fe251a4-ed86-40b0-be14-ca863ee1d841,,,,,https://humanitarianoutcomes.org/sites/default/files/publications/2023-07_-_score_haiti_0723_final.pdf,en,,,,,,,,
Humanitarian Access SCORE Report: Haiti,,"Haiti’s humanitarian crisis has resulted from a political and economic implosion, compounded by natural shocks, but with consequences similar to major armed conflicts – including severe constraints to humanitarian access. The collapse of law and order after the assassination of the president in 2021, and a wave of violence perpetrated by armed criminal gangs, has displaced over 100,000 people from their homes and contributed to the breakdown of basic social services. These developments contributed to a resurgence of cholera on the island, which to date has taken hundreds of lives, many of them children. Although over 100 humanitarian groups are present in Haiti, the threat of violence prevents them from responding in the places and at the level required to meet the needs.A survey of affected people and interviews with humanitarian practitioners in Haiti revealed that:A UN-led scale-up of humanitarian assistance began in April 2023, introducing a new collective strategy and joint initiative to expand access – a promising development with the potential to change the trajectory in Haiti. While the political and protection crisis is well beyond the scope of humanitarians to mediate, recent e!orts suggest that humanitarian access can be meaningfully improved through assertive negotiation e!orts that are backed up by results in the form of aid delivered, and by working closely with the NGO sector – particularly local organisations that have been able to maintain access through active acceptance measures at the community level and the willingness to negotiate with all power holders.",,report,,2023-07-01,,,https://humanitarianoutcomes.org/publications/score-report-Haiti-2023,,,,,,,,,,,,,,,,,,,Abby Stoddard|Paul Harvey|Mariana Duque-Diez|Monica Czwarno|Meriah-Jo Breckenridge,,,,,,,,,1fe251a4-ed86-40b0-be14-ca863ee1d841,,,,,https://humanitarianoutcomes.org/sites/default/files/publications/score_haiti_0723_fr.pdf,fr,,,,,,,,
Humanitarian Access SCORE Report: Myanmar,,"Since the military coup in Myanmar in February 2021, multifactional armed conflict has escalated and spread to most of the country, creating a protracted humanitarian crisis in a highly constrained operational environment where formal humanitarian aid is tightly controlled and relegated to a shrinking portion of the country.As the international aid actors debate the ethics of operating in junta-controlled areas and grapple with deficits of funding and information, rural communities in Myanmar have managed to prevent dire outcomes through highly localised, informal, and community-based aid.The results of a survey of affected people across the country, and interviews with national and international aid actors, show that, in contrast with many other access-constrained conflict contexts:To some unquantifiable degree, some of these localised efforts receive support from the formal aid sector’s international-national-local organisation supply chains. However, most formal international humanitarian response is limited to junta-controlled areas and official camps for internally displaced people (IDPs), and international organisations are currently prevented from providing an independent, impartial response across the country. At the same time, low-profile networks for the movement of cash and goods throughout the opposition- held and contested areas are fuelled by diaspora and solidarist organisations operating from across the Thai border.The ethical dilemma faced by international aid actors is real and has created a heated debate as to the right course of action, and whatever the decisions taken by individual agencies to work with the formal or informal/cross-border response, millions of people currently depend on both sets of efforts, while millions more are going without any assistance. Donors and formal aid actors have an opportunity to increase support for the informal response, which appears to have more scope for scaling up – but this would have to be done in a more flexible way than their typical monitoring and compliance systems demand. Agencies choosing to remain registered with the authorities to work in junta-controlled parts of Myanmar must be transparent about their operational limitations and vigilant about the potential for their programmes to be exploited for military objectives.",,report,,2023-04-01,,,https://humanitarianoutcomes.org/SCORE_Myanmar_April_2023,,,,,,,,,,,,,,,,,,,Paul Harvey|Abby Stoddard|Monica Czwarno|Meriah-Jo Breckenridge|Aung Naing,,,,,,,,,1fe251a4-ed86-40b0-be14-ca863ee1d841,,,,,https://humanitarianoutcomes.org/sites/default/files/publications/score_myanmar_april_2023.pdf,en,,,,,,,,
Figures at a Glance 2023,,This report presents the latest verified statistics on aid worker violence from Humanitarian Outcomes' Aid Worker Security Database. This preview gives updated numbers and trends through 2022.,,report,,2023-07-01,,,https://humanitarianoutcomes.org/figures_at_a_glance_2023,,,,,,,,,,,,,,,,,,,Abby Stoddard|Meriah-Jo Breckenridge|Monica Czwarno|Mariana Duque-Diez,,,,,,,,,1fe251a4-ed86-40b0-be14-ca863ee1d841,,,,,https://humanitarianoutcomes.org/sites/default/files/publications/ho_aws-preview_july_23_final.pdf,en,,,,,,,,
Solidarity at scale,,"This report provides a brief snapshot of issues and challenges facing humanitarian responders during the first 10 days of the earthquake response. It is based on interviews with local responders in Syria and Türkiye, as well as a review of the emerging reports on the response and lessons learnt papers from previous earthquake responses.",,report,,2023-02-01,,,https://humanitarianoutcomes.org/local_responder_perspectives_earthquake_2023,,,,,,,,,,,,,,,,,,,Alexa Swift|Muhannad Al-Rish|Louisa Seferis|Rosa Akbari,,,,,,,,,1fe251a4-ed86-40b0-be14-ca863ee1d841,,,,,https://humanitarianoutcomes.org/sites/default/files/publications/ho-ukhih_syria_turkey_2_28_23.pdf,en,,,,,,,,
Aid Worker Security Report 2023 - Security Training in the Humanitarian Sector:  Issues of equity and effectiveness,,"This year’s Aid Worker Security Report discusses the trend of localised security risk reflected in the latest verified data, and examines an area of security risk management that exemplifies the disparities in the sector: security training. Training for aid workers operating in high-risk environments, particularly the in-person, experiential courses that simulate incident scenarios and those that teach critical first aid skills, are costly. Despite a dearth of hard evidence proving their effectiveness, the consensus among humanitarian security professionals seems to be that these courses, if well-designed and context-specific, are worth the investment. After a presentation of the latest aid worker security statistics, this report will delve into the questions and ethical implications around security training: who gets it, what should it consist of, and how do we know it works?",,report,,2023-08-01,,,https://humanitarianoutcomes.org/AWSR_2023,,,,,,,,,,,,,,,,,,,Meriah-Jo Breckenridge|Monica Czwarno|Mariana Duque-Diez|Adelicia Fairbanks|Paul Harvey|Abby Stoddard,,,,,,,,,1fe251a4-ed86-40b0-be14-ca863ee1d841,,,,,https://humanitarianoutcomes.org/sites/default/files/publications/ho_aidworkersectyreport_2023_d.pdf,en,,,,,,,,
Linking Humanitarian Cash Assistance and National Social Protection Systems,,"This study looks at the current (2020-2022) alignment and links between social protection programs on the one hand and humanitarian assistance provided by donors and agencies on the other in six countries in the Sahel region: Burkina Faso, Chad, Mali, Mauritania, Niger, and Senegal. The study aims to identify the most effective ways to align the two forms of assistance and the key factors that either enable or constrain this convergence and to provide strategic, policy, and operational reflections on the potential for harmonizing the two kinds of assistance and the value that this could add to the countries of the region.",,report,,2023-04-01,,,https://humanitarianoutcomes.org/publications/linking-humanitarian-cash-assistance-and-national-social-protection-systems,,,,,,,,,,,,,,,,,,,Corinna Kreidler|Sophie Battas|Karin Seyfert|Mira Saidi,,,,,,,,,1fe251a4-ed86-40b0-be14-ca863ee1d841,,,,,https://humanitarianoutcomes.org/sites/default/files/publications/sahel_socpro_2023.pdf,en,,,,,,,,
Attacks on Aid Workers - timeline through 2021,,,,report,,2022-08-01,,,https://humanitarianoutcomes.org/AWSD_dataviz_2022,,,,,,,,,,,,,,,,,,,,,,,,,,,,1fe251a4-ed86-40b0-be14-ca863ee1d841,,,,,,,,,,,,,,
Figures at a Glance 2022,,This report presents the latest verified statistics on aid worker violence from Humanitarian Outcomes' Aid Worker Security Database. This preview gives updated numbers and trends through 2021.,,report,,2022-07-01,,,https://humanitarianoutcomes.org/figures_at_a_glance_2022,,,,,,,,,,,,,,,,,,,Abby Stoddard|Monica Czwarno|Meriah-Jo Breckenridge,,,,,,,,,1fe251a4-ed86-40b0-be14-ca863ee1d841,,,,,https://humanitarianoutcomes.org/sites/default/files/publications/awsd_figures_2022.pdf,en,,,,,,,,
Aid Worker Security Report 2022 - Collateral violence,,"This year’s Aid Worker Security Report examines the type of security incidents that involve what is often called collateral damage, which includes airstrikes, shelling, landmines, unexploded ordnance and other remnants of war, and crossfire.The likelihood of staff falling victim to these forms of attack may be low, but because it can be harder to predict, and the consequences can be so severe, the risk is harder to mitigate against. As a result, it often becomes the hard line in an agency’s decision to be present or not.Across the humanitarian sector generally, aid agencies are not equipped or willing to work amid these risks, and far less the risk of chemical, biological, nuclear, and radiological (CBRN) attacks or events. The research for this report included interviews with aid practitioners working in Myanmar, Ethiopia (Tigray), Ukraine, Syria, and Yemen, and other professionals experienced in humanitarian operations in major conflict.",,report,,2022-08-01,,,https://humanitarianoutcomes.org/AWSR_2022,,,,,,,,,,,,,,,,,,,Abby Stoddard|Paul Harvey|Monica Czwarno|Meriah-Jo Breckenridge,,,,,,,,,1fe251a4-ed86-40b0-be14-ca863ee1d841,,,,,https://humanitarianoutcomes.org/sites/default/files/publications/awsr_2022.pdf,en,,,,,,,,
Підтримати місцеві ініціативи: Нові гуманітарні пріоритети в Україні березень-травень 2022 р.,,"Російське вторгнення в Україну наприкінці лютого 2022 року призвело до того, що приблизно 16 мільйонів людей були вимушені залишити свої домівки або намагалися вижити в екстремальних умовах конфлікту та терміново потребували гуманітарної допомоги. Раптова масштабна надзвичайна ситуація, пов’язана з високими ризиками для операцій з надання допомоги, поставила перед міжнародною системою допомоги як нові, так і вже знайомі виклики. Попри те, що ситуація продовжує змінюватися щодня, деякі ключові особливості та проблеми динамічного реагування на допомогу стали зрозумілими. Огляд даних та інтерв’ю з національними та міжнародними гуманітарними діячами та експертами протягом травня 2022 року виявив такі широкі тенденції та проблеми.",,report,,2022-06-01,,,https://humanitarianoutcomes.org/Ukraine_response_June_2022_Ukr,,,,,,,,,,,,,,,,,,,Abby Stoddard|Paul Harvey|Nigel Timmins|Varvara Pakhomenko|Meriah-Jo Breckenridge|Monica Czwarno,,,,,,,,,1fe251a4-ed86-40b0-be14-ca863ee1d841,,,,,https://humanitarianoutcomes.org/sites/default/files/publications/ukraine_review_june_ukr.pdf,en,,,,,,,,
Watch now | Learning for Ukraine: Challenges and Opportunities for Change,,"On 5 July 2022, ALNAP and partners delivered a webinar and interactive practitioner exchange to explore the issues and challenges posed by this crisis, how humanitarians are grappling with them, and the learning opportunities going forward.This event, organised with the United Kingdom Humanitarian Innovation Hub and Humanitarian Outcomes, was made up of two parts:A public webinar with a panel discussion and Q&A open to all (13.00-14.30 BST / 14.00-15.30 CET).A smaller interactive practitioner exchange on selected themes for participants to share learning emerging so far from this unique crisis and response (14:45 - 16:00 BST / 15:45 - 17:00 CET) | .",,report,,2022-07-01,,,https://humanitarianoutcomes.org/publications/watch-now-learning-ukraine-challenges-and-opportunities-change,,,,,,,,,,,,,,,,,,,,,,,,,,,,1fe251a4-ed86-40b0-be14-ca863ee1d841,,,,,https://www.alnap.org/upcoming-events/watch-now-learning-for-ukraine-challenges-and-opportunities-for-change,en,,,,,,,,
Enabling the local response: Emerging humanitarian priorities in Ukraine March–May 2022,,"Three months after the Russian invasion in late February 2022, an estimated 16 million Ukrainians, displaced from their homes or struggling to survive under extreme conflict conditions, urgently require humanitarian assistance. What amounts to a massive, sudden-onset emergency involving high risks for aid operations has brought challenges both new and familiar to the international aid system. Although the situation continues to change daily, some key features and issues of the evolving aid response have come into view. This brief describes the state of the humanitarian response in Ukraine in the first quarter of the invasion. More information about the review is available under the . Download the .",,report,,2022-06-01,,,https://humanitarianoutcomes.org/Ukraine_review_June_2022,,,,,,,,,,,,,,,,,,,Abby Stoddard|Paul Harvey|Nigel Timmins|Varvara Pakhomenko|Meriah-Jo Breckenridge|Monica Czwarno,,,,,,,,,1fe251a4-ed86-40b0-be14-ca863ee1d841,,,,,https://humanitarianoutcomes.org/sites/default/files/publications/ukraine_review_2022.pdf,en,,,,,,,,
Why (and how) should humanitarian actors consider looking at existing Social Protection systems from the ‘first-wave’ of an emergency response? A take on the Ukraine crisis.,,"This brief is a rapid analysis of the opportunities in Ukraine for humanitarian actors to work with existing social protection systems from the onset of the emergency. Doing so is often not prioritised during the early phases of emergencies when there is pressure to deliver. This is because social protection systems are considered to be ‘developmental’ and frequently regarded as part of a longer-term approach to be linked with at later stages during emergency programmes handover or when developing exit strategies. But understanding more about, as well as coordinating and working directly with, existing systems can be a valuable starting point to co-create and deliver an effective, localised and accountable humanitarian response, whilst still being swift, impartial and lifesaving.",,report,,2022-04-01,,,https://humanitarianoutcomes.org/publications/why-and-how-should-humanitarian-actors-consider-looking-existing-social-protection,,,,,,,,,,,,,,,,,,,Carla Lacerda,,,,,,,,,1fe251a4-ed86-40b0-be14-ca863ee1d841,,,,,https://humanitarianoutcomes.org/sites/default/files/publications/lacerda_carla_brief_ukraine_2022_0_0.pdf,en,,,,,,,,
[Urdu translation] Floods in Pakistan: Rethinking the humanitarian role,,"The scale of the flooding in Pakistan since June 2022 is immense, with impacts exceeding previous disasters such as the 2010 floods. An estimated 33 million people have been affected, with 7.9 million displaced, and an estimated US$30 billion in combined losses and damages. Large parts of Sindh and some areas in other provinces remain inundated. Pakistan’s government and civil society entities are struggling to mount a commensurately large-scale humanitarian response that can meet critical needs, with a fraction of the international humanitarian funding and operational support that was mobilised in 2010.Evidence from interviews, available data, and a survey of affected people suggests that the international relief response to date has fallen well short of the need, raising fears for the prospects of recovery.This report is in Urdu. The .",,report,,2022-12-01,,,https://humanitarianoutcomes.org/Pakistan_Floods_Urdu_2022,,,,,,,,,,,,,,,,,,,Paul Harvey|Abby Stoddard|Lewis Sida|Nigel Timmins|Shafqat Munir Ahmed|Meriah-Jo Breckenridge|Shoaib Jillani,,,,,,,,,1fe251a4-ed86-40b0-be14-ca863ee1d841,,,,,https://humanitarianoutcomes.org/sites/default/files/publications/urdu_ho-ukhih_pakistan.pdf,en,,,,,,,,
Floods in Pakistan: Rethinking the humanitarian role,,"The scale of the flooding in Pakistan since June 2022 is immense, with impacts exceeding previous disasters such as the 2010 floods. An estimated 33 million people have been affected, with 7.9 million displaced, and an estimated US$30 billion in combined losses and damages. Large parts of Sindh and some areas in other provinces remain inundated. Pakistan’s government and civil society entities are struggling to mount a commensurately large-scale humanitarian response that can meet critical needs, with a fraction of the international humanitarian funding and operational support that was mobilised in 2010.Evidence from interviews, available data, and a survey of affected people suggests that the international relief response to date has fallen well short of the need, raising fears for the prospects of recovery.The report is .",,report,,2022-11-01,,,https://humanitarianoutcomes.org/Pakistan_Floods_2022,,,,,,,,,,,,,,,,,,,Paul Harvey|Abby Stoddard|Lewis Sida|Nigel Timmins|Shafqat Munir Ahmed|Meriah-Jo Breckenridge|Shoaib Jillani,,,,,,,,,1fe251a4-ed86-40b0-be14-ca863ee1d841,,,,,https://humanitarianoutcomes.org/sites/default/files/publications/pakistan_floods_1122.pdf,en,,,,,,,,
Floods in Pakistan: Rethinking the humanitarian role,,"The scale of the flooding in Pakistan since June 2022 is immense, with impacts exceeding previous disasters such as the 2010 floods. An estimated 33 million people have been affected, with 7.9 million displaced, and an estimated US$30 billion in combined losses and damages. Large parts of Sindh and some areas in other provinces remain inundated. Pakistan’s government and civil society entities are struggling to mount a commensurately large-scale humanitarian response that can meet critical needs, with a fraction of the international humanitarian funding and operational support that was mobilised in 2010.Evidence from interviews, available data, and a survey of affected people suggests that the international relief response to date has fallen well short of the need, raising fears for the prospects of recovery.The report is .",,report,,2022-11-01,,,https://humanitarianoutcomes.org/Pakistan_Floods_2022,,,,,,,,,,,,,,,,,,,Paul Harvey|Abby Stoddard|Lewis Sida|Nigel Timmins|Shafqat Munir Ahmed|Meriah-Jo Breckenridge|Shoaib Jillani,,,,,,,,,1fe251a4-ed86-40b0-be14-ca863ee1d841,,,,,https://humanitarianoutcomes.org/sites/default/files/publications/urdu_ho-ukhih_pakistan_1.pdf,ur,,,,,,,,
Risk Management & Decision Making Under Uncertainty During the Afghanistan Crisis 2021,,"The Taliban takeover of Kabul in summer 2021 resulted in humanitarian organisations triggering contingency plans and crisis management mechanisms with varied and uneven results. Some were able to continue operations with minimal interruptions, whereas others dealt with chaotic evacuation responses. What transpired was an extreme example of witnessing crisis decision-making under conditions of radical uncertainty in real circumstances. Drawing upon contemporary thinking on risk, uncertainty, and security risk management in the humanitarian sector, and through a combination of surveys and interviews, this research project explored the crisis management practices surrounding the Taliban takeover of Kabul, on 15th August 2021. Through targeted interviews and the surveying of humanitarian professionals in leadership positions in Afghanistan during the crisis, the research aimed to identify lessons that could benefit the humanitarian community and safety and security decision-makers.",,report,,2022-09-01,,,https://humanitarianoutcomes.org/publications/risk-management-decision-making-under-uncertainty-during-afghanistan-crisis-2021,,,,,,,,,,,,,,,,,,,Araba Cole|Panagiotis Olympiou,,,,,,,,,1fe251a4-ed86-40b0-be14-ca863ee1d841,,,,,https://humanitarianoutcomes.org/sites/default/files/publications/cole_olympiou_risk-management-decision-making-under-uncertainty-during-the-afghanistan-crisis-2021.pdf,en,,,,,,,,
"Increasing the Use of Humanitarian Cash and Voucher Assistance: Opportunities, Barriers and Dilemmas",,"This report is  through the  Network.The use of cash and voucher assistance (CVA) has grown rapidly in recent years, nearly doubling as a proportion of international humanitarian assistance since 2016 and now accounting for approximately 19%. Yet it is clear that there is potential to increase the use of CVA significantly more.The research found that:",,report,,2022-12-01,,,https://humanitarianoutcomes.org/publications/humanitarian-cash-and-voucher-assistance_CALP_2022_Kreidler,,,,,,,,,,,,,,,,,,,Corinna Kreidler|Niklas Reiger,,,,,,,,,1fe251a4-ed86-40b0-be14-ca863ee1d841,,,,,https://www.calpnetwork.org/publication/increasing-the-use-of-humanitarian-cash-and-voucher-assistance/,en,,,,,,,,
Where Next? The Evolving Landscape of Cash and Voucher Policies,,"This report is  through the CALP Network.The use of Cash and Voucher Assistance is considered one of the 2016 Grand Bargain’s most successful achievements.   CVA now accounts for approximately 19% of international humanitarian assistance, and has- according to the sister study for this report and  – the potential to increase significantly more.  This report explores how early policy commitments impacted the evolution of CVA and distils what the CVA policy landscape looks like now.",,report,,2022-12-01,,,https://humanitarianoutcomes.org/publications/evolving-cash-and-voucher-policies,,,,,,,,,,,,,,,,,,,Corinna Kreidler|Glyn Taylor,,,,,,,,,1fe251a4-ed86-40b0-be14-ca863ee1d841,,,,,https://www.calpnetwork.org/publication/where-next-the-evolving-landscape-of-cash-and-voucher-policies/,en,,,,,,,,
Aid Worker Security Database Signal Alert Report - Politically motived attacks rising in Myanmar,,"An increase in violence against aid workers in 2021 reflects the continuing instability following the February coup, with the direct targeting of aid workers and violent detentions significantly altering the risk environment for aid operations.The new Signal Alert report is available on the Aid Worker Security website. Please  to download the report.",,report,,2021-12-01,,,https://humanitarianoutcomes.org/publications/signal-alert-myanmar,,,,,,,,,,,,,,,,,,,,,,,,,,,,1fe251a4-ed86-40b0-be14-ca863ee1d841,,,,,https://aidworkersecurity.org/sites/default/files/2021-12/AWSD%20Signal%20Alert_Myanmar_Final_2021.pdf,en,,,,,,,,
Aid Worker Security Report 2021 - Crime risks and responses in humanitarian operations,,"Historically, the most dangerous operational settings for aid workers have been places where armed conflict is occurring. Most of the aid worker casualties (fatalities, serious injuries and abductions) result from attacks by non-state armed actors engaged in asymmetric conflict and advancing some sort of political, strategic or ideological objectives. But aid workers also face significant risks from violent ‘common’ criminals who attack for purely economic or opportunistic reasons. In many insecure operational settings today, economic criminality (as opposed to attacks by conflict actors) accounts for a third or more of serious incidents against aid workers and can involve extreme violence.How aid workers and their organisations understand and mitigate these two types of risk is the subject of this edition of the Aid Worker Security Report. The research includes quantitative data on perpetrators and motives recorded in the Aid Worker Security Database (AWSD), augmented by global crime statistics and individual aid organisations’ incident records. We also interviewed external experts on criminology along with humanitarian security professionals and programme managers from high-risk operational contexts. The report examines the relationship between political violence and economic crime in humanitarian contexts, the challenges for humanitarians in analysing and addressing the crime threat, and ideas for new approaches from inside and outside the humanitarian sector.",,report,,2021-10-01,,,https://humanitarianoutcomes.org/AWSR2021,,,,,,,,,,,,,,,,,,,Abby Stoddard|Paul Harvey|Monica Czwarno|Meriah-Jo Breckenridge,,,,,,,,,1fe251a4-ed86-40b0-be14-ca863ee1d841,,,,,https://humanitarianoutcomes.org/sites/default/files/publications/awsr2021.pdf,en,,,,,,,,
Aid Worker Security Database Signal Alert Report - Afghanistan,,"A smaller aid presence contends with severe needs and potential new threats. After a relative dip in 2020, the number of aid workers affected by major violence in Afghanistan spiked in June 2021, when US troop withdrawals met with a major military push by the Taliban to seize control of the country.The new Signal Alert report is available on the Aid Worker Security website. Please  to download the report.",,report,,2021-11-01,,,https://humanitarianoutcomes.org/publications/aid-worker-security-database-signal-alert-report-afghanistan,,,,,,,,,,,,,,,,,,,,,,,,,,,,1fe251a4-ed86-40b0-be14-ca863ee1d841,,,,,https://aidworkersecurity.org/sites/default/files/2021-11/Signal%20Alert%20Afghanistan_2021.pdf,en,,,,,,,,
Figures at a Glance 2021,,This report presents the latest verified statistics on aid worker violence from Humanitarian Outcomes' Aid Worker Security Database. This preview gives updated numbers and trends through 2020.,,report,,2021-07-01,,,https://humanitarianoutcomes.org/figures_at_a_glance_2021,,,,,,,,,,,,,,,,,,,Abby Stoddard|Monica Czwarno|Meriah-Jo Breckenridge,,,,,,,,,1fe251a4-ed86-40b0-be14-ca863ee1d841,,,,,https://humanitarianoutcomes.org/sites/default/files/publications/figures_at_glance_2021.pdf,en,,,,,,,,
Humanitarian Access SCORE Report: Iraq,,"Under the CORE research programme, supported by USAID’s Bureau for Humanitarian Assistance (USAID/BHA), Humanitarian Outcomes is studying how aid is delivered in access-constrained conflict areas. In partnership with GeoPoll, the project conducts remote telephone surveys of crisis-affected people on their perceptions of the effectiveness of the aid response and the access challenges in their areas. Combined with key informant interviews with humanitarian responders and other contextual research, the survey results help to identify the humanitarian providers and practices that have achieved the greatest presence and coverage in difficult environments.This SCORE report features findings from a survey of 502 people in the central and northern governorates of Iraq (62% men, 38% women) conducted in May 2021. A follow-up survey of 120 of those respondents in June 2021 (58% men, 43% women) probed further into the results. Live operators for GeoPoll conducted the surveys in Iraqi Arabic and Kurdish. Humanitarian Outcomes researchers conducted anonymous interviews with 20 key informants among the humanitarian organisations working in Iraq, as well as donor government representatives.",,report,,2021-07-01,,,https://humanitarianoutcomes.org/SCORE_Iraq_2021,,,,,,,,,,,,,,,,,,,Abby Stoddard|Paul Harvey|Monica Czwarno|Meriah-Jo Breckenridge,,,,,,,,,1fe251a4-ed86-40b0-be14-ca863ee1d841,,,,,https://humanitarianoutcomes.org/sites/default/files/publications/score_iraq_2021.pdf,en,,,,,,,,
"MOPAN Assessment Report: United Nations Office for the Coordination of Humanitarian Affairs (OCHA), 2020 Assessment Cycle",,"The period since the last MOPAN review of OCHA, published in 2017, has been a turbulent one in global humanitarian affairs. As a co-ordinating body, OCHA has faced both sharp rises in the scale and complexity of humanitarian needs and demands for complex reforms of the global humanitarian system. Despite the challenging context, OCHA has made considerable progress in articulating its strategic vision, based around its five core functions. Following a major organisational restructuring, its New Operating Model, introduced in 2018, has given it greater operational coherence, with clear alignment between its functions and structures. It has also improved its agility and responsiveness. This was well demonstrated in its early response to the COVID-19 pandemic, when OCHA moved quickly and effectively to co-ordinate the first COVID-19 Global Humanitarian Response Plan within a few weeks of the World Health Organization (WHO) announcing the pandemic. It also established an Organisational Development Unit to keep its systems and processes under review – a positive sign of an organisation on an improving trajectory.However, not all of its reform objectives have been achieved. It has fallen short of its ambitions on decentralisation. While it has devolved some functions around procurement and budget execution, there is no clear overall trend towards decentralisation of either budgets or staffing. External partners remain concerned that understaffing in the field remains a constraint on OCHA’s effectiveness. The assessment also encountered concerns, both from within OCHA and from external partners, that decision making has become more top-down and less consultative. Despite the volatile external context, OCHA has not updated its 2018 Strategic Plan. Some important changes in strategic direction have been made without any formal strategic review process, including a new corporate priority on anticipatory action and changes to the objectives and functions of CERF, creating uncertainty and a lack of buy-in. For an organisation that works by promoting voluntary co-ordination, any breakdown in consensus is potentially a serious matter.",,report,,2021-10-01,,,https://humanitarianoutcomes.org/publications/mopan-assessment-report-united-nations-office-coordination-humanitarian-affairs-ocha,,,,,,,,,,,,,,,,,,,,,,,,,,,,1fe251a4-ed86-40b0-be14-ca863ee1d841,,,,,https://humanitarianoutcomes.org/sites/default/files/publications/mopan_assessment_ocha_web.pdf,en,,,,,,,,
GDHO Process Summary,,"GDHO research process, data collection, and imputation summary.",,report,,2022-02-01,,,https://humanitarianoutcomes.org/publications/gdho-process-summary,,,,,,,,,,,,,,,,,,,Abby Stoddard|Meriah-Jo Breckenridge,,,,,,,,,1fe251a4-ed86-40b0-be14-ca863ee1d841,,,,,https://humanitarianoutcomes.org/sites/default/files/publications/gdho_process_summary.pdf,en,,,,,,,,
GDHO Process Infographic,,Global database of humanitarian organisations research and imputation process infographic.,,report,,2022-02-01,,,https://humanitarianoutcomes.org/publications/gdho-process-infographic,,,,,,,,,,,,,,,,,,,,,,,,,,,,1fe251a4-ed86-40b0-be14-ca863ee1d841,,,,,https://humanitarianoutcomes.org/sites/default/files/publications/gdho-process_infographic.pdf,en,,,,,,,,
Blog: ECHO’s new cash policy – what’s good and what’s missing?,,"A new ECHO Thematic Policy on humanitarian cash was published this week. It updates and replaces the Funding Guidelines on Cash and Vouchers from 2013. It’s a really valuable new resource which presents clear guidance for ECHO’s partners and there is a lot to like about it. This blog makes some early observations about the policy. It’s written by Paul Harvey, Valentina Barca, Louisa Seferis and Calum McLean who have all been working on humanitarian cash and social protection issues as researchers, consultants and practitioners. Calum helped to draft the policy. What’s working.There’s a much stronger focus on linking humanitarian cash with social protection than in the previous iteration. This is really welcome. It reflects how far debates and policies have moved over the last 10 years, with shifts in approach among donor governments and aid agencies, plus more widespread social protection systems in crisis affected countries for humanitarian cash to link to. As Ugo Gentilini noted,‘One of the biggest difference between 2022 vs 2013 guidance?  In the latter, social protection wasn't mentioned once; now, it appears 88 times, and perhaps not accidentally it's featured prominently in section 1.’So this isn’t just lip service: linkages between humanitarian cash and social protection are front and centre of the new guidance with the opening chapter focused on linkages and operationalizing the humanitarian-development-peace ‘nexus’.  ECHO states that 'DG ECHO-funded humanitarian cash should link, preferably at the outset, to a systems approach that strengthens local capacity and links to durable solutions' ... 'This may involve linking with social protection systems'.It’s also good to see openness to going beyond ‘usual suspects’ (social assistance and especially cash transfer programmes), to enable consideration to supporting social insurance or health insurance, where feasible and appropriate.  This will be critical to the medium-term protection of the ‘Missing Middle’ – including informal workers and other categories who are just one-shock away from destitution:  not poor enough for social assistance but not formally employed nor rich enough to be covered by social insurance.The importance of ""weighing up the trade-offs of linking cash to Social Protection systems rather than linking by default"" is highlighted. For more on how to do this in practice, it’s worth looking at this SPACE analysis which identifies key questions to be asked when weighing options, and endorses an overall focus on routine systems building over time. The ECHO focus on working collaboratively at all levels of the social protection system – and strategically starting where entry points are clearest (e.g. specific points in the delivery chain, or in the policy and design process) -  draws on years of collective and cross-sectoral thinking and action from colleagues worldwide, including further SPACE resources on linkages in the COVID response and overcoming coordination barriers to linkages. We find four specific areas of the guidance particularly important for strengthening humanitarian cash responses: cash over vouchers; separation of functions; metrics on value for money; and harmonising approaches:From the perspective of beneficiary choice and dignity, ECHO takes a strong policy stance on cash (that people can spend on whatever they choose) over vouchers (which have greater restrictions on what people can buy). That’s welcome given evidence on the effectiveness of cash over vouchers  in Lebanon, and topical, given WFP’s plans for a large voucher programme in Ukraine.ECHO has led the way in calling for large-scale cash programmes to have a separation between assessment, implementation, and monitoring functions. This, at times, controversial position is still in the guidance -  'For large-scale cash programmes ... partners are encouraged to segregate the functions related to the fundamental elements of a cash transfer programme cycle (assessments, design and monitoring)'. For smaller scale programmes this is less prominent with the exception of an independent MEAL, which “should become the norm in any context”  Regardless of views on the pros and cons of separating functions, there is scope to think through the potential for more locally-led models that draw on the complementarities between UN, INGO and LNGO key strengths.ECHO also continues to lead the way in demanding clear metrics on cost efficiency and value for money. The policy states that, 'Partners should use the total cost to transfer ratio (TCTR) as a standard way of measuring cost-efficiency, defined as the proportion of the value of net transfers received by beneficiaries to the total programme cost' and that partners are expected to reach a ratio of at least 85:15 in large-scale programmes. More systematic collection and transparency around data would be great – at the moment there is still a lot of missing data from humanitarian and social protection sides to be able to truly assess, compare and contrast full cost streams. If you want to know more about how this might be done,  Emily Wylde discusses some of the challenges with systematizing better value for money analysis, and reflections on which collective outcomes agencies should measure themselves against to determine effectiveness can be found here.ECHO emphasises the need for partners to harmonise approaches across cash programming, reflecting experience in the field especially from the Syria crisis (Greece, Turkey, Lebanon etc.). This includes a strong section on digitalisation, interoperability and data protection as a well thought out part of the policy, reflecting the needs of partners to improve programming while doing ‘no digital harm’.What’s missing, or unclear? As is common with nexus related guidance, there’s less about how agencies might tackle the peace dimension of the nexus and oddly there’s no mention of climate change. On targeting, ECHO states that 'targeting criteria for DG ECHO-funded cash assistance should include socioeconomic vulnerability and the protection concerns of individuals and groups'. This left us wondering if ECHO could support categorical social protection benefits such as social pensions or child grants, if that was the best way of reaching vulnerable people transparently and effectively, while supporting existing social protection systems. More explicitly making clear if that is an option would be helpful. The Guidance nevertheless has an important focus on those who are most vulnerable, as well as on gender and social inclusion considerations.On transfer values the policy picks up on the challenge that payments made by humanitarian agencies often far exceed those received by social protection recipients.  ECHO states that ""Where appropriate, the transfer value should be set to facilitate linkages between humanitarian cash responses and SP systems"" but has less to say on how this can be done. There’s more on the HOW and WHY this is so complex here. Examples of country-specific 'solutions' stress the need for different actors to put themselves in each other’s shoes – in order to set transfer values at levels that are both effective and sustainable.There’s little to disagree with in a section on accountability and important considerations, but it would be good to get beyond ""beneficiary participation and decision-making"" and integrate aspects of accountability that do not only consider those who end up benefiting and include an equal focus on people who might be excluded. And there could be more emphasis on considerations and challenges in linking state and aid agency, and developing shared development and humanitarian language when it comes to approaches to accountability. Finally, there’s a great checklist towards the end of the ECHO Policy document for use by partners developing proposals. Overall, congratulations are due to ECHO for a strong piece of policy development. There’s nothing startlingly new or unexpected but it’s a really useful summary, compilation of resources and clear statement of ECHO's position.",,report,,2022-03-01,,,https://humanitarianoutcomes.org/publications/blog-echo-humanitarian-cash-2022,,,,,,,,,,,,,,,,,,,Paul Harvey|Valentina Barca|Louisa Seferis|Calum McLean,,,,,,,,,1fe251a4-ed86-40b0-be14-ca863ee1d841,,,,,https://ec.europa.eu/echo/files/policies/sectoral/them_policy_doc_cashandvouchers_en.pdf,en,,,,,,,,
Oslo SGBV Commitments 2021 Collective Progress Report,,"The May 2019 Oslo conference on Ending Sexual and Gender-Based Violence in Humanitarian Crises resulted in 47 participating governments, UN agencies, non-governmental organisations, and other entities making formal commitments for 2020 focused on the prevention, protection and response to sexual and gender-based violence (SGBV) in humanitarian crises. This report is the second in a three-year tracking project supported by the Government of Norway to measure annual progress, as self-reported by participants.",,report,,2022-02-01,,,https://humanitarianoutcomes.org/publications/oslo-sgbv-commitments-2021-collective-progress-report,,,,,,,,,,,,,,,,,,,Adelicia Fairbanks,,,,,,,,,1fe251a4-ed86-40b0-be14-ca863ee1d841,,,,,https://humanitarianoutcomes.org/sites/default/files/publications/2021_oslo_sgbv_commitments_collective_progress_report_0.pdf,en,,,,,,,,
Humanitarian Access SCORE Report: Yemen,,"An internationalised civil war has raged in one of the world’s poorest countries for over seven years, triggering economic collapse, widespread population displacement, and famine. All parties to the conflict in Yemen have violated international humanitarian law and the human rights of civilians, an estimated 20.7 million of whom (67% of the population) are in need of aid. Yemen is the world’s largest coordinated humanitarian response to date, but aid actors’ operations are hamstrung by political restrictions on their movements and in their ability to gather necessary information on which to base an effective aid response. Especially in the north, where authorities have blocked needs assessments and surveys and limited the ability of aid agencies to travel, the humanitarian sector is in the dark about whether aid is being provided effectively, if it is reaching the people who most need it, and the extent of diversion and manipulation that is taking place. The SCORE survey of affected people in Yemen, conducted in December 2021, suggests that humanitarians’ worries are justified.This SCORE report presents findings from a survey of 426 people across Yemen (for a 5% margin of error and 95% confidence interval). The SCORE questionnaire was translated into Arabic and GeoPoll’s live operators conducted the mobile phone survey in December 2021. The respondent group was 48% men, 52% women, and the survey was geographically targeted so that 80% of respondents were based in northern governorates. Humanitarian Outcomes researchers also conducted interviews with 15 anonymous key informants among the humanitarian organisations working in Yemen, as well as donor government representatives.Full survey results and additional information on the SCORE research methodology, including an interactive dashboard of response data, are available .",,report,,2022-03-01,,,https://humanitarianoutcomes.org/SCORE_Yemen_March_2022,,,,,,,,,,,,,,,,,,,Paul Harvey|Abby Stoddard|Monica Czwarno|Meriah-Jo Breckenridge,,,,,,,,,1fe251a4-ed86-40b0-be14-ca863ee1d841,,,,,https://humanitarianoutcomes.org/sites/default/files/publications/score_yemen_2022.pdf,en,,,,,,,,
Ukraine – can social protection be sustained and support a humanitarian response?,,Click here to be redirected to the briefing on the .A recorded panel session from ODI is .,,report,,2022-03-01,,,https://humanitarianoutcomes.org/Ukraine_CIDT_2022,,,,,,,,,,,,,,,,,,,Bozena Sojka|Paul Harvey|Rachel Slater,,,,,,,,,1fe251a4-ed86-40b0-be14-ca863ee1d841,,,,,https://cidt.org.uk/ukraine-can-social-protection-be-sustained-and-support-a-humanitarian-response/,en,,,,,,,,
Figures at a Glance 2020,,This report presents the latest verified statistics on aid worker violence from Humanitarian Outcomes' Aid Worker Security Database. This preview gives updated numbers and trends through 2019.,,report,,2020-07-01,,,https://humanitarianoutcomes.org/publications/AWSDfigures2020,,,,,,,,,,,,,,,,,,,Abby Stoddard,,,,,,,,,1fe251a4-ed86-40b0-be14-ca863ee1d841,,,,,https://humanitarianoutcomes.org/sites/default/files/publications/awsdfigures2020.pdf,en,,,,,,,,
Humanitarian Access SCORE Report: Central African Republic,,"Under the , supported by the Office of US Foreign Disaster Assistance of the United States Agency for International Development (USAID/OFDA), Humanitarian Outcomes is studying how aid is delivered in hard-to-access conflict areas. In partnership with GeoPoll, the project conducts remote telephone surveys of crisis-affected people on their perceptions of the effectiveness of the aid response and the access challenges in their areas. Combined with key informant interviews of humanitarian responders and other contextual research, the survey results help identify the humanitarian providers and practices that have achieved the greatest presence and coverage in difficult environments.This SCORE report features findings from a survey of 555 people in Central African Republic (CAR) (57% male, 43% female) conducted 17–23 March 2020. Surveys were conducted in French by live operators and covered all 16 prefectures. The research team also conducted anonymous interviews with a dozen key humanitarian actors in CAR, including NGOs, UN agencies and the International Red Cross and Red Crescent Movement.More information on the SCORE methodology, including the survey instrument and an interactive dashboard of all response data, is available on the .",,report,,2020-06-01,,,https://humanitarianoutcomes.org/publications/SCORE_CAR_2020,,,,,,,,,,,,,,,,,,,Abby Stoddard|Paul Harvey|Monica Czwarno|Meriah-Jo Breckenridge,,,,,,,,,1fe251a4-ed86-40b0-be14-ca863ee1d841,,,,,https://humanitarianoutcomes.org/sites/default/files/publications/score_car_2020.pdf,en,,,,,,,,
Aid Worker Security Report 2020 - Contending with threats to humanitarian health workers in the age of epidemics,,"The provision and protection of health care in conflicts is foundational to international humanitarian law (IHL), and in every humanitarian emergency, health workers represent a vital cadre of responders. Yet flagrant violations of these protections and commitments continue in war zones, and health workers can face threats not just from armed actors, but from aid recipients and their communities acting out of fear, misperception, or grievance.Recent surges in attacks against health personnel, from ‘double-tap’ strikes on medics in Syria to assaults and shootings of Ebola workers in Democratic Republic of Congo (DRC), helped make 2019 the worst year on record for aid worker casualties. This year’s Aid Worker Security Report therefore focuses on humanitarians working in the health sector. We examine the data on attacks against health workers and discuss how the humanitarian sector is dealing with the new risks and disruptions caused by major epidemics occurring in contexts of broader complex emergency.",,report,,2020-08-01,,,https://humanitarianoutcomes.org/AWSR2020,,,,,,,,,,,,,,,,,,,Abby Stoddard|Paul Harvey|Monica Czwarno|Meriah-Jo Breckenridge,,,,,,,,,1fe251a4-ed86-40b0-be14-ca863ee1d841,,,,,https://humanitarianoutcomes.org/sites/default/files/publications/awsr2020_0_0.pdf,en,,,,,,,,
"Most violent humanitarian contexts, 1997-2020",,You may use this data visual for non-commercial purposes as long as the visual is not altered and the citation to the AWSD is not removed. Please give credit to Humanitarian Outcomes (2020). In what capacity did you use this visual? Feel free to let us know via info@aidworkersecurity.org.,,report,,2020-07-01,,,https://humanitarianoutcomes.org/publications/AWSDviz2020,,,,,,,,,,,,,,,,,,,,,,,,,,,,1fe251a4-ed86-40b0-be14-ca863ee1d841,,,,,,,,,,,,,,
"Humanitarian Access SCORE Report: Tigray, Ethiopia",,"Under the CORE research programme, supported by USAID’s Bureau for Humanitarian Assistance (USAID/BHA), Humanitarian Outcomes is studying how aid is delivered in access-constrained conflict areas. In partnership with GeoPoll, the project conducts remote telephone surveys of crisis-affected people on their perceptions of the effectiveness of the aid response and the access challenges in their areas. Combined with key informant interviews with humanitarian responders and other contextual research, the survey results help to identify the humanitarian providers and practices that have achieved the greatest presence and coverage in difficult environments.This SCORE report features findings from a survey of 614 people in the Tigray region of Ethiopia (49% men, 51% women) conducted between 17 February and 8 March 2021. Live operators for GeoPoll conducted the survey in the Amharic and Tigrinya languages. Humanitarian Outcomes researchers also conducted anonymous interviews with 25 key informants among the humanitarian organisations attempting to reach affected people in Tigray, as well as donor governments. Not all humanitarian organisations working in Tigray agreed to be named in this report.To read the other SCORE case studies and see survey results from affected populations polled to date, visit the .",,report,,2021-04-01,,,https://humanitarianoutcomes.org/SCORE_Tigray_Report_2021,,,,,,,,,,,,,,,,,,,Abby Stoddard|Paul Harvey|Monica Czwarno|Meriah-Jo Breckenridge,,,,,,,,,1fe251a4-ed86-40b0-be14-ca863ee1d841,,,,,https://humanitarianoutcomes.org/sites/default/files/publications/score_tigray_report_2021_v2.pdf,en,,,,,,,,
Lone Ranger No Longer: MSF’s engagement with ministries of health,,"Research by MSF’s Reflection and Analysis Network8 December 2020To download this report, .Ministries of health (MoH) are Médecins Sans Frontières’ principal collaborators in nearly all contexts. The landscape of this relationship, however, is changing as governments are more willing and able to fulfil their responsibility to lead humanitarian responses, sparking fears among some in MSF about ‘losing space’. This issue requires deeper reflection.MSF’s Reflection and Analysis Network has conducted a year-long study of how the organisation engages with MoH, which includes: an analysis of the project typology data, country strategies and project proposals; interviews with key informants from MSF, MoH and other health actors; and visits to four countries to see how the engagements are being carried out in practice.Working directly with an MoH is already the principal way MSF delivers healthcare. Of 82 MSF Operational Centre Amsterdam (OCA) field projects that deliver healthcare services, 78% (n=64) feature a partnership or collaboration with an MoH. In most of the remaining 22% (n=18) of projects, MoH were simply not present in the setting (such as refugee camps).Yet MSF has placed too little value on the relationship between the two parties and invested too little in more effective partnership approaches. Instead, what we have often seen is a persistent myth—that of MSF as the Lone Ranger, the heroic actor and leader—which is in conflict with, and therefore weakens, an evolving practice that is much more varied, effective and interesting.The four countries we visited illustrated the variety of experiences.",,report,,2020-12-01,,,https://humanitarianoutcomes.org/publications/msf_lone_ranger_2020,,,,,,,,,,,,,,,,,,,Sean Healy|Urvashi Aneja|Marc DuBois|Paul Harvey,,,,,,,,,1fe251a4-ed86-40b0-be14-ca863ee1d841,,,,,https://msf.org.uk/loneranger,en,,,,,,,,
Aid Worker Security Database Signal Alert: Syria,,"Signal Alert is an occasional publication of the Aid Worker Security Database to inform the humanitarian sector of a statistically significant trend, change, or outlier detected in the security environment for aid operations.",,report,,2020-12-01,,,https://humanitarianoutcomes.org/publications/awsd-signalalert-syria-dec-2020,,,,,,,,,,,,,,,,,,,,,,,,,,,,1fe251a4-ed86-40b0-be14-ca863ee1d841,,,,,https://humanitarianoutcomes.org/sites/default/files/publications/awsd_signal_alert_syria_2020.pdf,en,,,,,,,,
AWSD 10th Anniversary Timeline,,,,report,,2020-11-01,,,https://humanitarianoutcomes.org/publications/awsd-10th-anniversary-timeline,,,,,,,,,,,,,,,,,,,,,,,,,,,,1fe251a4-ed86-40b0-be14-ca863ee1d841,,,,,https://humanitarianoutcomes.org/sites/default/files/publications/awsd_timeline.pdf,en,,,,,,,,
"Humanitarian Access Score Report, Global Synthesis 2020",,"This report highlights the national and international entities identified in the survey and data findings as especially effective at reaching people in hard-to-reach areas, and some emerging practices and new models that hold promise. These include peer-to-peer learning on negotiated access and community-led, locally-based collaborations between a wide range of actors in and outside the humanitarian sectors.",,report,,2020-11-01,,,https://humanitarianoutcomes.org/publications/score-global-report-2020,,,,,,,,,,,,,,,,,,,Abby Stoddard|Paul Harvey|Meriah-Jo Breckenridge|Monica Czwarno,,,,,,,,,1fe251a4-ed86-40b0-be14-ca863ee1d841,,,,,https://humanitarianoutcomes.org/sites/default/files/publications/score_global_report_2020_0.pdf,en,,,,,,,,
"Humanitarian Outcomes’ Aid Worker Security Database: Statistical Analysis of Data Trends, 2000-2019",,,,report,,2020-07-01,,,https://humanitarianoutcomes.org/AWSD_Jillani_2020,,,,,,,,,,,,,,,,,,,Shoaib Jillani,,,,,,,,,1fe251a4-ed86-40b0-be14-ca863ee1d841,,,,,https://humanitarianoutcomes.org/sites/default/files/publications/awsd_statistical_study_jillani_2020.pdf,en,,,,,,,,
Oslo SGBV Commitments 2020 Collective Progress Report,,"In May 2019, a conference on Ending Sexual and Gender-Based Violence in Humanitarian Crises was hosted by the governments of Norway, Iraq, Somalia and the United Arab Emirates (UAE), and the United Nations Population Fund (UNFPA), the United Nations Office for the Coordination of Humanitarian Affairs (OCHA) and the International Committee of the Red Cross (ICRC).The objectives of the conference were to mobilise strong political commitment to prevent incidents of, and protect people at risk of, sexual and gender-based violence (SGBV) and conflict-related sexual violence, and promote the needs, rights and dignity of survivors and those at risk; mobilise additional financial resources, especially for SGBV response through UN coordinated response plans and for the ICRC’s 2019 Special Appeal: the ICRC’s Response to Sexual Violence; and highlight best practices and lessons learned from efforts to prevent and respond to SGBV in humanitarian situations and help improve the evidence base in this field.The conference brought together SGBV survivors and specialists, and representatives from 100 countries, global leaders and regional and international organisations. Participants included 167 members of national civil society organisations and 76 members of international civil society organisations and the International Red Cross and Red Crescent Movement.At the event, governments and organisations were invited to make financial pledges and political, policy and good practice commitments to support efforts to end sexual and gender-based violence in humanitarian crises.As a follow-up to the conference, the co-hosts commissioned Humanitarian Outcomes to design and implement a project to track the delivery of the Oslo SGBV commitments8 over three years from 2019 to 2022.The project aims to:This report provides a summary of the self-reported progress by commitment-makers against commitments made, which the researchers triangulated with the perceived changes experienced by implementing actors working on SGBV at field level. The report includes recommendations on priority areas for future delivery of the SGBV agenda, as well as how to improve the financial tracking of SGBV funding and opportunities for integration of Oslo SGBV commitment reporting within existing reporting mechanisms.",,report,,2021-03-01,,,https://humanitarianoutcomes.org/Oslo_SGBV_Commitments_2020_Report,,,,,,,,,,,,,,,,,,,Adelicia Fairbanks,,,,,,,,,1fe251a4-ed86-40b0-be14-ca863ee1d841,,,,,https://humanitarianoutcomes.org/sites/default/files/publications/oslo_sgbv_commitments_2020_collective_progress_report.pdf,en,,,,,,,,
Formative Evaluation of UNICEF Work to Link Humanitarian and Development Programming,,"This formative evaluation is a forward-looking exercise, designed to provide insights and recommendations for practical improvements in UNICEF’s approach to the humanitarian, development, peace nexus (until now labelled by UNICEF as ‘linking humanitarian and development (LHD) programming). In addition to this primary purpose, it aims to document the progress of UNICEF’s work in this area to serve as a baseline to inform a global evaluation of UNICEF’s work on LHD programming that will take place during the period of the next Strategic Plan and contribute to UNICEF’s learning under the new and unprecedented circumstances presented by the COVID-19 pandemic. The intended users are UNICEF management and staff, across the organization as well as the UNICEF Executive Board and other key partners.",,report,,2021-05-01,,,https://humanitarianoutcomes.org/UNICEF_Eval_HumDevLinking,,,,,,,,,,,,,,,,,,,Glyn Taylor|Abby Stoddard|Paul Harvey| Karimou Adjibade|Meriah-Jo Breckenridge|Monica Czwarno,,,,,,,,,1fe251a4-ed86-40b0-be14-ca863ee1d841,,,,,https://humanitarianoutcomes.org/sites/default/files/publications/formative_evaluation_of_unicef_work_to_link_humanitarian_and_development_programming.pdf,en,,,,,,,,
World Humanitarian Day: Indus News Special on Aid Worker Security,,"Paul Harvey, a partner with Humanitarian Outcomes, speaks with Meshal Malik of Indus News on World Humanitarian Day about aid worker security.  to view the video on YouTube.",,report,,2019-08-01,,,https://humanitarianoutcomes.org/publications/world-humanitarian-day-indus-news-special-aid-worker-security,,,,,,,,,,,,,,,,,,,Paul Harvey,,,,,,,,,1fe251a4-ed86-40b0-be14-ca863ee1d841,,,,,https://www.youtube.com/watch?v=WgdgIxc24MQ&feature=youtu.be,en,,,,,,,,
Subscribe to our mailing list,,"To receive the latest reports and news from Humanitarian Outcomes, please  and join our mailing list. You can always change your preferences later by clicking back to the link.",,report,,2019-07-01,,,https://humanitarianoutcomes.org/subscribe2,,,,,,,,,,,,,,,,,,,,,,,,,,,,1fe251a4-ed86-40b0-be14-ca863ee1d841,,,,,http://eepurl.com/dEG3VD,en,,,,,,,,
Necessary Risks Professional Humanitarianism and Violence against Aid Workers,,"Attacks on humanitarian aid operations are both a symptom and a weapon of modern warfare, and as armed groups increasingly target aid workers for violence, relief operations are curtailed in places where civilians are most in need. This book provides an in-depth analysis of the challenges to humanitarian action in warzones, the risk management and negotiation strategies that hold the most promise for aid organizations, and an ethical framework from which to tackle the problem.For more information about the book, please visit the  page. Available for  and .",,report,,2020-01-01,,,https://humanitarianoutcomes.org/publications/necessary-risks,,,,,,,,,,,,,,,,,,,Abby Stoddard,,,,,,,,,1fe251a4-ed86-40b0-be14-ca863ee1d841,,,,,https://humanitarianoutcomes.org/sites/default/files/publications/necessary_risks_book_flyer.pdf,en,,,,,,,,
Humanitarian Access SCORE Report: Northeast Nigeria,,"Under the , supported by the United States Agency for International Development/Office of US Foreign Disaster Assistance (USAID/OFDA), Humanitarian Outcomes is conducting remote surveys of crisis-affected populations in hard-to-reach areas to gain their perspectives on access to aid and the effectiveness of the humanitarian response. The results of the surveys on coverage, operational reach, and effectiveness (SCORE), together with key informant interviews and other contextual data, help identify the humanitarian actors that have achieved the greatest presence and coverage. This first report of the series focuses on northeast Nigeria.",,report,,2020-01-01,,,https://humanitarianoutcomes.org/SCORE_report_NE_Nigeria_2020,,,,,,,,,,,,,,,,,,,Abby Stoddard|Paul Harvey|Monica Czwarno|Meriah-Jo Breckenridge,,,,,,,,,1fe251a4-ed86-40b0-be14-ca863ee1d841,,,,,https://humanitarianoutcomes.org/sites/default/files/publications/score_ne_nigeria_01_2020.pdf,en,,,,,,,,
Aid Worker Security Report 2019 - Speakable: Addressing sexual violence and gender-based risk in humanitarian aid,,"This year’s Aid Worker Security Report examines the issue of sexual violence and the differing risks for female and male aid workers in violent operational settings. The Aid Worker Security Database (AWSD) has always tracked incidents of rape and violent sexual assault as a distinct category of attack but we have not studied the issue in any depth until now. The principal reason for this is the dearth of reliable data to measure the problem and provide an empirical foundation for analysis. While today we see the beginning of better reporting and gender-specific staffing numbers, sexual violence continues to be underreported by an indeterminate but significant degree.",,report,,2019-06-01,,,https://humanitarianoutcomes.org/AWSDR2019,,,,,,,,,,,,,,,,,,,Abby Stoddard|Paul Harvey|Monica Czwarno|Meriah-Jo Breckenridge,,,,,,,,,1fe251a4-ed86-40b0-be14-ca863ee1d841,,,,,https://humanitarianoutcomes.org/sites/default/files/publications/awsr_2019_0.pdf,en,,,,,,,,
CORE Programme Summary,,"In late 2018, with funding from the U.S. Office of Foreign Disaster Assistance (USAID/OFDA), Humanitarian Outcomes launched a new data-driven research programme addressing the challenge of humanitarian access and coverage in conflicts.  The research takes forward and builds upon the Secure Access in Volatile Environments (SAVE) study supported by UK DFID—a multiyear, field-based empirical analysis that revealed weak and imbalanced humanitarian coverage in insecure contexts (www.saveresearch.net). Under this new programme on Coverage, Operational Resources, and Effectiveness (CORE), Humanitarian Outcomes will follow up the SAVE findings with actionable research that will identify and bolster the humanitarian actors best placed to make significant access gains in difficult environments. The goal is to provide measurable data on the operational reach of humanitarian actors, and to contribute to the knowledge base on good practice for expanding secure humanitarian access and better coverage of needs. The CORE programme will produce two new open-access data streams to feed empirical analysis on the state humanitarian access and coverage in challenging security environments.  First,  the Global Database of Humanitarian Organisations (GDHO) will be an online, open-source database of essential humanitarian operational and resource data worldwide, along with context-specific data on presence and coverage in selected hard-to-access areas. The other new data initiative will contain the results of an ongoing, rotating survey of affected populations in under-covered areas. These results will triangulate the operational data and capture people’s perceptions of the performance of the humanitarian organizations operating in their area. This ‘Survey of Coverage Operational Reach and Effectiveness (SCORE)’ will focus on a different set of conflict settings each year, and using mobile telecoms surveys, identify which humanitarian actors are most effective in gaining and maintaining access while providing quality assistance. Agencies with high ‘Scores’ will be queried for potentially transferable lessons, access innovations, and examples of good practice.",,report,,2019-06-01,,,https://humanitarianoutcomes.org/publications/core-programme-summary,,,,,,,,,,,,,,,,,,,Abby Stoddard,,,,,,,,,1fe251a4-ed86-40b0-be14-ca863ee1d841,,,,,https://humanitarianoutcomes.org/sites/default/files/publications/core_programme_summary.pdf,en,,,,,,,,
Figures at a Glance 2019,,This report presents the latest verified statistics on aid worker violence from Humanitarian Outcomes' Aid Worker Security Database. This preview gives updated numbers and trends through 2018.This report is available in a printable version (click on the download button) and in an electronic media-friendly format .,,report,,2019-08-01,,,https://humanitarianoutcomes.org/AWSDFigures2019,,,,,,,,,,,,,,,,,,,Abby Stoddard|Monica Czwarno|Meriah-Jo Breckenridge,,,,,,,,,1fe251a4-ed86-40b0-be14-ca863ee1d841,,,,,https://humanitarianoutcomes.org/sites/default/files/publications/awsr_figures2019.pdf,en,,,,,,,,
Linking Social Protection and Humanitarian Cash and Voucher Assistance,,"There is a growing momentum and body of work around the idea of developing stronger links between humanitarian cash and voucher assistance (CVA) and social protection (SP). This Briefing Paper for CaLP, based on a literature review, a survey, and interviews, is intended to inform CaLP’s overall approach in this area, and subsequently its capacity building and technical assistance work. We examine the different contexts in which efforts are being made to link CVA and SP, the good practices evolving out of these contexts, and the complexity of operating in crisis contexts. A second part of the work, internal to CaLP, provides capacity-building recommendations in this area.",,report,,2020-04-01,,,https://humanitarianoutcomes.org/publications/linking-social-protection-and-humanitarian-cash-and-voucher-assistance,,,,,,,,,,,,,,,,,,,Daniel Longhurst|Paul Harvey|Rachel Sabates-Wheeler|Rachel Slater,,,,,,,,,1fe251a4-ed86-40b0-be14-ca863ee1d841,,,,,https://humanitarianoutcomes.org/sites/default/files/publications/high-level-briefing-paper-cva-en.pdf,en,,,,,,,,
Humanitarian Access SCORE Report: Afghanistan,,"Under the , supported by the Office of US Foreign Disaster Assistance of the United States Agency for International Development (USAID/OFDA), Humanitarian Outcomes is studying how aid is delivered in hard-to-access conflict areas. In partnership with GeoPoll, the project conducts remote telephone surveys of crisis-affected people on their perceptions of the effectiveness of the aid response and the access challenges in their areas. Combined with key informant interviews of humanitarian responders and other contextual research, the survey results help identify the humanitarian providers and practices that have achieved the greatest presence and coverage in difficult environments. The Afghanistan SCORE report surveyed 450 people (51% male, 49% female) in the provinces of Baghlan, Helmand, Herat, Kandahar, and Nangahar (selected for relatively high need and access challenges) in September 2019. Surveys were conducted by live operators in the relevant languages (Dari or Pashto). A follow-up survey was conducted in January 2020 with 100 of the original respondents who had agreed to be surveyed a second time to provide more in-depth information. The research team also conducted anonymous interviews with 10 humanitarian actors in Afghanistan, including NGOs, UN agencies and the International Red Cross and Red Crescent Movement.",,report,,2020-04-01,,,https://humanitarianoutcomes.org/SCORE_Afghanistan,,,,,,,,,,,,,,,,,,,Abby Stoddard|Paul Harvey|Monica Czwarno|Meriah-Jo Breckenridge,,,,,,,,,1fe251a4-ed86-40b0-be14-ca863ee1d841,,,,,https://humanitarianoutcomes.org/sites/default/files/publications/score_afghanistan.pdf,en,,,,,,,,
Aid Worker Security Database (AWSD) Codebook,,This guide explains the methodology of the AWSD and the data verification process.,,report,,2020-01-01,,,https://humanitarianoutcomes.org/AWSD-codebook,,,,,,,,,,,,,,,,,,,,,,,,,,,,1fe251a4-ed86-40b0-be14-ca863ee1d841,,,,,https://humanitarianoutcomes.org/sites/default/files/publications/aid_worker_security_database_coding_guide_nov_2021.pdf,en,,,,,,,,
The Added Value of Flexible Funding to the ICRC,,"This report is based on 36 interviews with ICRC staff (33% female, 66% male) at headquarters and in the field (from eight different ICRC delegations) and representatives from five donor countries. In addition, it includes an analysis of secondary data and documentation provided by the ICRC and of documentation developed as part of the Grand Bargain work on Enhanced Quality Funding. The interviews, review of secondary data and documents, and analysis were carried out by an independent consultant.The two objectives of the study are to:",,report,,2020-06-01,,,https://humanitarianoutcomes.org/publications/added-value-flexible-funding-icrc,,,,,,,,,,,,,,,,,,,Corinna Kreidler,,,,,,,,,1fe251a4-ed86-40b0-be14-ca863ee1d841,,,,,https://humanitarianoutcomes.org/sites/default/files/publications/the_added_value_of_flexible_funding_to_the_icrc_-_june_2020.pdf,en,,,,,,,,
Accessing Assistance Maiduguri Workshop Report,,"Humanitarian Outcomes facilitated a workshop in Maiduguri on February 12th, 2020 drawing on work over the last 5 years exploring access issues in highly insecure places. The workshop explored what is known about this issue in North-east Nigeria, whether there are key gaps in knowledge and what a shift in focus could mean for how agencies approach programming, advocacy and protection strategies. It was attended by 45 staff from international and national aid agencies. What follows is a note offering personal reflections on the discussion and the key issues rather than a conventional report of what was said.",,report,,2020-06-01,,,https://humanitarianoutcomes.org/publications/accessing-assistance-maiduguri-workshop-report,,,,,,,,,,,,,,,,,,,Paul Harvey,,,,,,,,,1fe251a4-ed86-40b0-be14-ca863ee1d841,,,,,https://humanitarianoutcomes.org/sites/default/files/publications/accessing_assistance_maiduguri_workshop_report.pdf,en,,,,,,,,
Multi-Purpose Cash and Sectoral Outcomes,,"Growing attention to multi-purpose cash offers an exciting opportunity to redress a long-standing shortcoming of humanitarian response. There is a need to better understand and respond to crisis-affected people in a more holistic and coherent way, going beyond sectors to bring the emphasis back to how people live and perceive and prioritize their needs. Multi-purpose cash opens up possibilities for enhanced collaboration among technical sectors and between cash and sector experts. Sectoral expertise should be more adequately represented in multi-sectoral assessments, design, implementation and monitoring of multi-purpose cash.",,report,,2018-05-01,,,https://humanitarianoutcomes.org/publications/multi-purpose-cash-and-sectoral-outcomes,,,,,,,,,,,,,,,,,,,Paul Harvey|Sara Pavanello,,,,,,,,,1fe251a4-ed86-40b0-be14-ca863ee1d841,,,,,https://humanitarianoutcomes.org/sites/default/files/publications/mulitpurposecash.pdf,en,,,,,,,,
Start Fund Involvement in 'Under the Radar' Crises: An External Analysis,,"This report, one of a series of externally commissioned ‘learning reviews’, aims to support the Start Fund’s definition of ‘under the radar’ crises and the application of the term in Start Fund processes. Following an analysis of a range of relevant tools designed to rank or simply catalogue emergencies, it was revealed that the term, ‘under the radar’ is not an industry standard, nor does it have a standard definition or application. In and of itself, therefore, it is insufficiently precise to add any real value in technical discussions. Each tool or index which defines a variant of ‘under the radar’ emergencies uses a definition or methodology which is fit for its respective purpose. For the Start Fund, specifying the explicit purpose for which the term is going to be applied is a critical consideration.",,report,,2018-06-01,,,https://humanitarianoutcomes.org/publications/start-fund-involvement-under-radar-crises-external-analysis,,,,,,,,,,,,,,,,,,,Glyn Taylor|Elizabeth Assefa,,,,,,,,,1fe251a4-ed86-40b0-be14-ca863ee1d841,,,,,https://humanitarianoutcomes.org/sites/default/files/publications/start_fund_involvement_in_under_the_radar_crises-_an_external_analysis-_digital_version-_final.pdf,en,,,,,,,,
Turning Rhetoric into Resources: Transforming the Financing of Civil Society in the Global South,,"The ‘localisation agenda’ is being driven by international actors, sometimes well-meaning, but often keen to preserve the status quo. What is missing is a vision and agenda for change from local and national actors themselves, the confidence and tools to assert themselves and to demand something different. Financing solutions can be designed to inspire and incentivise change models and alliances, which in turn may be catalytic in changing global financing practices, yet there is a dearth of ideas and proposals for practical alternatives to the current financing model.",,report,,2018-06-01,,,https://humanitarianoutcomes.org/publications/turning-rhetoric-resources-transforming-financing-civil-society-global-south,,,,,,,,,,,,,,,,,,,Lydia Poole,,,,,,,,,1fe251a4-ed86-40b0-be14-ca863ee1d841,,,,,https://humanitarianoutcomes.org/sites/default/files/publications/near_network_financial_strategy.pdf,en,,,,,,,,
Evaluation of WFP Polices on Humanitarian Principles and Access in Humanitarian Contexts,,"Adherence to the core humanitarian principles of humanity, impartiality, neutrality and operational independence and the ability to gain access to those in need of assistance are central to WFP’s operations. In accordance with the WFP requirement that policies be evaluated within four to six years of the start of their implementation, this evaluation provides an evidence-based assessment of the policies’ quality, WFP’s performance on humanitarian principles and access and factors affecting results.",,report,,2018-05-01,,,https://humanitarianoutcomes.org/publications/evaluation-wfp-polices-humanitarian-principles-and-access-humanitarian-contexts,,,,,,,,,,,,,,,,,,,Julia Steets|Claudia Meier|Adele Harmer|Abby Stoddard|Janika Spannagel,,,,,,,,,1fe251a4-ed86-40b0-be14-ca863ee1d841,,,,,https://humanitarianoutcomes.org/sites/default/files/publications/evuationofwfpolicies.pdf,en,,,,,,,,
Measuring the Iceberg: The opportunities and limits of better tracking of resources beyond international humanitarian assistance,,"This paper explores the hypothesis that the resources for crisis response that the humanitarian system knows about and tracks constitute the ‘tip of the iceberg’: in other words, only a sliver of a much larger and potentially more significant mass of resources that it does not see, know about or ‘count’. The purpose of exploring this question is to understand the scale, nature and use of these other resources, as a way of improving the prioritisation of resources and the allocation of international funds.Download .",,report,,2018-11-01,,,https://humanitarianoutcomes.org/publications/measuring-iceberg-opportunities-and-limits-better-tracking-resources-beyond,,,,,,,,,,,,,,,,,,,Barnaby Willitts-King|Lydia Poole|John Bryant,,,,,,,,,1fe251a4-ed86-40b0-be14-ca863ee1d841,,,,,https://www.odi.org/sites/odi.org.uk/files/resource-documents/12540.pdf,en,,,,,,,,
Aid Worker Security: Figures at a glance 2018,,A one-page consolidated fact sheet highlighting the annual quantitative statistics that show the trends of violence against aid workers in 2017.,,report,,2018-08-01,,,https://humanitarianoutcomes.org/publications/aid-worker-security-figures-glance-2018,,,,,,,,,,,,,,,,,,,Abby Stoddard|Adele Harmer|Monica Czwarno,,,,,,,,,1fe251a4-ed86-40b0-be14-ca863ee1d841,,,,,https://humanitarianoutcomes.org/sites/default/files/publications/awsr_figures_2018_1_0.pdf,en,,,,,,,,
Funding to local actors,,"The localisation commitments within the 2016 Grand Bargain are one of the major achievements of the World Humanitarian Summit, with the potential to drive truly transformative change across the humanitarian system. Workstream two of the Grand Bargain – commonly known as ‘localisation’ – commits donors and aid organisations to provide 25% of global humanitarian funding to local and national responders ‘as directly as possible’ by 2020, along with more unrestricted money and increased multi-year funding.Overall progress towards the Grand Bargain commitments is uneven and difficult to assess and better monitoring and analysis of progress and challenges is needed. Despite making an explicit commitment to measure progress in meeting the 25% commitment, and clear recommendations on how to monitor progress, no measurement of the baseline or progress against it has taken place.This study, commissioned by , is an attempt to build the evidence base from a crisis perspective. It aims to explore alternative approaches to tracking funding dimensions of localisation, in order to complement global estimates of how much funding is provided to local and national responders directly and through one intermediary.The main activity of the research was country case study fieldwork undertaken in Somalia and South Sudan. This briefing highlights findings from the two country studies.There are three outputs from this study. Please download the reports from ODI by .",,report,,2018-10-01,,,https://humanitarianoutcomes.org/publications/funding-local-actors,,,,,,,,,,,,,,,,,,,Nisar Majid|Khalif Abdirahman|Lydia Poole|Barnaby Willitts-King,,,,,,,,,1fe251a4-ed86-40b0-be14-ca863ee1d841,,,,,http://www.near.ngo/,en,,,,,,,,
NGOs & Risk: Managing Uncertainty In Local-International Partnerships (Global Report),,"This report examines how risk is perceived and managed in partnerships between international and national NGOs working in humanitarian response. It follows from the 2016 report , which was also produced by Humanitarian Outcomes under the leadership of InterAction. The study was funded by the US Agency for International Development’s Office of Foreign Disaster Assistance (USAID/OFDA) and benefited from the direct engagement of international humanitarian NGOs.The research encompassed interviews with humanitarian practitioners undertaken remotely and in field visits to South Sudan and Nigeria survey responses from (mostly national) NGO field staff and a systematic review of relevant policies from the participating organizations analyzing this evidence, the report identifies the trends, challenges and promising practices in this area with the aim of strengthening partnerships for improved humanitarian action.",,report,,2019-03-01,,,https://humanitarianoutcomes.org/publications/ngos-risk2-partnerships,,,,,,,,,,,,,,,,,,,Abby Stoddard|Monica Czwarno|Lindsay Hamsik,,,,,,,,,1fe251a4-ed86-40b0-be14-ca863ee1d841,,,,,https://humanitarianoutcomes.org/sites/default/files/publications/riskii_partnerships_global_study.pdf,en,,,,,,,,
Humanitarian Access in Armed Conflict: A need for new principles?,,Constraints on humanitarian access continue to inhibit the ability of affected populations to receive adequate assistance in numerous conflict situations. This scoping study was commissioned to determine the feasibility and potential impact of developing new ‘principles’ of access. It was undertaken between September and December 2018 and involved a literature review and interviews with 22 experts from humanitarian and donor agencies as well as academic and advocacy entities engaged in this issue area.,,report,,2018-12-01,,,https://humanitarianoutcomes.org/publications/humanitarian-access-armed-conflict-need-new-principles,,,,,,,,,,,,,,,,,,,Adele Harmer|Abby Stoddard|Alexandra Sarazen,,,,,,,,,1fe251a4-ed86-40b0-be14-ca863ee1d841,,,,,https://humanitarianoutcomes.org/sites/default/files/publications/scoping_study-humanitarian_access_and_new_principles.pdf,en,,,,,,,,
NGOs and Risk: Managing Uncertainty in Local-International Partnerships: Good Practice & Recommendations for Humanitarian Actors,,"This briefing paper compiles the recommendations from the 2019 reports of the research program NGOs and Risk – Managing Uncertainty in Local-International Partnerships, undertaken by InterAction with Humanitarian Outcomes. The recommendations derive from research at the global level and field case studies in South Sudan and northeast Nigeria.",,report,,2019-03-01,,,https://humanitarianoutcomes.org/publications/ngos-and-risk-managing-uncertainty-local-international-partnerships-good-practice,,,,,,,,,,,,,,,,,,,Abby Stoddard|Lindsay Hamsik|Monica Czwarno,,,,,,,,,1fe251a4-ed86-40b0-be14-ca863ee1d841,,,,,https://humanitarianoutcomes.org/sites/default/files/publications/riskii_partnerships_recommendations.pdf,en,,,,,,,,
NGOs and Risk: Managing Uncertainty in Local-International Partnerships - Case Studies: Northeast Nigeria & South Sudan,,"This report examines partnerships between international NGOs (INGOs) and local/national NGOs (L/NNGOs) in two complex, conflict-driven emergencies: Nigeria and South Sudan. It presents case studies that are one component of InterAction’s Risk II: Local Actor Partnerships project – an 18-month research study funded by the U.S. Agency for International Development Office of U.S. Foreign Disaster Assistance (USAID/OFDA). The study involves 10 participating international NGOs (INGOs) and is a part of InterAction’s continuing work on organizational risk awareness and responsiveness. This report assesses the risk landscape; the real and perceived risks in local partnerships; and how existing structures, practices, and perceptions hinder or enable effective risk management and mitigation. Its analysis seeks to shed light on how and to what extent INGOs and L/NNGOs effectively assess and manage risk in their approaches to partnering, and how external factors create unintended consequences.",,report,,2019-03-01,,,https://humanitarianoutcomes.org/publications/ngos-and-risk-managing-uncertainty-local-international-partnerships-case-studies,,,,,,,,,,,,,,,,,,,Lindsay Hamsik (InterAction),,,,,,,,,1fe251a4-ed86-40b0-be14-ca863ee1d841,,,,,https://humanitarianoutcomes.org/sites/default/files/publications/ngorisk2_casestudies.pdf,en,,,,,,,,
What is the Aid Worker Security Database (AWSD) and Verification?,,What is the Aid Worker Security Database (AWSD)? How do we collect and verify information? Download our infographic to find out.,,report,,2019-02-01,,,https://humanitarianoutcomes.org/publications/awsdverification,,,,,,,,,,,,,,,,,,,,,,,,,,,,1fe251a4-ed86-40b0-be14-ca863ee1d841,,,,,https://humanitarianoutcomes.org/sites/default/files/publications/awsd_verification_infographic_2019.pdf,en,,,,,,,,
Aid Worker Security Report 2014,,"In this fifth edition of the Aid Worker Security Report provides the latest verified statistics on attacks against aid workers from the Aid Worker Security Database (AWSD), and examines the particular security challenge of road travel.",,report,,2017-09-01,,,https://humanitarianoutcomes.org/publications/aid-worker-security-report-2014,,,,,,,,,,,,,,,,,,,Abby Stoddard|Adele Harmer|Kathleen Ryou,,,,,,,,,1fe251a4-ed86-40b0-be14-ca863ee1d841,,,,,https://humanitarianoutcomes.org/sites/default/files/publications/aid_worker_security_report_2014.pdf,en,,,,,,,,
Evaluation of Sida’s Humanitarian Assistance,,"For Sida, the evaluation is a lessons learned exercise, providing an analysis of what is working well and where there is room for improvement. the report",,report,,2017-09-01,,,https://humanitarianoutcomes.org/publications/evaluation-sida%E2%80%99s-humanitarian-assistance,,,,,,,,,,,,,,,,,,,Lydia Poole|Tasneem Mowjee|Langdon Greenhalgh|Sarah Gharbi,,,,,,,,,1fe251a4-ed86-40b0-be14-ca863ee1d841,,,,,http://www.sida.se/contentassets/6d87558c454a4954a35591bd1ff65ea2/f1959102-482d-438b-8bcb-763ac6ef9083.pdf,en,,,,,,,,
SOHS 2018 Survey,,"The new  survey is . The SOHS takes stock of how the humanitarian system is performing. A new edition will be published in late 2018.Your responses can help ALNAP to understand what it is that humanitarians are doing right, where they are going wrong and what can be learned from it to improve the system's performance. This can potentially help to shape future humanitarian action both within your country and globally.",,report,,2017-11-01,,,https://humanitarianoutcomes.org/publications/sohs-2018-survey,,,,,,,,,,,,,,,,,,,,,,,,,,,,1fe251a4-ed86-40b0-be14-ca863ee1d841,,,,,https://www.alnap.org/our-topics/the-state-of-the-humanitarian-system,en,,,,,,,,
Mitigating corruption in aid (webinar),,"On 26 October, Adele Harmer from Humanitarian Outcomes and Roslyn Hees from  presented this  organized in partnership with  and Transparency International. The event focused on the key findings of the CREATE report, presenting the main corruption risks, but also key mitigation efforts and recommendations that have been identified in the four analyzed settings. .",,report,,2017-10-01,,,https://humanitarianoutcomes.org/publications/mitigating-corruption-aid-webinar,,,,,,,,,,,,,,,,,,,Adele Harmer|Roslyn Hees,,,,,,,,,1fe251a4-ed86-40b0-be14-ca863ee1d841,,,,,https://www.transparency.org/,en,,,,,,,,
"Independent Evaluation of the Planning, Organisation and Management of the Humanitarian Assistance of the German Federal Foreign Office in the Context of the Syria Crisis  (Forthcoming)",,,,report,,2017-09-01,,,https://humanitarianoutcomes.org/publications/independent-evaluation-planning-organisation-and-management-humanitarian-assistance,,,,,,,,,,,,,,,,,,,Glyn Taylor,,,,,,,,,1fe251a4-ed86-40b0-be14-ca863ee1d841,,,,,,,,,,,,,,
Rapid Real-Time Review: DFID Somalia Drought Response,,"This report looks at DFID's response to the droughts in Somalia. Research findings support the observation that DFID helped to galvanise other donors and action on the part of the overall humanitarian system. Recommendations, lessons learnt and main areas of improvement are identified and highlighted by the research team.",,report,,2018-01-01,,,https://humanitarianoutcomes.org/publications/rapid-real-time-review-dfid-somalia-drought-response,,,,,,,,,,,,,,,,,,,Marc DuBois|Paul Harvey|Glyn Taylor,,,,,,,,,1fe251a4-ed86-40b0-be14-ca863ee1d841,,,,,https://humanitarianoutcomes.org/sites/default/files/publications/dfid_somalia_2017_irf_real_time_review_final.pdf,en,,,,,,,,
Efficiency and Inefficiency in Humanitarian Financing,,The report defines a measure of efficiency in international humanitarian financing and compares the relative efficiencies of the main funding modalities in a sample of recent emergency contexts. It aims to help inform donor decision-making at a time of surging financial demand for humanitarian aid and new momentum for change in the sector.,,report,,2017-12-01,,,https://humanitarianoutcomes.org/publications/efficiency-and-inefficiency-humanitarian-financing,,,,,,,,,,,,,,,,,,,Abby Stoddard|Lydia Poole|Glyn Taylor|Barnaby Willits-King,,,,,,,,,1fe251a4-ed86-40b0-be14-ca863ee1d841,,,,,https://humanitarianoutcomes.org/sites/default/files/publications/humanitarian_financing_efficiency_.pdf,en,,,,,,,,
Financing For Stability: Guidance For Practitioners,,"This guidance outlines the process for developing financing strategies for fragile contexts: financing for stability. The process includes the concrete steps to take to deliver the financing strategy, accompanied by financing principles, and a range of tactical investments, that allow financing actors to use financing to incentivize certain behaviors and priority investments, and to invest in enabling conditions and public goods.",,report,,2018-02-01,,,https://humanitarianoutcomes.org/publications/financing-stability-guidance-practitioners-0,,,,,,,,,,,,,,,,,,,Lydia Poole,,,,,,,,,1fe251a4-ed86-40b0-be14-ca863ee1d841,,,,,https://humanitarianoutcomes.org/sites/default/files/publications/financing_guidance_for_practitioners.pdf,en,,,,,,,,
Financing For Stability: Guidance For Practitioners,,"This guidance outlines the process for developing financing strategies for fragile contexts: financing for stability. The process includes the concrete steps to take to deliver the financing strategy, accompanied by financing principles, and a range of tactical investments, that allow financing actors to use financing to incentivize certain behaviors and priority investments, and to invest in enabling conditions and public goods.",,report,,2018-02-01,,,https://humanitarianoutcomes.org/publications/financing-stability-guidance-practitioners,,,,,,,,,,,,,,,,,,,Lydia Poole,,,,,,,,,1fe251a4-ed86-40b0-be14-ca863ee1d841,,,,,https://humanitarianoutcomes.org/sites/default/files/publications/financing_guidance_for_practitioners.pdf,en,,,,,,,,
Financing For Stability in the Post-2015 Era,,"The paper summarises new and emerging instruments and approaches in financing stability and resilience, and points to some of the gaps and challenges that remain in the fragility, resilience and stability space. It is not intended as holistic policy guidance on “how to” engage effectively across international and domestic, public and private instruments in fragile contexts. Instead, the paper is complemented by separate guidance on financing strategies: approaches to better align financing to support the delivery of results at the country-level. Written for the OECD Development Co-operation Directorate and the International Network on Conflict and Fragility (INCAF).",,report,,2018-02-01,,,https://humanitarianoutcomes.org/publications/financing-stability-post-2015-era,,,,,,,,,,,,,,,,,,,Lydia Poole,,,,,,,,,1fe251a4-ed86-40b0-be14-ca863ee1d841,,,,,https://humanitarianoutcomes.org/sites/default/files/publications/financing_forstabilityin_thepost2015era.pdf,en,,,,,,,,
Independent Review of the Value Added of the Central Emergency Response Fund (CERF) in the Countries Affected by El Niño,,"The review focused on the appropriateness, effectiveness and added value of CERF for the El Niño response. It also identified lessons for CERF’s role in supporting early action, particularly in slow onset emergencies, since the 2015-16 El Niño resulted in droughts in the countries to which CERF responded (except in Fiji). However, this should not preclude CERF from exploring its role in funding early action in rapid onset natural disasters and conflict-related crises.",,report,,2018-03-01,,,https://humanitarianoutcomes.org/publications/independent-review-value-added-central-emergency-response-fund-cerf-countries-affected,,,,,,,,,,,,,,,,,,,"Tasneem Mowjee,|Jock Baker|Lydia Poole",,,,,,,,,1fe251a4-ed86-40b0-be14-ca863ee1d841,,,,,https://humanitarianoutcomes.org/sites/default/files/publications/cerf_el_nino_review_report.pdf,en,,,,,,,,
"Emergency Trauma Response to the Mosul Offensive, 2016-2017",,"In October 2016, a coalition of Iraqi and international forces launched military operations to re-take the city of Mosul from ISIS. In response to the ensuing humanitarian crisis, the international community planned and executed a large-scale assistance operation for the inhabitants of Mosul and those fleeing the city. Under International Humanitarian Law (IHL), the responsibility for collecting and treating the war-wounded lies with the parties involved in combat. Despite initial plans that correctly placed the responsibility for trauma care with the pro-government forces, both the Iraqi and international forces ultimately abdicated this responsibility, leaving humanitarian actors to fill the void.Recognising the ongoing nature of similar military operations in the region and seeking to learn from the Mosul experience, MSF commissioned Humanitarian Outcomes to conduct an independent review of the trauma response to facilitate reflection within MSF and externally within the sector. Recognizing there are no easy answers to the complex problems facing humanitarians in conflicts, the review presents the available evidence and provides analysis aimed to inform difficult decisions over how to provide impartial medical assistance in conflict zones.",,report,,2018-03-01,,,https://humanitarianoutcomes.org/Emergency_Trauma_Response,,,,,,,,,,,,,,,,,,,|Abby Stoddard|Adele Harmer|J. Davidoff,,,,,,,,,1fe251a4-ed86-40b0-be14-ca863ee1d841,,,,,https://humanitarianoutcomes.org/sites/default/files/publications/mosul_report_3_20_18.pdf,en,,,,,,,,
What It Takes: Principled pragmatism to enable access and quality humanitarian aid in insecure environments,,"This report on how humanitarians can maintain secure access and quality programming is one of the research products of the Secure Access in Volatile Environments (SAVE) programme, conducted from 2013 to 2016. Based on fieldwork in four of the most dangerous aid settings during this time (Afghanistan, South Central Somalia, South Sudan and Syria), SAVE explored how to deliver effective humanitarian responses amid high levels of insecurity.",,report,,2016-11-01,,,https://humanitarianoutcomes.org/publications/what-it-takes-principled-pragmatism-enable-access-and-quality-humanitarian-aid-insecure,,,,,,,,,,,,,,,,,,,Katherine Haver|William Carter,,,,,,,,,1fe251a4-ed86-40b0-be14-ca863ee1d841,,,,,https://humanitarianoutcomes.org/sites/default/files/publications/save_principled_pragmatism.pdf,en,,,,,,,,
Evaluation of Multi-year Planning,,"This evaluation report is formative, with an emphasis on building understanding and learning in order to allow for correcting mistakes, adapting approaches and building on the successes of current experiences with MYP. The findings are based on triangulated evidence collected through visits to three country case-studies (Haiti, Somalia, and a counterfactual, Myanmar), visits to OCHA HQ (New York and Geneva), remote interviews for Sahel, oPt, South Sudan and Iraq and as well as post-WHS interviews to assess changes in the system. The focus of the evaluation is multi-year planning rather than multi-year financing or multi-year programming, although it is recognised that the three are mutually supportive and brought together explicitly in the HRP model. the report",,report,,2017-02-01,,,https://humanitarianoutcomes.org/publications/evaluation-multi-year-planning,,,,,,,,,,,,,,,,,,,Glyn Taylor|Corinna Kreidler|Yves-Kim Créac’h,,,,,,,,,1fe251a4-ed86-40b0-be14-ca863ee1d841,,,,,https://docs.unocha.org/sites/dms/Documents/MYP%20Evaluation_Final%20Report.pdf,en,,,,,,,,
Time for change: harnessing the potential of humanitarian cash transfers,,"This synthesis report examines the effectiveness of humanitarian cash transfers in Ukraine, Iraq, the Democratic Republic of the Congo (DRC), Mozambique and Nepal. These case studies are building on the work of the High-Level Panel on Humanitarian Cash Transfers. The Panel concluded that cash transfers are not used enough in humanitarian responses and not used in ways that take advantage of their transformative potential. the report",,report,,2017-04-01,,,https://humanitarianoutcomes.org/publications/time-change-harnessing-potential-humanitarian-cash-transfers,,,,,,,,,,,,,,,,,,,Paul Harvey|Sarah Bailey,,,,,,,,,1fe251a4-ed86-40b0-be14-ca863ee1d841,,,,,https://www.odi.org/sites/odi.org.uk/files/resource-documents/11419.pdf,en,,,,,,,,
Residual Risk Acceptance: An advocacy guidance note,,"Guidance for humanitarian NGO staff to promote understanding and acceptance of the concept of residual risk, both within their organisations and externally.",,report,,2016-09-01,,,https://humanitarianoutcomes.org/publications/residual-risk-acceptance-advocacy-guidance-note,,,,,,,,,,,,,,,,,,,Abby Stoddard,,,,,,,,,1fe251a4-ed86-40b0-be14-ca863ee1d841,,,,,https://humanitarianoutcomes.org/sites/default/files/publications/residual_risk_advocacy_guidance_note.pdf,en,,,,,,,,
Collective Resolution to Enhance Accountability and Transparency in Emergencies: Afghanistan Report,,"This report presents findings from the Afghanistan case study for the Collective Resolution to Enhance Accountability and Transparency in Emergencies (CREATE) initiative, led by Transparency International. The goal of the study was to produce an evidence base concerning corruption risks and prevention and mitigation measures in relation to the implementation of humanitarian assistance in Afghanistan. In its mapping of corruption risks, the study describes those corruption risks that are well-documented by existing empirical studies as well as perceived risks, as perceived by the stakeholders consulted.",,report,,2017-02-01,,,https://humanitarianoutcomes.org/publications/collective-resolution-enhance-accountability-and-transparency-emergencies-afghanistan,,,,,,,,,,,,,,,,,,,Adele Harmer|Katherine Haver|Katherine Haver,,,,,,,,,1fe251a4-ed86-40b0-be14-ca863ee1d841,,,,,https://humanitarianoutcomes.org/sites/default/files/team/2017_create_afghanistan_en.pdf,en,,,,,,,,
International Humanitarian Financing: Review and Comparative Assessment of Instruments (Updated Edition),,"Like the 2008 report of the same name, this paper provides a descriptive mapping of humanitarian financing instruments and assesses the relative advantages and drawbacks of each in achieving the Good Humanitarian Donorship objectives of flexibility, timeliness, results, efficiency, coordination, capacity-building, predictability, partnership-building, and strategy-setting.",,report,,2017-03-01,,,https://humanitarianoutcomes.org/publications/international-humanitarian-financing-review-and-comparative-assessment-instruments-0,,,,,,,,,,,,,,,,,,,Abby Stoddard,,,,,,,,,1fe251a4-ed86-40b0-be14-ca863ee1d841,,,,,https://humanitarianoutcomes.org/sites/default/files/publications/humanitarian_financing_review_2017.pdf,en,,,,,,,,
Collective Resolution to Enhance Accountability and Transparency in Emergencies: Southern Somalia Report,,"This report presents findings from the southern Somalia case study for the Collective Resolution to Enhance Accountability and Transparency in Emergencies (CREATE) initiative, led by Transparency International. The goal of the study was to produce an evidence base concerning corruption risks and prevention and mitigation measures in relation to the implementation of humanitarian assistance in southern Somalia.",,report,,2016-12-01,,,https://humanitarianoutcomes.org/publications/collective-resolution-enhance-accountability-and-transparency-emergencies-southern,,,,,,,,,,,,,,,,,,,Adele Harmer|Nisar Majid,,,,,,,,,1fe251a4-ed86-40b0-be14-ca863ee1d841,,,,,https://humanitarianoutcomes.org/sites/default/files/publications/create_somalia_report_2016.pdf,en,,,,,,,,
"Independent  Review  of  CERF  Allocations  to  Syrian Conflict and Regional Refugee Crisis (Lebanon, Jordan and Syria)",,"In 2015, the CERF secretariat commissioned independent consultants to review the value added of CERF in the humanitarian response in Iraq (review by Glyn Taylor), the Syria crisis covering Syria, Lebanon, Jordan and Iraq (review by Glyn Taylor and Edward Rackley) and CERF’s added value to the South Sudan crisis covering South Sudan, Sudan, Kenya, Uganda and Ethiopia (review by Jock Baker). The reviews assessed CERF's added value against the indicators of the fund's Performance and Accountability Framework (PAF). The findings from the reviews help humanitarian country teams and the CERF secretariat improve their use of CERF funding. the report",,report,,2017-03-01,,,https://humanitarianoutcomes.org/publications/independent-review-cerf-allocations-syrian-conflict-and-regional-refugee-crisis-lebanon,,,,,,,,,,,,,,,,,,,Glyn Taylor|Edward Rackley,,,,,,,,,1fe251a4-ed86-40b0-be14-ca863ee1d841,,,,,http://www.unocha.org/cerf/reportsevaluations/evaluations/country-reviews/performance-and-accountability-framework,en,,,,,,,,
From Grand Bargain to beneficiary: an analysis of funding flows through the humanitarian system,,"This study has been a first attempt at answering the apparently simple and important question: ‘How much funding reaches humanitarian aid beneficiaries?’ Focusing on the classification and analysis of expenditure, the paper has not sought to make any judgments about the value or benefit of these expenditures to the aid recipients. While this approach does not capture the quality of assistance provided to crisis-affected populations, the study aims to lay the foundation for further discussions about cost-efficiency, the quality of humanitarian assistance and the added value of each actor in the chain. the report",,report,,2017-05-01,,,https://humanitarianoutcomes.org/publications/grand-bargain-beneficiary-analysis-funding-flows-through-humanitarian-system,,,,,,,,,,,,,,,,,,,Lydia Poole,,,,,,,,,1fe251a4-ed86-40b0-be14-ca863ee1d841,,,,,https://www.odi.org/sites/odi.org.uk/files/resource-documents/11588.pdf,en,,,,,,,,
Aid Worker Security Report 2017- Behind the Attacks: A look at the perpetrators of violence against aid workers,,The Aid Worker Security Report 2017 provides the latest verified statistics from the Aid Worker Security Database (AWSD) and uses this evidence base for an examination of some of the organised  groups responsible for major attacks on aid operations.,,report,,2017-08-01,,,https://humanitarianoutcomes.org/publications/aid-worker-security-report-2017-behind-attacks-look-perpetrators-violence-against-aid,,,,,,,,,,,,,,,,,,,Abby Stoddard|Adele Harmer|Monica Czwarno,,,,,,,,,1fe251a4-ed86-40b0-be14-ca863ee1d841,,,,,https://humanitarianoutcomes.org/sites/default/files/publications/awsr_2017.pdf,en,,,,,,,,
"Presence & Proximity: To Stay and Deliver, Five Years On",,"Humanitarian Outcomes undertook this study, a follow-on to the 2011  report, at the behest of the UN Office for the Coordination of Humanitarian Affairs (OCHA), the Norwegian Refugee Council (NRC), and the Jindal School of International Affairs (JSIA), OP Jindal Global University. The study presents practical recommendations for humanitarians, Member States, donors and parties to conflict to adopt so that, even in the most brutal of conflicts, people in need can access the basics they need to survive and be safer. From strengthening principled and proximate responses to reinforcing duty of care, from questioning our practices to developing collective learning, we must collectively continue to reflect on such questions and other points of attention raised in the report.",,report,,2017-06-01,,,https://humanitarianoutcomes.org/publications/presence-proximity-stay-and-deliver-five-years,,,,,,,,,,,,,,,,,,,Ashley Jackson|Steven A. Zyck,,,,,,,,,1fe251a4-ed86-40b0-be14-ca863ee1d841,,,,,https://humanitarianoutcomes.org/sites/default/files/publications/presence_and_proximity.pdf,en,,,,,,,,
Collective Resolution to Enhance Accountability and Transparency in Emergencies: Synthesis Report,,"This report presents synthesis findings from four case studies developed under the Collective Resolution to Enhance Accountability and Transparency in Emergencies (CREATE) initiative, led by Transparency International (TI). The objective of the studies was to produce an evidence base concerning the risks on aid integrity, in particular corruption risks, as well as prevention and mitigation measures, in relation to the implementation of humanitarian assistance in four complex operational settings: Afghanistan, the response to Ebola in Guinea, southern Somalia, and operations to assist Syrian refugees in Lebanon.",,report,,2017-08-01,,,https://humanitarianoutcomes.org/publications/collective-resolution-enhance-accountability-and-transparency-emergencies-synthesis,,,,,,,,,,,,,,,,,,,Adele Harmer|François Grünewald ,,,,,,,,,1fe251a4-ed86-40b0-be14-ca863ee1d841,,,,,https://humanitarianoutcomes.org/sites/default/files/publications/2017_create_synthesis_en.pdf,en,,,,,,,,
Coherence in Conflict: Bringing humanitarian and development aid streams together,,Policy study and recommendations on coherent approaches to financing in conflict across humanitarian and development portfolios commissioned by the Danish government.,,report,,2015-11-01,,,https://humanitarianoutcomes.org/publications/coherence-conflict-bringing-humanitarian-and-development-aid-streams-together,,,,,,,,,,,,,,,,,,,,,,,,,,,,1fe251a4-ed86-40b0-be14-ca863ee1d841,,,,,https://humanitarianoutcomes.org/sites/default/files/publications/coherence_in_conflict_web_1.pdf,en,,,,,,,,
Evaluation of Dutch Humanitarian Assistance 2009-2014: Support to the South Sudan Common Humanitarian Fund. Policy and Operations Evaluation Department,,"Case study contribution to the evaluation of Dutch humanitarian assistance (2009-14) focused on Dutch support to the South Sudan Common Humanitarian Fund, commissioned by the Policy and Operations Evaluation Department (IOB), Netherlands Ministry of Foreign Affairs.",,report,,2015-02-01,,,https://humanitarianoutcomes.org/publications/evaluation-dutch-humanitarian-assistance-2009-2014-support-south-sudan-common,,,,,,,,,,,,,,,,,,,Lydia Poole,,,,,,,,,1fe251a4-ed86-40b0-be14-ca863ee1d841,,,,,https://humanitarianoutcomes.org/sites/default/files/publications/406-iob-deelstudie-zuid-soedan-evaluatie-humanitaire-hulp.pdf,en,,,,,,,,
"The State of the Humanitarian System, 2015 Edition",,"Commissioned by ALNAP, Humanitarian Outcomes designed the methodology for and researched and wrote the 2010, 2012, and 2015 editions of the State of the Humanitarian System report. This edition synthesises the findings of over 350 formal evaluations and other relevant documents, 340 key informant interviews and surveys of 1,271 aid practitioners (including host-government officials) and 1,189 aid recipients, covering the period 2012–2014.The humanitarian system’s performance is assessed within its core functions of responding to major sudden-onset emergencies and supporting populations in chronic crisis, as well as its less well-defined roles of humanitarian advocacy and support for resilience. This assessment is made based on standard evaluative criteria for humanitarian action (sufficiency/coverage, relevance/ appropriateness, effectiveness, connectedness, efficiency and coherence).",,report,,2015-10-01,,,https://humanitarianoutcomes.org/publications/state-humanitarian-system-2015-edition,,,,,,,,,,,,,,,,,,,Abby Stoddard|Adele Harmer|Katherine Haver|Glyn Taylor|Paul Harvey,,,,,,,,,1fe251a4-ed86-40b0-be14-ca863ee1d841,,,,,https://humanitarianoutcomes.org/sites/default/files/publications/alnap-sohs-2015-web.pdf,en,,,,,,,,
Future Humanitarian Financing: Looking Beyond the Crisis,,,,report,,2015-05-01,,,https://humanitarianoutcomes.org/publications/future-humanitarian-financing-looking-beyond-crisis,,,,,,,,,,,,,,,,,,,Lydia Poole,,,,,,,,,1fe251a4-ed86-40b0-be14-ca863ee1d841,,,,,http://www.alnap.org/pool/files/fhf-looking-beyond-the-crisis-report.pdf,en,,,,,,,,
Figures at a Glance: 2016,,A one-page consolidated fact sheet highlighting the annual quantitative statistics that show the trends of violence against aid workers in 2015.,,report,,2016-01-01,,,https://humanitarianoutcomes.org/publications/figures-glance-2016,,,,,,,,,,,,,,,,,,,Abby Stoddard|Adele Harmer|Monica Czwarno,,,,,,,,,1fe251a4-ed86-40b0-be14-ca863ee1d841,,,,,https://humanitarianoutcomes.org/sites/default/files/publications/ho_aidworkersecpreview_1015_g.pdf_2.pdf,en,,,,,,,,
Mid-term evaluation of the Dutch Relief Alliance Evaluation Report Humanitarian Policy Group,,,,report,,2016-07-01,,,https://humanitarianoutcomes.org/publications/mid-term-evaluation-dutch-relief-alliance-evaluation-report-humanitarian-policy-group,,,,,,,,,,,,,,,,,,,Lydia Poole,,,,,,,,,1fe251a4-ed86-40b0-be14-ca863ee1d841,,,,,https://www.savethechildren.nl/sci-nl/files/28/28bcacf3-ec17-478b-b0c3-8778bf8ea3cc.pdf,en,,,,,,,,
Risk Register Tool,,"A risk register is a risk management tool that can assist in creating a repository of potential risks that could affect the organization and its operations. It describes the nature and severity of each risk, possible mitigation measures and risk ""owners."" While the risk register can be a helpful compliance tool, its purpose is best fulfilled when used alongside other risk management frameworks, tools, organizational cultural risk awareness, stakeholder buy-in and accountability. This tool was created by taking and adapting some of the toolkits that a number of the INGOs in the NGOs and Risk study used as part of their risk management practice.",,report,,2016-02-01,,,https://humanitarianoutcomes.org/publications/risk-register-tool,,,,,,,,,,,,,,,,,,,Monica Czwarno|Abby Stoddard,,,,,,,,,1fe251a4-ed86-40b0-be14-ca863ee1d841,,,,,https://humanitarianoutcomes.org/sites/default/files/publications/risk_register-blank_template.xls,en,,,,,,,,
Review of the Netherlands’ Humanitarian Assistance 2009-2014,,"This report presents the findings from an evaluation of Netherlands’ humanitarian action from 2009 to 2013. It was commissioned and supported by the Policy and Operations Evaluation Department (IOB) Ministry of Foreign Affairs. The purpose of the report is to evaluate the 2011 policy by providing insight into the development of Netherlands’ humanitarian policy, its implementation, and whether or not the envisaged results have been achieved. The report also examines the broader effectiveness of the UN-led humanitarian system, and considers the Netherlands’ humanitarian policy within the context of the challenges faced by this system. The central evaluation question is:",,report,,2015-04-01,,,https://humanitarianoutcomes.org/publications/review-netherlands%E2%80%99-humanitarian-assistance-2009-2014,,,,,,,,,,,,,,,,,,,Glyn Taylor|Paul Harvey|Elisabeth Couture,,,,,,,,,1fe251a4-ed86-40b0-be14-ca863ee1d841,,,,,https://humanitarianoutcomes.org/sites/default/files/publications/406-iob-overview-study-dutch-humanitarian-assistance-humanitarian-outcomes.pdf,en,,,,,,,,
DFID’s Internal Risk Facility: Changing the Humanitarian Financing Landscape for Protracted Crises?,,"This review assessed the ways in which the IRF provides early and predictable funding, as indicated, as well as how expected outcome indicators have been met to date. It also considers aspects of the IRF’s relevance/coherence, effectiveness/coverage, impact and sustainability. Each of these are described in separate sections of this report. report",,report,,2016-04-01,,,https://humanitarianoutcomes.org/publications/dfid%E2%80%99s-internal-risk-facility-changing-humanitarian-financing-landscape-protracted,,,,,,,,,,,,,,,,,,,Dorian LaGuardia|Lydia Poole,,,,,,,,,1fe251a4-ed86-40b0-be14-ca863ee1d841,,,,,http://www.thirdreefsolutions.com/DFID--Somalia--IRF%20Evaluation--Final%20Report.pdf,en,,,,,,,,
"Good development support in fragile, at-risk and crisis-affected contexts: a short review",,,,report,,2016-01-01,,,https://humanitarianoutcomes.org/publications/good-development-support-fragile-risk-and-crisis-affected-contexts-short-review,,,,,,,,,,,,,,,,,,,Lydia Poole,,,,,,,,,1fe251a4-ed86-40b0-be14-ca863ee1d841,,,,,http://www.oecd-ilibrary.org/development/good-development-support-in-fragile-at-risk-and-crisis-affected-contexts_5jm0v3s71fs5-en,en,,,,,,,,
NGO Risk Management: Principles and Promising Practice,,,,report,,2016-02-01,,,https://humanitarianoutcomes.org/publications/ngo-risk-management-principles-and-promising-practice,,,,,,,,,,,,,,,,,,,Abby Stoddard|Katherine Haver|Monica Czwarno,,,,,,,,,1fe251a4-ed86-40b0-be14-ca863ee1d841,,,,,https://humanitarianoutcomes.org/sites/default/files/publications/ngo-risk_handbook.pdf,en,,,,,,,,
NGOs and Risk: How international humanitarian actors manage uncertainty,,"Report of an applied research study with 14 major international NGOs, analysing the current challenges, approaches, and tools for risk management in humanitarian operations.",,report,,2016-02-01,,,https://humanitarianoutcomes.org/publications/ngos-and-risk-how-international-humanitarian-actors-manage-uncertainty,,,,,,,,,,,,,,,,,,,Abby Stoddard|Katherine Haver|Monica Czwarno,,,,,,,,,1fe251a4-ed86-40b0-be14-ca863ee1d841,,,,,https://humanitarianoutcomes.org/sites/default/files/publications/ngo-risk_report_web.pdf,en,,,,,,,,
Independent Reviews of the Value Added of CERF in the Horn of Africa Drought Response 2011: Synthesis and Overview,,"This report synthesizes the findings of four independent country reviews undertaken in 2012 as part of the CERF Performance and Accountability Framework (PAF). Separate reports on Ethiopia, Kenya, Somalia and Djibouti were commissioned by the CERF Secretariat in 2012, since one-third of 2011 CERF disbursements were made to these countries as part of the response to the drought crisis in the Horn of Arica in 2011. report",,report,,2012-10-01,,,https://humanitarianoutcomes.org/publications/independent-reviews-value-added-cerf-horn-africa-drought-response-2011-synthesis-and,,,,,,,,,,,,,,,,,,,Glyn Taylor|Barnaby Willitts - King,,,,,,,,,1fe251a4-ed86-40b0-be14-ca863ee1d841,,,,,http://www.unocha.org/cerf/sites/default/files/CERF/2012112%20HofA%20Regional%20Response%20Final.pdf,en,,,,,,,,
Bridging the needs-based funding gap: NGO field perspectives,,"In the last ten years a great deal of effort and resources has been invested by humanitarian organizations and donors to improve the evidence base on which the decisions are made, with the intention of building mechanisms for inclusive dialogue, and developing shared analysis of needs and mechanisms and approaches to enable flexible, rapid and impartial humanitarian funding. The required knowledges and principles exist to make needs-based humanitarian funding a reality. In practice, however, funding levels across different crisis are often disproportionate, funding for protracted crises is periodically volatile and NGOs often struggle to pieces together adequate and sufficiently enabling funds to reposed to new needs and sustain programs to meet ongoing needs. This report looks at the major contributing factors to the uneven achievement of a collective needs-based financing response.  report",,report,,2014-01-01,,,https://humanitarianoutcomes.org/publications/bridging-needs-based-funding-gap-ngo-field-perspectives,,,,,,,,,,,,,,,,,,,Lydia Poole,,,,,,,,,1fe251a4-ed86-40b0-be14-ca863ee1d841,,,,,https://www.nrc.no/globalassets/pdf/reports/bridging-the-needs-based-funding-gap.pdf,en,,,,,,,,
Aid Worker Security Report 2012: Host states,,"Data from the Aid Worker Security Database show that in the past several years, major violence against aid workers is increasingly concentrated in a small number of extremely insecure countries. In this report we explore why that is the case. We examine these outlier contexts, the countries where aid worker casualties continue to mount, despite organisations’ best efforts to strengthen operational security. The analysis measures relationships between aid worker violence and country-specific conditions: governance indicators, stability measures, conflict events, corruption levels and other variables.",,report,,2012-12-01,,,https://humanitarianoutcomes.org/publications/aid-worker-security-report-2012-host-states,,,,,,,,,,,,,,,,,,,Abby Stoddard|Adele Harmer|Morgan Hughes,,,,,,,,,1fe251a4-ed86-40b0-be14-ca863ee1d841,,,,,https://humanitarianoutcomes.org/sites/default/files/publications/aidworkersecurityreport2012.pdf,en,,,,,,,,
The New Normal: Coping with the Kidnapping Threat,,"This fourth edition of the Aid Worker Security Report provides the latest verified statistics on global violence against aid workers, and takes an in-depth look at kidnapping, which in 2012 affected more aid workers than any other form of major violent attack.",,report,,2013-10-01,,,https://humanitarianoutcomes.org/publications/new-normal-coping-kidnapping-threat,,,,,,,,,,,,,,,,,,,Abby Stoddard|Adele Harmer|Kate Toth,,,,,,,,,1fe251a4-ed86-40b0-be14-ca863ee1d841,,,,,https://humanitarianoutcomes.org/sites/default/files/publications/aid_worker_security_report_2013_kidnapping.pdf,en,,,,,,,,
Funding at the Sharp End: Investing in National NGO Response Capacity,,,,report,,2013-07-01,,,https://humanitarianoutcomes.org/publications/funding-sharp-end-investing-national-ngo-response-capacity,,,,,,,,,,,,,,,,,,,Lydia Poole,,,,,,,,,1fe251a4-ed86-40b0-be14-ca863ee1d841,,,,,http://www.alnap.org/pool/files/cafod-national-ngo-financing-study-july-2013.pdf,en,,,,,,,,
Review of the Nepal Risk Reduction Consortium,,"In May 2013, the Government commissioned this Review to take stock of the NRRC’s progress and achievements, as well as assess whether its strategies, architecture and investments were appropriately aligned with Government priorities and the planned new DRM structures. The Review will also inform current and future DRM work plans and advance planning for the post-2015 context, when the current phase of the NRRC is due to end. The Review Team explored a range of structural, programmatic and governance issues. The process itself involved desk-based research, a number of rounds of interviews with key stakeholders and a field visit. report",,report,,2013-08-01,,,https://humanitarianoutcomes.org/publications/review-nepal-risk-reduction-consortium,,,,,,,,,,,,,,,,,,,Glyn Taylor|Elisabeth Couture|Mahendra Gurung |Krishna Vatsa,,,,,,,,,1fe251a4-ed86-40b0-be14-ca863ee1d841,,,,,http://un.org.np/sites/default/files/2013-09-20-NRRC-review_0.pdf,en,,,,,,,,
Somalia Cash and Voucher Evaluation,,"The Evaluation of the Unconditional Cash Transfer and Voucher Programmes in Southern and Central Somalia includes all unconditional cash and voucher programmes implemented by 15 NGOs between August 2011 and December 2012 in response to the crisis. The evaluation serves to determine the appropriateness, efficiency and effectiveness of these cash transfer programmes (CTPs), their coordination and independent monitoring, the latter outsourced to the Overseas Development Institute (ODI). the report.",,report,,2013-01-01,,,https://humanitarianoutcomes.org/publications/somalia-cash-and-voucher-evaluation,,,,,,,,,,,,,,,,,,,Paul Harvey|Kerren Hedlund|Nisar Majid|Dan Maxwell|Nigel Nicholson,,,,,,,,,1fe251a4-ed86-40b0-be14-ca863ee1d841,,,,,https://www.unicef.org/evaldatabase/files/Somalia_2013-002_Humanitarian_Outcomes_Somalia_Cash_and_Voucher_Evaluation_Full_Report.pdf,en,,,,,,,,
A calculated risk: how donors should engage with risk financing and transfer mechanisms,,,,report,,2014-07-01,,,https://humanitarianoutcomes.org/publications/calculated-risk-how-donors-should-engage-risk-financing-and-transfer-mechanisms,,,,,,,,,,,,,,,,,,,Lydia Poole,,,,,,,,,1fe251a4-ed86-40b0-be14-ca863ee1d841,,,,,http://www.oecd-ilibrary.org/development/a-calculated-risk-how-donors-should-engage-with-risk-financing-and-transfer-mechanisms_5jz122cn65s6-en,en,,,,,,,,
Independent Review of Programme Criticality,,"On behalf of the multi-agency Programme Criticality Steering Committee, Humanitarian Outcomes undertook this review to identify progress, strengths and weaknesses of the programme criticality (PC) methodology and framework. The report assesses the rollout of the PC framework, including the use of PC results at country level and whether PC contributes to the UN’s ability to ‘stay and deliver’; to identify external factors that might have influenced the implementation of programme criticality; and to provide actionable recommendations for a way forward, including on the sustainability and institutionalisation within the UN system.",,report,,2014-07-01,,,https://humanitarianoutcomes.org/publications/independent-review-programme-criticality,,,,,,,,,,,,,,,,,,,Abby Stoddard|Adele Harmer|Katherine Haver|Kath Toth,,,,,,,,,1fe251a4-ed86-40b0-be14-ca863ee1d841,,,,,https://humanitarianoutcomes.org/sites/default/files/publications/independent_review_of_programme_criticality_july_2014.pdf,en,,,,,,,,
"Aid and the Transformation Decade, Development Initiatives",,,,report,,2014-11-01,,,https://humanitarianoutcomes.org/publications/aid-and-transformation-decade-development-initiatives,,,,,,,,,,,,,,,,,,,Lydia Poole,,,,,,,,,1fe251a4-ed86-40b0-be14-ca863ee1d841,,,,,http://devinit.org/wp-content/uploads/2014/11/GHA_Afganistan2014_-1.pdf,en,,,,,,,,
Figure at a Glance: 2015,,A one-page consolidated fact sheet highlighting the annual quantitative statistics that show the trends of violence against aid workers in 2015.,,report,,2015-01-01,,,https://humanitarianoutcomes.org/publications/figure-glance-2015,,,,,,,,,,,,,,,,,,,Abby Stoddard|Adele Harmer,,,,,,,,,1fe251a4-ed86-40b0-be14-ca863ee1d841,,,,,https://humanitarianoutcomes.org/sites/default/files/publications/ho_aidworkersecuritypreview2015.pdf,en,,,,,,,,
Independent Review of the Value Added of the Central Emergency Response Fund (CERF) in Bolivia,,"The CERF has become a significant resource for natural disaster response and has been called upon frequently since its inception in 2006. The CERF was the largest humanitarian donor to Bolivia in 2010 and is the second largest to date in 2011. Although relations between humanitarian actors in the government, UN and INGOs are relatively open, the broader political context and the nature of funding flows mean that, in the event of a natural disaster, there is no single, jointly constructed response plan to which the CERF contributes. By extension, the CERF is not highly relevant to INGOs, given their access to alternative humanitarian funds. For UN Agencies and government, however, (‘technical’ ministries and sub national government in particular) it is recognised as highly important source of funding. The CERF is perceived to fill a number of gaps and there is anecdotal evidence to suggest that it was used for a range of important interventions for flood-affected populations in 2010, whether or not these interventions were the most time critical.",,report,,2011-07-01,,,https://humanitarianoutcomes.org/publications/independent-review-value-added-central-emergency-response-fund-cerf-bolivia,,,,,,,,,,,,,,,,,,,Glyn Taylor,,,,,,,,,1fe251a4-ed86-40b0-be14-ca863ee1d841,,,,,https://humanitarianoutcomes.org/sites/default/files/publications/humanitarian_outomes_bolivia_cerf_final_report.pdf,en,,,,,,,,
To Stay and Deliver: Good practice for humanitarians in complex security environments,,"'In response to growing concerns regarding the insecurity of aid operations and the resulting decline in humanitarian access, the present study, commissioned by the UN Office for the Coordination of Humanitarian Affairs (OCHA), set out to identify and document those strategies and practices that have enabled humanitarian organisations to maintain effective operations in contexts characterised by high security risks. In the second half of 2010 an independent research team, led by former Emergency Relief Coordinator Jan Egeland, undertook six field studies in complex security environments, conducted interviews with 255 humanitarian practitioners and policymakers, surveyed over 1,100 national staff members, and carried out a desk-based review of organisational literature and case-based evidence. This report synthesises the findings as well as specific inputs and guidance received from the study’s Advisory Group.'",,report,,2011-08-01,,,https://humanitarianoutcomes.org/publications/stay-and-deliver-good-practice-humanitarians-complex-security-environments,,,,,,,,,,,,,,,,,,,Jan Egeland|Adele Harmer|Abby Stoddard,,,,,,,,,1fe251a4-ed86-40b0-be14-ca863ee1d841,,,,,https://humanitarianoutcomes.org/sites/default/files/publications/stay_and_deliver.pdf,en,,,,,,,,
Cash transfer programming in emergencies,,"The vast majority of international humanitarian aid is provided in-kind, in the form of food, seeds, tools, medicines, shelter materials and household goods. At the same time, however, there is a significant and growing body of experience with the provision of cash or vouchers as alternatives or complements to in-kind assistance. As experience with using cash transfers grows, so it has become increasingly clear that cash can play a part in assisting people after emergencies across a range of sectors. It can support access to food, help to rebuild or protect livelihoods, help to meet people’s need for shelter and non-food items, support refugees and facilitate return and reintegration processes. The question is no longer whether cash is an appropriate way to meet the needs of disaster-affected people, but how organisations, donors and governments can use cash transfers to best effect, in line with their missions and mandates.Download the report .",,report,,2011-06-01,,,https://humanitarianoutcomes.org/publications/cash-transfer-programming-emergencies,,,,,,,,,,,,,,,,,,,Paul Harvey| Sarah Bailey,,,,,,,,,1fe251a4-ed86-40b0-be14-ca863ee1d841,,,,,http://odihpn.org/wp-content/uploads/2011/06/gpr11.pdf,en,,,,,,,,
"Prospects for Integrating a Programme Based Approach in CAPs and Common Humanitarian Funds, A Scoping Study",,"This study, externally commissioned by UNHCR on behalf of the IASC Humanitarian Financing Group, is an attempt to determine whether two of the main vehicles for coordination in fundraising for humanitarian response - the Consolidated Appeal Process and the Common Humanitarian Funds - could potentially be improved by the introduction of a ‘programme-based approach’.",,report,,2011-06-01,,,https://humanitarianoutcomes.org/publications/prospects-integrating-programme-based-approach-caps-and-common-humanitarian-funds,,,,,,,,,,,,,,,,,,,Abby Stoddard,,,,,,,,,1fe251a4-ed86-40b0-be14-ca863ee1d841,,,,,https://humanitarianoutcomes.org/sites/default/files/publications/pba_study_final.pdf,en,,,,,,,,
"Afghanistan: Tracking major resource flows, 2002-2010",,Development Initiatives policy study analysing resources and financing flows in Afghanistan.  report,,report,,2011-01-01,,,https://humanitarianoutcomes.org/publications/afghanistan-tracking-major-resource-flows-2002-2010,,,,,,,,,,,,,,,,,,,Lydia Poole,,,,,,,,,1fe251a4-ed86-40b0-be14-ca863ee1d841,,,,,http://devinit.org/wp-content/uploads/2011/02/gha-Afghanistan-2011-major-resource-flows-1.pdf,en,,,,,,,,
Aid Worker Security Report 2011,,"The Aid Worker Security Report 2011 is the third in a series of briefing papers monitoring trends and issues in security for humanitarian operations that base findings on data from the Aid Worker Security Database (AWSD). In addition to presenting an updated analysis of statistical trends, the Aid Worker Security Report 2011 highlights the issue of security for national aid workers, drawing upon findings from a major survey of national aid workers conducted for a recent OCHA-commissioned study: To Stay and Deliver: Good Practice for Humanitarians in Complex Security Environments (Egeland, Harmer and Stoddard 2011).",,report,,2011-08-01,,,https://humanitarianoutcomes.org/publications/aid-worker-security-report-2011,,,,,,,,,,,,,,,,,,,Abby Stoddard|Adele Harmer|Katherine Haver,,,,,,,,,1fe251a4-ed86-40b0-be14-ca863ee1d841,,,,,https://humanitarianoutcomes.org/sites/default/files/publications/aidworkersecurityreport2011.pdf,en,,,,,,,,
Independent Review of the Value Added of the Central Emergency Response Fund (CERF) in Colombia,,"One of a number of country studies for the OCHA administered Central Emergency Response Fund (CERF); evaluating the use of the Fund against the criteria set by the Fund's Performance and Evaluation Framework (PAF).  Colombia is a highly complex context for humanitarian operations and, consequently, for the application of the CERF. Humanitarian needs in Colombia fall into two categories; those primarily related to conflict and those resulting from natural disasters; and each has a distinct set of political sensitivities with central government and separate national response systems. As a single and ostensibly coordinated international system works to respond to both sets of need, the ‘normal’ issues in implementing humanitarian reform are especially challenging.",,report,,2011-07-01,,,https://humanitarianoutcomes.org/publications/independent-review-value-added-central-emergency-response-fund-cerf-colombia,,,,,,,,,,,,,,,,,,,Glyn Taylor,,,,,,,,,1fe251a4-ed86-40b0-be14-ca863ee1d841,,,,,https://humanitarianoutcomes.org/sites/default/files/publications/humanitarian_outcomes_colombia_cerf_final_report.pdf,en,,,,,,,,
Independent Review of the Value Added of the Central Emergency Response Fund (CERF) in Kenya,,"Coordination structures in Kenya are noted in previous CERF studies as being relatively strong and inclusive and this remains true of UN / Government led structures for nonrefugee programming. More broadly, coordination for Kenya appears disjointed. There is no strong coordination structure that straddles both refugee and non-refugee programmes and although the concept of resilience is the topic of much discussion, a number of actors in Kenya noted the lack of central leadership from the government required to bring coherence to development and humanitarian programming. The ERF is run in close coordination with technical ministries of the government but there is little or no interaction between the ERF and the CERF. Within this context, the CERF can be considered an effective tool for the part of the system it principally serves, the UN led, sector based system for non-refugee programming. Although sectors were noted as remaining uneven, allocation processes were largely perceived to be inclusive and transparent through the system of sectoral groups. Where the CERF was directed to refugee programming, UNCHR’s internal systems and field level coordination functions are the default. By definition these are less inclusive and transparent and sit apart from ‘reformed’ coordination systems. report",,report,,2012-10-01,,,https://humanitarianoutcomes.org/publications/independent-review-value-added-central-emergency-response-fund-cerf-kenya,,,,,,,,,,,,,,,,,,,Glyn Taylor,,,,,,,,,1fe251a4-ed86-40b0-be14-ca863ee1d841,,,,,http://www.unocha.org/cerf/sites/default/files/CERF/Kenya%20CERF%20PAF%20Review%20-%20Final%20Report%2018%20Oct.pdf,en,,,,,,,,
Independent Review of the Underfunded Emergencies Window of the Central Emergency Response Fund (CERF),,"The processes behind the CERF Under-Funded Emergencies (UFE) window, and more specifically the country selection processes for CAP and non-CAP countries within it, are fundamentally sound. As such, there is no need to replace or to significantly re-model them. A major reboot of functioning systems would also risk undermining the genuine sense of collaboration and ownership of the process built through the various iterations and adjustments made since its inception. Not least because decisions made by the CERF are required to be immediately defensible, the selection processes provide a solid model for evidence-based funding allocation, worthy of consideration for adoption by donors who operate from a global level analysis. In commissioning this study, however, the CERF secretariat acknowledges that neither process is perfect and should be open to continued improvement.",,report,,2012-10-01,,,https://humanitarianoutcomes.org/publications/independent-review-underfunded-emergencies-window-central-emergency-response-fund-cerf,,,,,,,,,,,,,,,,,,,Abby Stoddard|Glyn Taylor,,,,,,,,,1fe251a4-ed86-40b0-be14-ca863ee1d841,,,,,https://humanitarianoutcomes.org/sites/default/files/publications/406-iob-overview-study-dutch-humanitarian-assistance-humanitarian-outcomes_0.pdf,en,,,,,,,,
Global Humanitarian Assistance Report 2012,,,,report,,2012-01-01,,,https://humanitarianoutcomes.org/publications/global-humanitarian-assistance-report-2012,,,,,,,,,,,,,,,,,,,Lydia Poole,,,,,,,,,1fe251a4-ed86-40b0-be14-ca863ee1d841,,,,,http://devinit.org/wp-content/uploads/2012/07/Global-Humanitarian-Assistance-Report-2012.pdf,en,,,,,,,,
Humanitarian Data and Trends 2012,,"World Humanitarian Data and Trends presents global and country-level data and trend analysis relevant to humanitarian assistance. Its purpose is to bring this information together in one place and present it in an accessible way. It is intended to establish a common baseline of humanitarian data that can be built on in future years and allow for comparisons across time. This data can be used to help support humanitarian policy decisions and provide country-level context that can support operational decision-making.The information presented covers three main areas: 1) humanitarian needs in 2011; 2) humanitarian response in 2011; 3) humanitarian trends. It is intended to provide as comprehensive a picture as possible of global humanitarian needs and response and to highlight major, indicative trends in the nature of humanitarian crises, their drivers and the actors that participate in crisis prevention, response and recovery. report",,report,,2012-09-01,,,https://humanitarianoutcomes.org/publications/humanitarian-data-and-trends-2012,,,,,,,,,,,,,,,,,,,Lydia Poole|Lisa Walmsley ,,,,,,,,,1fe251a4-ed86-40b0-be14-ca863ee1d841,,,,,https://docs.unocha.org/sites/dms/Documents/World%20Humanitarian%20Data%20and%20Trends%202012%20Web.pdf,en,,,,,,,,
Independent Review of the Value Added of the Central Emergency Response Fund (CERF) in Somalia,,"This report is one of four country studies looking at the added value of the CERF in the overall response to the Horn of Africa Drought in 2011, as part of the implementation of the Fund’s Performance and Accountability Framework (PAF). A regional synthesis report looks at overarching conclusions from the four reports. Somalia in 2011 was an extremely challenging environment for humanitarian actors. As the crisis escalated during the first half of the year, funding levels for humanitarian actors remained very low, following the established pattern from the previous year. Only when the crisis reached its peak in the middle of the year, did donors switch from reticence to response.Timeliness of CERF: The use of the CERF in Somalia in 2011 has to be seen against the backdrop of a slow response on the part of the whole humanitarian system. In combination with the CHF, the UFE grant at the beginning of the year went some way to offsetting a critical funding shortfall. Funds from the RR window came marginally, but critically, ahead of a general upswing in funds, due largely to responsive and quick processing by the CERF Secretariat. There was an overall consensus that the request to the RR window could have been made earlier1 . The potential for use of the CERF at an earlier stage of crisis response is covered in the regional synthesis report. here",,report,,2012-10-01,,,https://humanitarianoutcomes.org/publications/independent-review-value-added-central-emergency-response-fund-cerf-somalia,,,,,,,,,,,,,,,,,,,Glyn Taylor,,,,,,,,,1fe251a4-ed86-40b0-be14-ca863ee1d841,,,,,http://www.unocha.org/cerf/sites/default/files/CERF/Somalia%20CERF%20PAF%20Review%20-%20Final%20report%2019%20Oct.pdf,en,,,,,,,,
Providing aid in insecure environments: 2009 Update,,"This HPG Policy Brief updates the findings from the 2006 report Providing Aid in Insecure Environments: Trends in Policy and Operations. Its analysis follows on from that report, providing the global incident data for the last three years. It identifies new trends and highlightsissues in the three most violent contexts for aid workers at present: Sudan (Darfur), Afghanistan, and Somalia.",,report,,2009-04-01,,,https://humanitarianoutcomes.org/publications/providing-aid-insecure-environments-2009-update,,,,,,,,,,,,,,,,,,,Abby Stoddard|Adele Harmer|Victoria DiDomenico,,,,,,,,,1fe251a4-ed86-40b0-be14-ca863ee1d841,,,,,https://humanitarianoutcomes.org/sites/default/files/publications/providingaidininsecureenvironments2009.pdf,en,,,,,,,,
Strategic evaluation of the effectiveness of WFP livelihoods recovery interventions,,"This evaluation examines the relevance, efficiency, effectiveness, impact and sustainability of WFP’s support to people’s recovery of their livelihoods after disasters. The objectives of this evaluation were to assess how far WFP interventions are meeting their stated and implicit recovery and livelihoods objectives and to encourage learning for WFP to improve its recovery related programming. It considers both EMOPs and PRROs and all food assistance activities. Relief activities as well as those with explicit recovery objectives may have an impact on restoring livelihoods in recovery contexts. The intended audience for the evaluation are WFP staff, executive board members, cooperating partners who play a critical role in delivering recovery interventions and UN agencies, NGOs and governments engaged in recovery programming, with links to WFP’s work. the report.",,report,,2009-03-01,,,https://humanitarianoutcomes.org/publications/strategic-evaluation-effectiveness-wfp-livelihoods-recovery-interventions,,,,,,,,,,,,,,,,,,,Laura Wilkinson|Cynthia Burton,,,,,,,,,1fe251a4-ed86-40b0-be14-ca863ee1d841,,,,,http://documents.wfp.org./stellent/groups/public/documents/communications/wfp203398.pdf,en,,,,,,,,
Delivering money,,"There is growing use of the provision of cash as a mechanism to provide relief to people after disasters, on the part of international aid agencies and governments. The banking industry is also undergoing rapid changes, with new technologies providing different options for making payments and delivering banking services. The use of cash, as opposed to ‘in kind’ assistance, remains a relatively new approach and aid agencies are at the early stages of developing guidelines, policies and organisational capacity to implement cash projects. Project managers lack support and guidance about the practicalities of how most efficiently and effectively to deliver cash to people. Too often that means that they have to start from scratch in assessing and choosing between different options for cash delivery. This report documents lessons learned from previous experience and provides guidance for project managers needing to make choices about how best to deliver cash to people. It also explores the potential for stronger partnerships with private sector providers, and looks at potentially useful developments in the payments industry.",,report,,2010-01-01,,,https://humanitarianoutcomes.org/publications/delivering-money,,,,,,,,,,,,,,,,,,,Paul Harvey|Katherine Haver|Jenny Hoffmann|Brenda Murphy,,,,,,,,,1fe251a4-ed86-40b0-be14-ca863ee1d841,,,,,http://www.cashlearning.org/downloads/delivering-money---cash-transfer-mechanisms-in-emergencies2.pdf,en,,,,,,,,
The use of private security providers and services in humanitarian operations,,"As conditions of insecurity continue to challenge international humanitarian operations in many countries around the world, aid organisations have adopted a number of different measures in response. Among the most controversial of these measures has been the contracting of commercial entities to provide security services for operations and personnel. This study on the use of private security providers in humanitarian operations aims to establish an evidence base on the usage of commercial security entities by humanitarian operations.",,report,,2008-10-01,,,https://humanitarianoutcomes.org/publications/use-private-security-providers-and-services-humanitarian-operations,,,,,,,,,,,,,,,,,,,Abby Stoddard|Adele Harmer|Victoria DiDomenico,,,,,,,,,1fe251a4-ed86-40b0-be14-ca863ee1d841,,,,,https://humanitarianoutcomes.org/sites/default/files/publications/privatesecurity.pdf,en,,,,,,,,
Rescuing the Peace in Southern Sudan,,Oxfam International policy study on humanitarian response and protection concerns in South Sudan at the close of the Comprehensive Peace Agreement period.  report,,report,,2010-01-01,,,https://humanitarianoutcomes.org/publications/rescuing-peace-southern-sudan,,,,,,,,,,,,,,,,,,,Lydia Poole,,,,,,,,,1fe251a4-ed86-40b0-be14-ca863ee1d841,,,,,http://policy-practice.oxfam.org.uk/publications/rescuing-the-peace-in-southern-sudan-115000,en,,,,,,,,
Towards good humanitarian government,,"Research relating to humanitarian crises has largely focused on what international aid agencies and donor governments do in response to disasters. Much less attention has been given to analysis of the role of the affected state in responding to the needs of its own citizens. Given the central role of the affected state in disaster response, this is a notable omission.",,report,,2009-09-01,,,https://humanitarianoutcomes.org/publications/towards-good-humanitarian-government,,,,,,,,,,,,,,,,,,,Paul Harvey,,,,,,,,,1fe251a4-ed86-40b0-be14-ca863ee1d841,,,,,https://humanitarianoutcomes.org/sites/default/files/publications/roleofthestate1.pdf,en,,,,,,,,
Thematic CAP for national disaster preparedness: Feasibility study,,"Humanitarian Outcomes prepared this report at the behest of the Norwegian Ministry of Foreign Affairs. While it ultimately concludes that a CAP is not the most appropriate mechanism to bolster preparedness, the research process highlighted some important systemic issues, however, and the report moves from its initial focus on the CAP to explore a range of options to improve the coherence and predictability of financing for disaster preparedness.",,report,,2009-12-01,,,https://humanitarianoutcomes.org/publications/thematic-cap-national-disaster-preparedness-feasibility-study,,,,,,,,,,,,,,,,,,,Adele Harmer|Glyn Taylor|Katherine Haver|Abby Stoddard|Paul Harvey,,,,,,,,,1fe251a4-ed86-40b0-be14-ca863ee1d841,,,,,https://humanitarianoutcomes.org/sites/default/files/publications/thematiccaponpreparednessreport2.pdf,en,,,,,,,,
Humanitarian Coordination in the Asia-Pacific Region,,"In its role as chair of the OCHA Donor Support Group (ODSG) 2009–2010, the Australian government commissioned this study focusing on humanitarian coordination issues and challenges in the Asia-Pacific region. The study team conducted more than 130 interviews with government and aid agency representatives in Nepal; Indonesia (including with field-level researchers); regional offices in Bangkok, Thailand; and in UN headquarters in New York.",,report,,2010-02-01,,,https://humanitarianoutcomes.org/publications/humanitarian-coordination-asia-pacific-region,,,,,,,,,,,,,,,,,,,Abby Stoddard|Adele Harmer|Paul Harvey|Katherine Haver,,,,,,,,,1fe251a4-ed86-40b0-be14-ca863ee1d841,,,,,https://humanitarianoutcomes.org/sites/default/files/publications/asiapacifichumanitariancoordinationstudy1.pdf,en,,,,,,,,
Once Removed: Lessons and challenges in remote management of humanitarian operations for insecure areas,,"'As attacks against aid workers continue to rise in some of the world’s most violent environments, international humanitarian agencies have increasingly adopted remote management arrangements as a way to continue assisting civilian populations while removing portions of their staff from harm’s way. This report, prepared in collaboration with the Center on International Cooperation for the Australian Government, provides a focused examination of the practice of remote management in humanitarian assistance; its benefits, deficits, and risks; and ways it could be improved. In particular, it draws on case-based field research in Afghanistan in November and December 2009 and provides case comparisons from other insecure aid contexts to identify common patterns and lessons in practice.'",,report,,2010-02-01,,,https://humanitarianoutcomes.org/publications/once-removed-lessons-and-challenges-remote-management-humanitarian-operations-insecure,,,,,,,,,,,,,,,,,,,Abby Stoddard|Adele Harmer|Jean S. Reynouf,,,,,,,,,1fe251a4-ed86-40b0-be14-ca863ee1d841,,,,,https://humanitarianoutcomes.org/sites/default/files/publications/once_removed.pdf,en,,,,,,,,
Southern Sudan: Funding according to need,,Development Initiatives policy study analysing the role of evidence and data in funding decision making in the context of South Sudan.  report,,report,,2010-10-01,,,https://humanitarianoutcomes.org/publications/southern-sudan-funding-according-need,,,,,,,,,,,,,,,,,,,Lydia Poole,,,,,,,,,1fe251a4-ed86-40b0-be14-ca863ee1d841,,,,,http://devinit.org/wp-content/uploads/2017/06/Funding-according-to-needs-Sudan-Oct-2010.pdf,en,,,,,,,,
Supporting Security for Humanitarian Action,,"The impact of insecurity on humanitarian operations, marked by rising casualty rates of aid workers in the highest risk environments, has increasingly drawn the attention of international policy makers. As a result, some donor governments have started to examine practical questions of how they and their partners can work collectively to support good practice and enhance operational security for humanitarian action. The Montreux Humanitarian Retreat section on the theme of ‘Safety and Security in Humanitarian Action’ represents a first step and potentially significant opportunity in this regard. This review was designed to support and inform that discussion, based on terms of reference elaborated by the Montreux conveners’ group.",,report,,2010-03-01,,,https://humanitarianoutcomes.org/publications/supporting-security-humanitarian-action,,,,,,,,,,,,,,,,,,,Abby Stoddard|Adele Harmer,,,,,,,,,1fe251a4-ed86-40b0-be14-ca863ee1d841,,,,,https://humanitarianoutcomes.org/sites/default/files/publications/supportingsecurityforhumanitarianactionmarch20101.pdf,en,,,,,,,,
The role of national governments in international humanitarian response,,"The 26th ALNAP Meeting on the role of national governments in international humanitarian response to disasters was hosted by the International Red Cross and Red Crescent Movement supported by Mercy Malaysia, and took place from the 16th to 17th November 2010 in Kuala Lumpur, Malaysia. The meeting brought together a range of key humanitarian and government actors, including National Disaster Management Authorities, with the specific aim of exploring better ways of collaborating in disaster response. The meeting felt historic and important. Simply having government representatives responsible for disaster management at an ALNAP meeting debating how they could work better with international humanitarian actors was hugely symbolically significant and should lead to a process of improved dialogue between governments and international humanitarian actors. This paper combines a background paper published in advance of the ALNAP meeting held in November 2010 on the role of national governments with findings from that meeting.",,report,,2011-01-01,,,https://humanitarianoutcomes.org/publications/role-national-governments-international-humanitarian-response,,,,,,,,,,,,,,,,,,,Paul Harvey,,,,,,,,,1fe251a4-ed86-40b0-be14-ca863ee1d841,,,,,https://humanitarianoutcomes.org/sites/default/files/publications/meeting-paper-2011.pdf,en,,,,,,,,
Doing cash differently,,"The nature of humanitarian crises is changing. More people are in need and for longer. Today’s emergencies, both man-made and natural, are putting the humanitarian system under severe strain. We urgently need to invest in new approaches to protect the lives and dignity of those affected and to ensure aid is spent as efficiently as possible. This report shows why giving aid directly in the form of cash is often a highly effective way to reduce suffering and to make limited humanitarian aid budgets go further. the report.",,report,,2005-09-01,,,https://humanitarianoutcomes.org/publications/doing-cash-differently,,,,,,,,,,,,,,,,,,,Paul Harvey,,,,,,,,,1fe251a4-ed86-40b0-be14-ca863ee1d841,,,,,https://www.odi.org/sites/odi.org.uk/files/odi-assets/publications-opinion-files/9828.pdf,en,,,,,,,,
Cluster Approach Evaluation,,Published jointly by ODI's Humanitarian Policy Group and NYU's Center on International Coordination,,report,,2007-11-01,,,https://humanitarianoutcomes.org/publications/cluster-approach-evaluation,,,,,,,,,,,,,,,,,,,Abby Stoddard|Adele Harmer|Katherine Haver|Dirk Salamons|Victoria Wheeler,,,,,,,,,1fe251a4-ed86-40b0-be14-ca863ee1d841,,,,,https://humanitarianoutcomes.org/sites/default/files/publications/cluster_evaluation_report.pdf,en,,,,,,,,
International Humanitarian Financing: Review and comparative assessment of instruments,,This review was commissioned by the Office of U.S. Foreign Disaster Assistance on behalf of the Good Humanitarian Donorship initiative.,,report,,2008-07-01,,,https://humanitarianoutcomes.org/publications/international-humanitarian-financing-review-and-comparative-assessment-instruments,,,,,,,,,,,,,,,,,,,Abby Stoddard,,,,,,,,,1fe251a4-ed86-40b0-be14-ca863ee1d841,,,,,https://humanitarianoutcomes.org/sites/default/files/publications/humanitarianfinancingreview2008.pdf,en,,,,,,,,
Cash based response in emergencies,,"This paper is the final product of a three-year research project looking into when the option of giving people money instead of, or as well as, in-kind assistance is feasible and appropriate.Download the report .",,report,,2007-01-01,,,https://humanitarianoutcomes.org/publications/cash-based-response-emergencies,,,,,,,,,,,,,,,,,,,Paul Harvey,,,,,,,,,1fe251a4-ed86-40b0-be14-ca863ee1d841,,,,,https://www.odi.org/sites/odi.org.uk/files/odi-assets/publications-opinion-files/265.pdf,en,,,,,,,,
Preventing corruption in humanitarian assistance,,"This report describes research on the problem of corruption in humanitarian assistance, carried out in 2007 and 2008 by the Feinstein International Center of Tufts University (FIC) in collaboration with the Humanitarian Policy Group (HPG) at the Overseas Development Institute in London (ODI) and the sponsoring organization, Transparency International (TI). Seven major international humanitarian NGOs volunteered to be part of the project and allowed researchers access to their headquarters staff and documentation along with similar access to field programs in seven crisis affected countries.",,report,,2008-07-01,,,https://humanitarianoutcomes.org/publications/preventing-corruption-humanitarian-assistance,,,,,,,,,,,,,,,,,,,Paul Harvey,,,,,,,,,1fe251a4-ed86-40b0-be14-ca863ee1d841,,,,,https://humanitarianoutcomes.org/sites/default/files/publications/preventingcorruptioninhumanitarianassistance_2.pdf,en,,,,,,,,
Providing aid in insecure environments - Brief,,"Up to now there has been no comprehensive empirical analysis to support or refute the claims of increasing violence against aid workers relative to their numbers in the field. To address this issue, the Center on International Cooperation (CIC) and the Humanitarian Policy Group (HPG) launched a joint study in 2004 to provide a quantitative analysis of the changing security environment for civilian aid operations, and to examine related trends in security policy and operations over the last decade.",,report,,2006-09-01,,,https://humanitarianoutcomes.org/publications/providing-aid-insecure-environments-brief,,,,,,,,,,,,,,,,,,,Abby Stoddard|Adele Harmer|Katherine Haver,,,,,,,,,1fe251a4-ed86-40b0-be14-ca863ee1d841,,,,,https://humanitarianoutcomes.org/sites/default/files/publications/providingaidininsecureenvironments-brief_2.pdf,en,,,,,,,,
Providing aid in insecure environments: trends in policy and operations - full report,,"This report presents findings from a two-year study examining aid in insecure environments. Drawing on the most comprehensive global dataset to date of major reported incidents of violence against aid workers from 1997 to 2005, it provides a quantitative analysis of the changing security environment for civilian aid operations. It then examines the related trends in policy and operations over the last decade, in particular how perceptions of increased risk to aid operations have affected the development of security measures. Lastly, it explores the way in which aid operations have adapted to working in highly insecure contexts through a growing reliance on national staff.",,report,,2006-09-01,,,https://humanitarianoutcomes.org/publications/providing-aid-insecure-environments-trends-policy-and-operations-full-report,,,,,,,,,,,,,,,,,,,Abby Stoddard|Adele Harmer|Katherine Haver,,,,,,,,,1fe251a4-ed86-40b0-be14-ca863ee1d841,,,,,https://humanitarianoutcomes.org/sites/default/files/publications/providingaidininsecureenvironments-full.pdf,en,,,,,,,,
